activity_id,acct_num,activity_type,occurred_at,amount,currency,description
ACT-0003710,10751,Payment,2024-08-26T09:30:00Z,1475.0,USD,renewal discussion
ACT-0004777,10966,Invoice,2026-01-20T14:47:00Z,5725,USD,portal login
ACT-0003120,10632,Call,2021-03-18T11:07:00Z,,,renewal discussion
ACT-0004600,10929,Note,2022-10-15T15:59:00Z,,,
ACT-0001178,10239,Invoice,2025-12-08 18:31:00-05:00,-,USD,renewal discussion
ACT-0001891,10391,INVOICE,05/28/2025 08:56,3250,USD,escalated: parts delay
ACT-0000306,10062,Invoice,2025-12-24 14:45:00-05:00,-,USD,escalated: parts delay
ACT-0001756,10361,Note,2025-07-01T08:36:00Z,,,escalated: parts delay
ACT-0003135,10636,Login,2025-06-17T13:48:00Z,,,
ACT-0004225,10855,Invoice,01/04/2020 12:54,-,USD,escalated: parts delay
ACT-0001196,10243,Invoice,02/08/2019 10:42,9250.0,USD,monthly invoice
ACT-0002723,10554,Ticket,09/19/2024 18:05,,,monthly invoice
ACT-0000678,10140,Payment,2017-11-24T16:02:00Z,"3,750.00",USD,monthly invoice
ACT-0001489,10307,Payment,2026-03-14 09:46:00-05:00,"3,100.00",USD,portal login
ACT-0004055,10820,Invoice,2026-05-16 08:17:00-05:00,"7,725.00",USD,escalated: parts delay
ACT-0003375,10684,Payment,2025-08-29T12:11:00Z,2325.0,USD,monthly invoice
ACT-0000820,10167,Note,12-Oct-2021 02:21 PM,,,portal login
ACT-0001389,10286,Payment,2023-05-07 19:28:00-05:00,-,USD,payment received
ACT-0004283,10867,Login,2025-12-28T18:49:00Z,,,monthly invoice
ACT-0000330,10067,Payment,2021-09-18T18:13:00Z,8600,USD,renewal discussion
ACT-0000204,10040,Ticket,29-Oct-2023 06:59 PM,,,
ACT-0001407,10291,Invoice,2024-12-05 17:34:00-05:00,8050,USD,escalated: parts delay
ACT-0004356,10882,Invoice,2019-01-16T19:04:00Z,"8,500.00",USD,renewal discussion
ACT-0000774,10158,Payment,2017-10-23T07:58:00Z,-,USD,
ACT-0000854,10176,Ticket,2026-02-04T14:24:00Z,,,
ACT-0001602,10330,Invoice,2022-07-26T12:49:00Z,"2,100.00",USD,escalated: parts delay
ACT-0002451,10503,Invoice,04/17/2018 11:41,5550.0,USD,monthly invoice
ACT-0001991,10411,Login,2024-09-07T12:05:00Z,,,renewal discussion
ACT-0002198,10453,Support Ticket,24-Oct-2018 06:00 PM,,,renewal discussion
ACT-0001124,10228,Payment,08/22/2025 18:07,3725,USD,portal login
ACT-0003455,10701,Ticket,2022-06-20T10:39:00Z,,,monthly invoice
ACT-0004626,10932,Support Ticket,2018-04-20T17:29:00Z,,,renewal discussion
ACT-0000568,10116,Note,05/28/2026 10:26,,,
ACT-0000243,10048,Note,11/01/2023 16:24,,,escalated: parts delay
ACT-0000554,10113,Payment,2025-11-21 11:49:00-05:00,"2,275.00",USD,monthly invoice
ACT-0000336,10069,Invoice,2019-01-29 15:27:00-05:00,"3,325.00",USD,portal login
ACT-0002245,10463,Payment,2023-11-08T09:24:00Z,"7,975.00",USD,monthly invoice
ACT-0004132,10835,Payment,2023-11-24T16:01:00Z,"1,775.00",USD,escalated: parts delay
ACT-0002182,10450,INVOICE,2021-05-07T10:11:00Z,7100.0,USD,
ACT-0002027,10420,Payment,2023-02-13T14:31:00Z,-,USD,payment received
ACT-0002121,10438,Invoice,2024-03-10T13:12:00Z,1500.0,USD,escalated: parts delay
ACT-0002419,10497,Invoice,15-Jul-2026 11:55 AM,-,USD,
ACT-0001925,10400,Support Ticket,2021-10-27T10:52:00Z,,,portal login
ACT-0002928,10594,Ticket,2017-12-13 09:50:00-05:00,,,asked about seat pricing
ACT-0000606,10124,Call,2020-08-01T08:40:00Z,,,
ACT-0000949,10194,Invoice,10/24/2021 09:57,-,USD,escalated: parts delay
ACT-0000891,10184,Payment,03/06/2026 17:42,3450.0,USD,payment received
ACT-0003282,10666,Payment,2026-08-02T18:57:00Z,"7,000.00",USD,portal login
ACT-0004489,10908,Ticket,25-Apr-2019 05:34 PM,,,monthly invoice
ACT-0000246,10048,Invoice,2024-05-14T09:17:00Z,"9,875.00",USD,portal login
ACT-0000335,10069,Note,27-Jan-2019 08:03 AM,,,monthly invoice
ACT-0000669,10138,Invoice,15-Feb-2021 04:49 PM,1075,USD,payment received
ACT-0004804,10973,Login,2024-05-06T10:16:00Z,,,
ACT-0002997,10607,Invoice,2022-04-13T09:08:00Z,-,USD,portal login
ACT-0001799,10371,Login,2025-08-22T19:29:00Z,,,
ACT-0001214,10248,Invoice,2023-07-22T17:51:00Z,-,USD,monthly invoice
ACT-0003662,10740,Ticket,2025-10-30T13:44:00Z,,,payment received
ACT-0004181,10847,Ticket,2019-10-29 10:17:00-05:00,,,payment received
ACT-0000258,10051,Invoice,2024-02-08T08:30:00Z,1000,USD,
ACT-0000024,10004,Login,2024-09-20 18:11:00-05:00,,,renewal discussion
ACT-0001835,10378,Login,05/26/2020 15:00,,,portal login
ACT-0004554,10919,Note,06/22/2025 14:11,,,asked about seat pricing
ACT-0002068,10427,Ticket,2020-01-25 14:32:00-05:00,,,asked about seat pricing
ACT-0000124,10025,Invoice,2018-08-10T13:54:00Z,4500.0,USD,
ACT-0002663,10542,Invoice,11/22/2019 15:24,4875.0,USD,
ACT-0002761,10563,Ticket,07/05/2024 15:26,,,portal login
ACT-0003876,10784,Invoice,01/04/2026 07:43,"9,600.00",USD,asked about seat pricing
ACT-0004076,10824,Call,10/28/2021 13:52,,,monthly invoice
ACT-0002655,10541,Invoice,01/21/2021 08:07,8225,USD,monthly invoice
ACT-0003045,10616,Login,04/03/2024 11:31,,,
ACT-0001776,10366,Invoice,2025-10-10T13:06:00Z,8675.0,USD,
ACT-0001226,10251,Support Ticket,01/27/2021 12:12,,,escalated: parts delay
ACT-0004311,10873,Login,03/25/2022 17:22,,,payment received
ACT-0003490,10708,Payment,06/09/2026 11:08,"8,275.00",USD,escalated: parts delay
ACT-0000466,10094,Payment,2025-09-02T16:16:00Z,-,USD,renewal discussion
ACT-0001907,10396,Payment,2024-10-13T13:15:00Z,"7,375.00",USD,
ACT-0001398,10289,Invoice,05/21/2026 07:34,-,USD,asked about seat pricing
ACT-0000005,10000,Login,2020-11-04T19:19:00Z,,,escalated: parts delay
ACT-0004135,10836,Support Ticket,2019-07-10T16:43:00Z,,,renewal discussion
ACT-0002876,10586,Invoice,2023-12-11T12:10:00Z,2150.0,USD,portal login
ACT-0003804,10770,Payment,2022-05-21T16:48:00Z,3175.0,USD,payment received
ACT-0001913,10398,Ticket,2025-09-28 16:17:00-05:00,,,
ACT-0003589,10726,Call,06/22/2026 18:53,,,payment received
ACT-0001311,10269,Invoice,2022-04-19T10:24:00Z,9900,USD,renewal discussion
ACT-0002168,10447,Payment,03/02/2025 15:16,"6,175.00",USD,renewal discussion
ACT-0000440,10089,Note,2024-11-05T14:19:00Z,,,
ACT-0003321,10674,Login,2020-07-23 10:04:00-05:00,,,monthly invoice
ACT-0000801,10164,Ticket,2023-07-31 18:26:00-05:00,,,portal login
ACT-0003944,10799,Ticket,01/11/2025 18:31,,,asked about seat pricing
ACT-0001744,10357,Invoice,2024-02-13T16:48:00Z,7125,USD,monthly invoice
ACT-0001930,10400,Support Ticket,07/02/2022 08:20,,,portal login
ACT-0002079,10429,Invoice,2023-11-10T12:01:00Z,-,USD,asked about seat pricing
ACT-0000544,10111,Payment,2024-01-19T19:47:00Z,-,USD,portal login
ACT-0000370,10076,Support Ticket,12/12/2025 13:35,,,payment received
ACT-0003830,10773,Note,2021-01-11T14:15:00Z,,,portal login
ACT-0002287,10470,Payment,2017-07-15T16:47:00Z,-,USD,asked about seat pricing
ACT-0002243,10463,Support Ticket,05/23/2023 17:17,,,
ACT-0004269,10863,Login,2020-02-19T19:34:00Z,,,escalated: parts delay
ACT-0003907,10790,Login,2022-01-05 14:10:00-05:00,,,monthly invoice
ACT-0000953,10195,Call,26-Nov-2024 03:32 PM,,,asked about seat pricing
ACT-0002159,10445,Invoice,07/28/2026 13:41,75.00,USD,escalated: parts delay
ACT-0002314,10477,Login,2024-12-07T16:39:00Z,,,
ACT-0004361,10883,Invoice,2021-05-09T09:01:00Z,7625,USD,
ACT-0001251,10257,Invoice,11/10/2022 11:25,-,USD,monthly invoice
ACT-0002896,10589,Invoice,2026-02-22T12:42:00Z,8125,USD,monthly invoice
ACT-0004701,10951,Note,04/23/2018 11:35,,,renewal discussion
ACT-0004493,10909,Ticket,2023-12-24T08:22:00Z,,,
ACT-0002092,10432,Payment,2023-05-18 13:49:00-05:00,3925,USD,renewal discussion
ACT-0000913,10187,Login,10/08/2018 15:11,,,monthly invoice
ACT-0003207,10649,Login,2023-11-14T10:07:00Z,,,monthly invoice
ACT-0004671,10944,Invoice,2024-09-15T18:34:00Z,-,USD,payment received
ACT-0004601,10929,Note,01/19/2025 10:19,,,portal login
ACT-0001747,10358,Ticket,2022-05-23T10:36:00Z,,,monthly invoice
ACT-0000922,10188,Call,2022-07-13T09:34:00Z,,,renewal discussion
ACT-0002323,10478,Login,2021-12-28T11:45:00Z,,,monthly invoice
ACT-0002017,10417,INVOICE,2020-05-15T18:03:00Z,1150,USD,monthly invoice
ACT-0000425,10086,Note,2026-07-17T18:24:00Z,,,escalated: parts delay
ACT-0001291,10265,Payment,2022-09-28 11:47:00-05:00,3475,USD,portal login
ACT-0001674,10344,Call,12/13/2025 18:08,,,
ACT-0001230,10252,Invoice,2024-05-27T09:57:00Z,9300.0,USD,monthly invoice
ACT-0002449,10503,Ticket,2024-05-01T09:27:00Z,,,
ACT-0000149,10029,Payment,01/27/2024 19:55,"6,200.00",USD,renewal discussion
ACT-0004435,10897,Payment,2019-06-11T09:40:00Z,"2,450.00",USD,asked about seat pricing
ACT-0004011,10813,Payment,2024-01-27T11:20:00Z,8525,USD,payment received
ACT-0000350,10073,Payment,2022-08-28 08:08:00-05:00,"3,025.00",USD,renewal discussion
ACT-0000265,10052,Payment,04/13/2021 16:48,"2,475.00",USD,escalated: parts delay
ACT-0004455,10901,Payment,2023-06-19T13:58:00Z,"7,775.00",USD,portal login
ACT-0003968,10804,Login,2025-09-01T18:12:00Z,,,escalated: parts delay
ACT-0000398,10080,Payment,2019-10-06T18:12:00Z,-,USD,
ACT-0002857,10581,Invoice,2025-09-16 18:26:00-05:00,-,USD,monthly invoice
ACT-0000080,10016,Note,2024-05-11T13:41:00Z,,,asked about seat pricing
ACT-0004226,10855,Invoice,2019-05-21T13:29:00Z,"6,150.00",USD,portal login
ACT-0001359,10278,Payment,01/19/2026 14:50,-,USD,escalated: parts delay
ACT-0003980,10807,Invoice,2022-05-26 16:12:00-05:00,-,USD,payment received
ACT-0001501,10309,Payment,2026-04-18T08:04:00Z,5275,USD,
ACT-0001341,10274,INVOICE,2021-10-29 19:22:00-05:00,-,USD,
ACT-0001860,10384,Payment,08/05/2023 12:14,950.0,USD,
ACT-0000296,10059,Note,2026-04-01T07:39:00Z,,,escalated: parts delay
ACT-0003071,10623,Payment,2020-08-25T12:35:00Z,"8,375.00",USD,
ACT-0000692,10142,Login,2019-04-17T14:05:00Z,,,payment received
ACT-0000742,10150,Ticket,2025-06-08T16:37:00Z,,,monthly invoice
ACT-0001955,10405,Payment,11-Aug-2024 09:00 AM,-,USD,
ACT-0004444,10898,Invoice,2022-09-14T07:04:00Z,5800.0,USD,escalated: parts delay
ACT-0002359,10486,Call,09/28/2017 07:54,,,
ACT-0001494,10308,Invoice,14-Mar-2023 08:03 AM,7500.0,USD,escalated: parts delay
ACT-0001586,10327,Login,08-Jul-2026 01:38 PM,,,monthly invoice
ACT-0002277,10469,Invoice,2025-08-06T09:35:00Z,5975,USD,
ACT-0004170,10844,Invoice,2025-09-08T08:17:00Z,4225,USD,payment received
ACT-0002170,10447,Invoice,2023-10-18T09:44:00Z,8450.0,USD,monthly invoice
ACT-0000046,10009,Invoice,2021-10-27T12:35:00Z,"8,075.00",USD,portal login
ACT-0002269,10467,Invoice,2023-01-19T19:29:00Z,"1,850.00",USD,
ACT-0000079,10016,Login,2024-05-17T15:42:00Z,,,asked about seat pricing
ACT-0000415,10084,Login,2024-01-26T11:18:00Z,,,payment received
ACT-0004175,10846,Invoice,08/26/2025 17:46,"3,500.00",USD,monthly invoice
ACT-0002148,10442,Invoice,2019-09-08T15:34:00Z,4400,USD,asked about seat pricing
ACT-0002112,10437,Payment,2023-12-24T10:52:00Z,2500.0,USD,monthly invoice
ACT-0004049,10820,Support Ticket,2026-04-28T13:59:00Z,,,renewal discussion
ACT-0002089,10431,Invoice,2023-05-18T19:55:00Z,"9,650.00",USD,escalated: parts delay
ACT-0000872,10181,Login,2025-04-07T17:07:00Z,,,asked about seat pricing
ACT-0002692,10548,Login,2025-10-05T14:37:00Z,,,asked about seat pricing
ACT-0002249,10464,Invoice,2023-02-05T16:15:00Z,2400,USD,asked about seat pricing
ACT-0004273,10864,Ticket,07/15/2022 19:13,,,
ACT-0004454,10901,Payment,2024-07-15T19:09:00Z,75.0,USD,payment received
ACT-0000294,10059,INVOICE,2026-05-17T10:02:00Z,3175.0,USD,escalated: parts delay
ACT-0003131,10635,Support Ticket,02-Apr-2026 04:58 PM,,,escalated: parts delay
ACT-0000650,10134,Invoice,2022-06-28T17:49:00Z,-,USD,
ACT-0000128,10026,Support Ticket,2022-05-08T19:05:00Z,,,renewal discussion
ACT-0001847,10380,Payment,02/18/2025 16:26,-,USD,monthly invoice
ACT-0004065,10822,Invoice,11/16/2018 15:13,"1,250.00",USD,payment received
ACT-0004741,10960,Note,2024-02-01 08:23:00-05:00,,,
ACT-0002468,10506,Note,2022-09-19 11:38:00-05:00,,,payment received
ACT-0002043,10423,Payment,07/25/2023 15:12,6050,USD,asked about seat pricing
ACT-0002813,10574,Invoice,2024-10-11T15:15:00Z,"6,325.00",USD,monthly invoice
ACT-0001915,10398,Support Ticket,2026-01-05T14:44:00Z,,,asked about seat pricing
ACT-0001317,10270,Invoice,2024-08-19T19:00:00Z,"2,775.00",USD,
ACT-0000596,10121,Invoice,04-Dec-2025 05:57 PM,"1,450.00",USD,monthly invoice
ACT-0002711,10551,Payment,2022-10-14T18:24:00Z,"6,775.00",USD,
ACT-0000257,10050,Login,2024-02-20T15:08:00Z,,,portal login
ACT-0001595,10329,Support Ticket,01/14/2026 17:24,,,monthly invoice
ACT-0003134,10635,Ticket,05/11/2026 16:52,,,monthly invoice
ACT-0003370,10683,Ticket,09/04/2022 17:53,,,
ACT-0001759,10361,Note,2025-07-16T09:10:00Z,,,asked about seat pricing
ACT-0003606,10729,Invoice,29-Apr-2020 05:42 PM,5625,USD,renewal discussion
ACT-0002128,10439,Ticket,2025-01-29T08:41:00Z,,,
ACT-0003440,10698,Invoice,09-Nov-2022 02:43 PM,"7,425.00",USD,asked about seat pricing
ACT-0003532,10716,Invoice,06/28/2023 11:43,9550.0,USD,renewal discussion
ACT-0004153,10840,Payment,2026-06-09T07:49:00Z,6625.0,USD,portal login
ACT-0001426,10296,Call,2021-08-01 16:14:00-05:00,,,portal login
ACT-0004821,10976,Login,2023-01-05T08:35:00Z,,,renewal discussion
ACT-0002922,10592,Call,01/04/2018 09:35,,,monthly invoice
ACT-0002874,10585,Login,2026-03-31T13:23:00Z,,,payment received
ACT-0004540,10917,Ticket,31-Jan-2024 10:28 AM,,,escalated: parts delay
ACT-0002596,10531,Login,02-Oct-2022 10:07 AM,,,renewal discussion
ACT-0002229,10459,Invoice,08-May-2026 01:32 PM,"7,075.00",USD,renewal discussion
ACT-0004064,10822,Login,2018-07-09T09:07:00Z,,,renewal discussion
ACT-0000160,10031,Note,2023-10-07T14:10:00Z,,,portal login
ACT-0000652,10134,Login,2019-11-17T14:18:00Z,,,renewal discussion
ACT-0001507,10310,Payment,28-Apr-2024 12:32 PM,5275.0,USD,
ACT-0003690,10747,Invoice,2025-12-07T10:02:00Z,"9,275.00",USD,monthly invoice
ACT-0000137,10027,Payment,2023-08-12T15:34:00Z,-,USD,escalated: parts delay
ACT-0004943,10999,Login,01-Mar-2022 11:53 AM,,,
ACT-0002893,10588,Invoice,2025-10-29T15:57:00Z,-,USD,renewal discussion
ACT-0000108,10022,Invoice,2019-03-25T08:55:00Z,-,USD,escalated: parts delay
ACT-0003414,10693,Login,2018-04-13T15:46:00Z,,,payment received
ACT-0001606,10330,Note,2023-02-24 11:49:00-05:00,,,payment received
ACT-0002169,10447,Support Ticket,2025-01-03 19:44:00-05:00,,,asked about seat pricing
ACT-0001202,10245,Payment,28-Oct-2022 09:16 AM,6275.0,USD,escalated: parts delay
ACT-0000679,10140,Payment,2017-03-09T13:52:00Z,-,USD,escalated: parts delay
ACT-0004105,10831,Support Ticket,2018-06-08T14:40:00Z,,,payment received
ACT-0002912,10591,Invoice,18-Feb-2022 04:48 PM,-,USD,escalated: parts delay
ACT-0001292,10266,Ticket,17-Feb-2026 09:05 AM,,,renewal discussion
ACT-0003814,10771,Ticket,2025-01-12T08:21:00Z,,,
ACT-0003732,10755,Invoice,21-Jul-2025 07:11 PM,-,USD,renewal discussion
ACT-0002658,10541,Login,04/09/2018 12:07,,,escalated: parts delay
ACT-0001408,10292,Login,2025-03-16T10:12:00Z,,,asked about seat pricing
ACT-0002180,10449,Invoice,2025-05-06T16:52:00Z,1825,USD,escalated: parts delay
ACT-0002958,10600,Payment,04/09/2023 19:59,6250,USD,asked about seat pricing
ACT-0002513,10515,Ticket,2022-08-13T18:37:00Z,,,escalated: parts delay
ACT-0003675,10743,Login,2020-08-04T11:52:00Z,,,
ACT-0000649,10134,Call,27-Sep-2021 10:57 AM,,,
ACT-0004136,10836,Invoice,23-Mar-2021 02:48 PM,4975.0,USD,
ACT-0003545,10718,Payment,03/26/2026 15:09,425.00,USD,escalated: parts delay
ACT-0004468,10904,Invoice,13-Sep-2023 11:10 AM,-,USD,portal login
ACT-0002146,10442,Support Ticket,2020-04-10 09:02:00-05:00,,,
ACT-0003303,10670,Ticket,2023-12-03T08:58:00Z,,,monthly invoice
ACT-0003458,10702,Invoice,02-Feb-2022 10:47 AM,7375,USD,monthly invoice
ACT-0003443,10699,INVOICE,02-Sep-2022 02:30 PM,"4,350.00",USD,portal login
ACT-0003553,10720,Invoice,31-Jan-2021 04:34 PM,9700,USD,
ACT-0004411,10893,Note,2024-04-27T18:40:00Z,,,payment received
ACT-0001016,10209,Login,2024-08-27T14:21:00Z,,,asked about seat pricing
ACT-0004931,10996,Note,25-Mar-2023 07:43 PM,,,asked about seat pricing
ACT-0003264,10662,Invoice,2025-09-07T19:04:00Z,1075,USD,asked about seat pricing
ACT-0004712,10953,Support Ticket,2021-06-09T16:13:00Z,,,renewal discussion
ACT-0000445,10090,INVOICE,07/12/2023 16:39,4600,USD,
ACT-0002429,10499,Payment,02/01/2022 13:31,7050.0,USD,asked about seat pricing
ACT-0002840,10578,Payment,2024-09-01T11:42:00Z,8300.0,USD,renewal discussion
ACT-0003344,10679,Payment,2021-08-19T19:37:00Z,"2,075.00",USD,payment received
ACT-0002714,10551,Invoice,05/20/2024 18:05,1075.0,USD,
ACT-0003205,10648,Invoice,06/01/2024 11:07,4150.0,USD,payment received
ACT-0004125,10833,Ticket,2021-11-11T15:32:00Z,,,renewal discussion
ACT-0001704,10349,Login,08/10/2018 18:29,,,payment received
ACT-0004944,10999,Payment,07/13/2021 14:11,3675.0,USD,renewal discussion
ACT-0004018,10815,Payment,2019-10-02T09:24:00Z,"4,475.00",USD,asked about seat pricing
ACT-0000016,10003,Invoice,2021-04-24T16:47:00Z,1775.0,USD,
ACT-0001423,10295,Login,05/18/2026 16:05,,,
ACT-0002313,10477,Payment,2024-09-22T15:27:00Z,8450,USD,
ACT-0003912,10791,Login,2020-08-30T07:33:00Z,,,renewal discussion
ACT-0004097,10829,INVOICE,24-Jun-2021 07:06 PM,-,USD,payment received
ACT-0001168,10237,Login,12/21/2019 18:42,,,payment received
ACT-0000510,10105,Payment,2018-02-05T14:22:00Z,7325,USD,asked about seat pricing
ACT-0001733,10355,Login,2019-05-23 14:46:00-05:00,,,renewal discussion
ACT-0003552,10719,Payment,2021-01-11T14:17:00Z,7000,USD,
ACT-0002832,10577,Login,2025-07-29T13:35:00Z,,,monthly invoice
ACT-0002605,10532,Invoice,11/02/2025 12:19,1525,USD,payment received
ACT-0001997,10412,Payment,2022-03-10T09:47:00Z,-,USD,monthly invoice
ACT-0000226,10043,Ticket,2023-11-04T09:53:00Z,,,payment received
ACT-0004546,10918,Login,2019-09-02T19:48:00Z,,,
ACT-0000548,10111,Support Ticket,2023-02-28T09:28:00Z,,,escalated: parts delay
ACT-0004111,10831,Login,01/05/2018 16:04,,,portal login
ACT-0003064,10620,Login,04/24/2018 18:53,,,
ACT-0004063,10822,Call,2018-09-07T18:21:00Z,,,monthly invoice
ACT-0004628,10933,Invoice,2021-10-09T07:38:00Z,"6,475.00",USD,escalated: parts delay
ACT-0003663,10740,Payment,07/17/2025 09:28,5925.0,USD,payment received
ACT-0003213,10650,Invoice,2019-07-25T16:04:00Z,3150,USD,payment received
ACT-0002637,10537,INVOICE,03-Feb-2022 02:05 PM,7275.0,USD,renewal discussion
ACT-0004560,10922,Ticket,14-Aug-2024 11:51 AM,,,portal login
ACT-0002060,10426,Login,2026-01-12T18:11:00Z,,,
ACT-0002192,10451,Invoice,2022-01-06T07:51:00Z,"8,275.00",USD,asked about seat pricing
ACT-0000644,10133,Invoice,05/17/2024 13:58,-,USD,
ACT-0000925,10189,Invoice,06/24/2018 08:59,"3,525.00",USD,payment received
ACT-0004488,10908,Login,01-Sep-2019 12:34 PM,,,monthly invoice
ACT-0002682,10546,Payment,2020-06-26 19:16:00-05:00,1100.0,USD,portal login
ACT-0004582,10925,Login,2020-05-09T11:05:00Z,,,
ACT-0002432,10499,Call,2022-03-15T18:51:00Z,,,renewal discussion
ACT-0002090,10431,Ticket,17-Aug-2021 06:25 PM,,,renewal discussion
ACT-0003291,10668,Invoice,2025-06-02T12:55:00Z,8025,USD,asked about seat pricing
ACT-0001923,10399,Payment,09/17/2020 17:22,600,USD,renewal discussion
ACT-0002562,10523,Support Ticket,07-Jan-2026 08:46 AM,,,monthly invoice
ACT-0002137,10440,Invoice,09-May-2020 04:50 PM,"4,600.00",USD,portal login
ACT-0000176,10035,Login,2022-10-12 15:45:00-05:00,,,renewal discussion
ACT-0003638,10735,Ticket,2025-10-21T18:57:00Z,,,monthly invoice
ACT-0001824,10376,Payment,2022-05-03T15:58:00Z,"3,525.00",USD,asked about seat pricing
ACT-0002504,10513,Call,23-Aug-2023 05:47 PM,,,
ACT-0002100,10435,Invoice,02/02/2026 19:49,3850.0,USD,monthly invoice
ACT-0002281,10470,Invoice,29-Jan-2019 03:57 PM,2725.0,USD,portal login
ACT-0002766,10565,Payment,05/14/2020 18:24,2600.0,USD,monthly invoice
ACT-0001897,10393,Support Ticket,2022-11-25T19:01:00Z,,,escalated: parts delay
ACT-0000916,10187,Payment,30-Jul-2019 09:51 AM,"8,875.00",USD,asked about seat pricing
ACT-0001874,10388,INVOICE,2022-01-03T13:17:00Z,-,USD,portal login
ACT-0001845,10380,Payment,2024-10-24T14:28:00Z,2800.0,USD,escalated: parts delay
ACT-0001970,10407,Invoice,2020-01-24 17:58:00-05:00,-,USD,
ACT-0000850,10175,Invoice,08/03/2019 07:33,2400.0,USD,escalated: parts delay
ACT-0004575,10924,Invoice,2021-07-27T09:55:00Z,2125,USD,
ACT-0002672,10544,Invoice,2019-06-06T19:27:00Z,9150,USD,
ACT-0002487,10510,Invoice,2024-10-05T18:26:00Z,5875.0,USD,
ACT-0002616,10534,Payment,17-Aug-2020 08:18 AM,-,USD,
ACT-0004189,10848,Invoice,2022-10-24T08:56:00Z,-,USD,
ACT-0003821,10772,Payment,2018-01-07T12:19:00Z,"5,975.00",USD,asked about seat pricing
ACT-0001474,10304,Login,2025-06-17T10:16:00Z,,,
ACT-0003144,10637,Login,2021-01-27T12:16:00Z,,,portal login
ACT-0002317,10477,Ticket,02/22/2025 19:24,,,renewal discussion
ACT-0001203,10245,Invoice,2022-05-28 18:09:00-05:00,-,USD,
ACT-0002193,10451,Invoice,2023-09-02T07:32:00Z,"4,400.00",USD,renewal discussion
ACT-0003559,10720,Login,09/06/2018 19:17,,,monthly invoice
ACT-0003104,10629,Invoice,08/21/2022 10:23,-,USD,renewal discussion
ACT-0001868,10387,Login,2025-09-24T13:02:00Z,,,
ACT-0001445,10299,Support Ticket,2020-04-21T11:56:00Z,,,
ACT-0001374,10283,INVOICE,01/02/2021 18:52,1600.0,USD,portal login
ACT-0002396,10493,Support Ticket,05-Sep-2020 06:22 PM,,,renewal discussion
ACT-0000446,10090,Login,31-Dec-2023 03:12 PM,,,
ACT-0003116,10632,Invoice,2022-01-01T12:56:00Z,"3,625.00",USD,asked about seat pricing
ACT-0001535,10315,Payment,2022-01-03T11:21:00Z,2100,USD,
ACT-0000781,10159,Support Ticket,2024-10-03T18:07:00Z,,,asked about seat pricing
ACT-0003449,10700,Payment,29-Jan-2022 07:43 AM,4125,USD,escalated: parts delay
ACT-0000853,10176,Payment,2026-04-15T11:30:00Z,3100.0,USD,renewal discussion
ACT-0000827,10169,Payment,2019-06-02T16:53:00Z,-,USD,asked about seat pricing
ACT-0004595,10928,Note,27-May-2021 01:43 PM,,,renewal discussion
ACT-0003796,10768,INVOICE,2020-06-27T09:17:00Z,200.00,USD,renewal discussion
ACT-0002420,10497,Payment,2026-06-11T10:07:00Z,"3,675.00",USD,portal login
ACT-0002435,10500,Ticket,03/26/2022 14:58,,,
ACT-0004264,10863,Login,06/21/2020 11:48,,,monthly invoice
ACT-0000866,10180,Login,23-May-2022 02:57 PM,,,
ACT-0002402,10494,Login,2026-04-13T12:44:00Z,,,renewal discussion
ACT-0004475,10905,Invoice,06/10/2023 15:59,"4,375.00",USD,monthly invoice
ACT-0001173,10239,Invoice,2025-09-27T19:14:00Z,-,USD,
ACT-0003629,10733,Payment,07/10/2021 15:50,"6,450.00",USD,monthly invoice
ACT-0001109,10226,Note,28-Jun-2022 02:26 PM,,,escalated: parts delay
ACT-0003625,10733,Payment,04/23/2021 10:05,5375,USD,
ACT-0001679,10344,INVOICE,2026-04-10T13:14:00Z,-,USD,renewal discussion
ACT-0004861,10983,Payment,05/30/2017 11:28,6425.0,USD,monthly invoice
ACT-0001153,10235,Call,2025-12-18T13:24:00Z,,,
ACT-0002408,10495,Payment,2023-04-04T07:05:00Z,3725,USD,monthly invoice
ACT-0002576,10525,Login,2026-06-17T18:54:00Z,,,renewal discussion
ACT-0003504,10710,Invoice,2025-01-16T19:08:00Z,425.0,USD,asked about seat pricing
ACT-0004044,10819,Login,2020-01-04 12:13:00-05:00,,,asked about seat pricing
ACT-0001953,10404,Payment,04/07/2025 16:02,3675,USD,escalated: parts delay
ACT-0001682,10345,INVOICE,02/06/2025 18:18,-,USD,portal login
ACT-0002638,10537,Login,01-Feb-2019 12:54 PM,,,payment received
ACT-0002311,10476,Support Ticket,31-May-2026 04:35 PM,,,escalated: parts delay
ACT-0003600,10728,Note,2019-08-31T18:40:00Z,,,
ACT-0004035,10817,Call,2024-02-12 07:52:00-05:00,,,payment received
ACT-0002206,10454,Payment,26-Mar-2025 04:11 PM,-,USD,portal login
ACT-0002176,10448,Payment,2024-04-13T14:14:00Z,"2,800.00",USD,payment received
ACT-0003473,10705,Payment,2022-08-18T10:37:00Z,6850,USD,asked about seat pricing
ACT-0003774,10763,Login,2022-01-12 15:24:00-05:00,,,monthly invoice
ACT-0001901,10394,Invoice,2021-11-10T19:44:00Z,"7,475.00",USD,monthly invoice
ACT-0002370,10488,Invoice,2025-06-09T15:54:00Z,-,USD,renewal discussion
ACT-0003756,10760,Support Ticket,03/10/2022 11:33,,,portal login
ACT-0003823,10772,Login,2019-09-29T15:37:00Z,,,escalated: parts delay
ACT-0003384,10686,Invoice,2018-08-16T12:41:00Z,6000.0,USD,payment received
ACT-0001428,10296,Payment,01/26/2021 15:32,-,USD,renewal discussion
ACT-0000732,10148,Invoice,29-Apr-2021 04:05 PM,1275,USD,
ACT-0000023,10004,Invoice,03-Oct-2020 04:37 PM,"1,025.00",USD,
ACT-0002177,10448,Payment,2025-01-31 18:38:00-05:00,5775,USD,payment received
ACT-0000670,10138,Support Ticket,2022-02-23 12:35:00-05:00,,,escalated: parts delay
ACT-0004922,10995,Payment,2020-06-25T07:18:00Z,7775,USD,asked about seat pricing
ACT-0002270,10467,Invoice,01-May-2023 11:36 AM,"5,500.00",USD,
ACT-0002538,10519,Login,2023-06-24T18:32:00Z,,,portal login
ACT-0000557,10114,Note,2025-05-19 15:08:00-05:00,,,
ACT-0003222,10652,Ticket,2019-08-28 08:08:00-05:00,,,escalated: parts delay
ACT-0002447,10503,Invoice,2025-04-04T18:18:00Z,-,USD,monthly invoice
ACT-0000645,10133,Login,2023-08-25T14:44:00Z,,,asked about seat pricing
ACT-0003836,10775,Ticket,2024-12-24T13:15:00Z,,,escalated: parts delay
ACT-0000514,10105,Payment,30-May-2019 01:24 PM,5825,USD,
ACT-0000211,10041,Invoice,01/04/2022 19:21,"5,300.00",USD,
ACT-0000297,10060,Login,2019-07-30T14:12:00Z,,,monthly invoice
ACT-0003022,10612,Support Ticket,2022-11-07T10:48:00Z,,,escalated: parts delay
ACT-0001807,10372,Support Ticket,02-Oct-2019 07:29 PM,,,payment received
ACT-0004905,10991,Login,03/21/2026 08:59,,,
ACT-0003658,10740,Payment,10-Jul-2025 07:56 PM,2375.0,USD,asked about seat pricing
ACT-0004260,10862,Call,2018-04-02T11:52:00Z,,,renewal discussion
ACT-0003163,10641,Note,09/04/2021 13:21,,,portal login
ACT-0000092,10019,Call,2024-12-05T12:54:00Z,,,escalated: parts delay
ACT-0000976,10201,Invoice,29-Jul-2025 10:28 AM,-,USD,
ACT-0004209,10851,Ticket,2017-09-24T12:07:00Z,,,portal login
ACT-0003999,10811,Login,13-May-2020 02:42 PM,,,escalated: parts delay
ACT-0004516,10913,Payment,02-Mar-2023 01:05 PM,8975,USD,escalated: parts delay
ACT-0000840,10172,Ticket,01-Aug-2024 03:44 PM,,,
ACT-0004480,10906,Ticket,2026-01-28T13:37:00Z,,,payment received
ACT-0003534,10717,Invoice,2021-12-12T12:56:00Z,-,USD,renewal discussion
ACT-0004197,10849,INVOICE,01/18/2025 09:33,6850.0,USD,
ACT-0001432,10297,Payment,30-Jan-2023 06:26 PM,"4,700.00",USD,renewal discussion
ACT-0002798,10571,Payment,2020-05-06T15:16:00Z,-,USD,escalated: parts delay
ACT-0000148,10029,Invoice,02/08/2022 19:48,3850.0,USD,renewal discussion
ACT-0003479,10705,Payment,2024-11-25T10:11:00Z,-,USD,asked about seat pricing
ACT-0003336,10677,Login,09-Aug-2022 01:11 PM,,,payment received
ACT-0003036,10614,Invoice,2022-08-20T07:37:00Z,975,USD,payment received
ACT-0000218,10042,Invoice,2023-06-06T10:00:00Z,4725.0,USD,escalated: parts delay
ACT-0002167,10447,Login,2023-09-22T10:08:00Z,,,portal login
ACT-0004318,10874,Note,2023-04-27T14:55:00Z,,,portal login
ACT-0002361,10487,Support Ticket,2022-04-18T10:46:00Z,,,asked about seat pricing
ACT-0002725,10555,Payment,25-Aug-2024 09:34 AM,"3,625.00",USD,asked about seat pricing
ACT-0003444,10699,Support Ticket,2022-04-27T08:53:00Z,,,payment received
ACT-0004935,10997,Support Ticket,2019-06-27T17:12:00Z,,,monthly invoice
ACT-0002154,10444,Call,2023-01-15T12:41:00Z,,,
ACT-0002126,10439,Note,2025-01-24 08:44:00-05:00,,,monthly invoice
ACT-0000056,10011,Payment,2023-07-31T17:29:00Z,7100,USD,escalated: parts delay
ACT-0004237,10858,Payment,07/31/2026 07:57,-,USD,
ACT-0002609,10533,Invoice,18-Mar-2023 07:50 AM,"8,500.00",USD,renewal discussion
ACT-0003514,10712,Payment,06-Apr-2024 09:12 AM,-,USD,
ACT-0000697,10142,Note,2018-05-01T17:52:00Z,,,
ACT-0001201,10244,Ticket,19-Nov-2021 02:46 PM,,,payment received
ACT-0004605,10929,Note,08/19/2021 07:59,,,escalated: parts delay
ACT-0000391,10079,Ticket,13-Mar-2019 09:47 AM,,,monthly invoice
ACT-0003617,10731,Payment,09/13/2022 19:55,4850,USD,payment received
ACT-0004528,10915,Login,2026-02-04T13:19:00Z,,,renewal discussion
ACT-0001906,10396,Ticket,2024-10-11T17:23:00Z,,,renewal discussion
ACT-0001151,10235,INVOICE,2025-11-11T10:30:00Z,"10,000.00",USD,asked about seat pricing
ACT-0002862,10583,Support Ticket,03/27/2025 08:47,,,
ACT-0004839,10979,Ticket,07/18/2025 12:55,,,payment received
ACT-0002555,10521,Invoice,2018-09-22T18:42:00Z,925.00,USD,monthly invoice
ACT-0004629,10933,Login,12/28/2021 07:05,,,
ACT-0004655,10941,Invoice,2025-10-28T07:40:00Z,2175,USD,monthly invoice
ACT-0001247,10256,Payment,09/19/2022 09:49,"5,875.00",USD,payment received
ACT-0001141,10231,Login,09/16/2024 18:57,,,asked about seat pricing
ACT-0000130,10027,Payment,2023-07-31 11:12:00-05:00,-,USD,portal login
ACT-0002397,10493,Call,2018-03-19T19:16:00Z,,,
ACT-0003088,10627,Invoice,2019-08-01T12:15:00Z,"1,725.00",USD,
ACT-0003393,10689,Ticket,2020-01-18T19:52:00Z,,,portal login
ACT-0000598,10122,Login,2020-02-21T18:19:00Z,,,payment received
ACT-0000954,10196,Invoice,2022-01-03 07:34:00-05:00,8900,USD,asked about seat pricing
ACT-0004032,10817,Payment,05/17/2025 11:15,5300.0,USD,monthly invoice
ACT-0001916,10398,Payment,2025-04-20 11:24:00-05:00,2325,USD,
ACT-0000763,10155,Ticket,2024-09-04T15:03:00Z,,,escalated: parts delay
ACT-0004479,10906,Payment,2026-05-02T10:51:00Z,5125,USD,renewal discussion
ACT-0000826,10169,Login,04/28/2019 18:23,,,payment received
ACT-0000608,10125,Payment,03-Oct-2023 02:51 PM,7725.0,USD,asked about seat pricing
ACT-0002715,10551,Invoice,2022-06-21T15:53:00Z,3900.0,USD,payment received
ACT-0000329,10066,Payment,08/10/2018 18:07,-,USD,
ACT-0002990,10605,Payment,2022-05-29T10:51:00Z,-,USD,asked about seat pricing
ACT-0004146,10838,Login,04/15/2025 10:45,,,monthly invoice
ACT-0001685,10345,Invoice,02/13/2025 17:05,3375.0,USD,monthly invoice
ACT-0003312,10672,Payment,2025-09-09T17:23:00Z,9750.0,USD,escalated: parts delay
ACT-0004670,10944,Login,2023-10-14T13:18:00Z,,,
ACT-0004252,10861,Payment,24-Nov-2024 06:04 PM,-,USD,portal login
ACT-0001208,10247,Support Ticket,2021-01-26 11:33:00-05:00,,,
ACT-0002815,10574,Payment,11/03/2025 19:37,3650.0,USD,portal login
ACT-0001769,10363,Invoice,2024-08-29T15:46:00Z,5475,USD,monthly invoice
ACT-0001831,10377,INVOICE,2017-08-28T07:32:00Z,4875,USD,
ACT-0003184,10644,Invoice,06/24/2025 16:50,10000,USD,
ACT-0004163,10843,Support Ticket,2021-10-29 15:05:00-05:00,,,escalated: parts delay
ACT-0000519,10106,Ticket,2018-08-11T11:45:00Z,,,
ACT-0003865,10782,Invoice,2022-02-27T14:58:00Z,3875.0,USD,asked about seat pricing
ACT-0000508,10104,Payment,06/07/2018 09:33,7975,USD,monthly invoice
ACT-0002987,10605,Invoice,2024-08-09 16:38:00-05:00,9575,USD,asked about seat pricing
ACT-0001921,10399,Support Ticket,03/19/2020 13:27,,,portal login
ACT-0004631,10933,Call,2022-05-27T12:51:00Z,,,payment received
ACT-0003317,10674,Payment,2020-03-28T18:03:00Z,"3,275.00",USD,monthly invoice
ACT-0004292,10869,Login,2022-08-26T16:49:00Z,,,
ACT-0000439,10089,Note,09/11/2024 09:42,,,
ACT-0003432,10697,Invoice,2021-07-31T18:02:00Z,"2,825.00",USD,
ACT-0002727,10555,Login,2018-12-11T11:10:00Z,,,portal login
ACT-0004295,10870,Payment,2024-02-18T09:15:00Z,1650,USD,monthly invoice
ACT-0000831,10170,Support Ticket,17-Mar-2025 07:47 AM,,,
ACT-0004657,10941,Payment,2024-08-26T09:09:00Z,3000.0,USD,payment received
ACT-0002236,10462,Support Ticket,10/24/2018 16:49,,,escalated: parts delay
ACT-0003453,10700,INVOICE,2022-10-17T17:58:00Z,"6,175.00",USD,monthly invoice
ACT-0004180,10847,Support Ticket,24-May-2020 08:36 AM,,,portal login
ACT-0000096,10019,Invoice,2025-12-21T14:40:00Z,5100,USD,renewal discussion
ACT-0000167,10033,Call,07/19/2022 16:49,,,asked about seat pricing
ACT-0001627,10333,Support Ticket,04/09/2025 17:16,,,escalated: parts delay
ACT-0002948,10597,INVOICE,23-Nov-2024 12:09 PM,-,USD,payment received
ACT-0002442,10502,Payment,2023-04-26T15:54:00Z,-,USD,payment received
ACT-0003154,10639,Invoice,08/25/2023 07:48,-,USD,
ACT-0003739,10757,INVOICE,2025-05-20T10:24:00Z,2750.0,USD,monthly invoice
ACT-0004387,10887,Note,03/15/2019 09:20,,,payment received
ACT-0002686,10546,Ticket,2019-08-25T13:16:00Z,,,escalated: parts delay
ACT-0001038,10212,Note,2022-10-07T12:21:00Z,,,
ACT-0000169,10033,Note,03/11/2021 19:41,,,monthly invoice
ACT-0001936,10402,Invoice,05/24/2023 18:40,2725.0,USD,asked about seat pricing
ACT-0004399,10891,Payment,2022-11-12 15:51:00-05:00,9525.0,USD,escalated: parts delay
ACT-0000343,10071,Ticket,2023-11-20 16:53:00-05:00,,,asked about seat pricing
ACT-0001264,10260,Login,07/14/2022 17:58,,,monthly invoice
ACT-0000714,10145,Invoice,06/23/2023 18:24,"8,850.00",USD,portal login
ACT-0000251,10049,Payment,09/18/2022 19:24,"2,150.00",USD,
ACT-0002671,10544,Payment,07/25/2020 18:02,1075,USD,escalated: parts delay
ACT-0003350,10679,Invoice,2021-07-01T10:46:00Z,-,USD,escalated: parts delay
ACT-0002722,10554,Ticket,2024-08-19T13:32:00Z,,,portal login
ACT-0003472,10704,Login,2022-01-28T17:14:00Z,,,
ACT-0001435,10297,Support Ticket,2020-06-16T12:27:00Z,,,monthly invoice
ACT-0001437,10297,Login,2022-02-07T15:40:00Z,,,
ACT-0001600,10329,Note,2026-01-14T13:58:00Z,,,portal login
ACT-0000534,10109,Call,2019-07-29 14:50:00-05:00,,,
ACT-0003480,10706,Call,2025-01-18T08:44:00Z,,,
ACT-0001967,10406,Payment,2019-10-21T12:22:00Z,-,USD,monthly invoice
ACT-0004568,10923,INVOICE,2024-09-28T11:19:00Z,"9,225.00",USD,
ACT-0003230,10654,Invoice,2026-02-24T07:28:00Z,7875.0,USD,monthly invoice
ACT-0001840,10379,Login,2018-09-18T09:18:00Z,,,renewal discussion
ACT-0001339,10274,Login,2022-08-20T07:27:00Z,,,payment received
ACT-0003959,10803,INVOICE,2020-01-20T12:31:00Z,"5,275.00",USD,
ACT-0004276,10865,Call,05/18/2019 11:46,,,monthly invoice
ACT-0002294,10472,Invoice,13-Mar-2026 11:39 AM,-,USD,portal login
ACT-0001031,10211,Note,26-Jun-2025 10:55 AM,,,
ACT-0002028,10420,Payment,2022-07-02T10:22:00Z,6125.0,USD,asked about seat pricing
ACT-0003826,10773,Ticket,2020-11-13T08:31:00Z,,,monthly invoice
ACT-0002724,10555,Invoice,2018-10-02T14:04:00Z,525.0,USD,escalated: parts delay
ACT-0003450,10700,Support Ticket,02/26/2023 07:47,,,
ACT-0004494,10909,Note,02/10/2024 13:37,,,payment received
ACT-0003636,10735,Login,14-Oct-2025 03:57 PM,,,payment received
ACT-0002123,10438,Payment,2024-05-02T08:54:00Z,-,USD,renewal discussion
ACT-0002635,10537,Support Ticket,11/04/2021 15:06,,,
ACT-0004280,10867,Ticket,2025-06-08 15:14:00-05:00,,,monthly invoice
ACT-0000248,10049,Invoice,2022-03-23 11:41:00-05:00,-,USD,escalated: parts delay
ACT-0000654,10135,Note,2018-08-14T13:24:00Z,,,portal login
ACT-0004402,10892,Invoice,2024-10-23T12:56:00Z,"7,350.00",USD,asked about seat pricing
ACT-0000171,10033,Support Ticket,06/03/2022 08:27,,,asked about seat pricing
ACT-0003237,10656,Note,2023-01-09T12:57:00Z,,,portal login
ACT-0004448,10899,Payment,01/03/2026 10:32,6475,USD,monthly invoice
ACT-0000771,10157,Payment,13-Feb-2021 07:35 PM,-,USD,escalated: parts delay
ACT-0002341,10482,INVOICE,2017-01-02T16:17:00Z,3700.0,USD,portal login
ACT-0004667,10944,Invoice,07/31/2024 12:48,"7,300.00",USD,payment received
ACT-0003031,10613,Note,2021-01-01T14:25:00Z,,,escalated: parts delay
ACT-0002693,10548,Payment,02-Oct-2025 03:16 PM,"6,175.00",USD,renewal discussion
ACT-0002552,10521,Invoice,2018-10-26T11:13:00Z,6000,USD,escalated: parts delay
ACT-0000758,10154,Invoice,12/27/2019 10:04,-,USD,
ACT-0002239,10462,Note,03/23/2019 08:49,,,
ACT-0002186,10450,Payment,2019-09-18T12:27:00Z,1475.0,USD,
ACT-0003605,10729,Invoice,2020-04-27 09:41:00-05:00,-,USD,portal login
ACT-0003920,10792,Note,2023-08-23T10:10:00Z,,,
ACT-0003169,10642,Payment,04/09/2025 07:17,6025,USD,
ACT-0002400,10494,Payment,04/14/2026 19:50,2525,USD,asked about seat pricing
ACT-0004651,10939,Payment,2025-08-11 09:40:00-05:00,5500.0,USD,asked about seat pricing
ACT-0002223,10458,Ticket,2017-11-25T19:22:00Z,,,portal login
ACT-0004535,10917,Invoice,10/02/2022 15:25,2550,USD,asked about seat pricing
ACT-0001192,10243,Support Ticket,04-May-2020 02:06 PM,,,escalated: parts delay
ACT-0001319,10270,Payment,07/25/2023 11:18,825.00,USD,payment received
ACT-0000460,10092,Payment,2022-02-07T11:21:00Z,5325,USD,
ACT-0000665,10137,Payment,2023-09-30T09:55:00Z,8075.0,USD,portal login
ACT-0001548,10318,Payment,2024-11-09T16:12:00Z,9750,USD,asked about seat pricing
ACT-0004392,10889,Login,2023-10-30T08:50:00Z,,,
ACT-0002749,10560,Support Ticket,2026-08-07T07:22:00Z,,,monthly invoice
ACT-0003981,10807,Payment,31-Oct-2023 10:18 AM,275.00,USD,payment received
ACT-0000861,10178,Invoice,2024-08-09 09:33:00-05:00,9875,USD,renewal discussion
ACT-0002325,10478,Invoice,26-Jan-2022 08:59 AM,9350,USD,portal login
ACT-0004619,10932,Ticket,2019-02-06T13:57:00Z,,,
ACT-0002268,10467,Payment,2023-05-25T13:41:00Z,7350.0,USD,
ACT-0000539,10110,INVOICE,2025-04-21 16:07:00-05:00,-,USD,
ACT-0002611,10533,Payment,2022-08-12T08:09:00Z,"4,875.00",USD,
ACT-0001735,10355,Ticket,16-Jan-2019 03:28 PM,,,payment received
ACT-0000802,10164,Payment,2022-06-07T13:52:00Z,-,USD,asked about seat pricing
ACT-0002007,10414,Invoice,31-Mar-2026 05:28 PM,7100,USD,
ACT-0003750,10759,Payment,2019-11-27 13:34:00-05:00,-,USD,escalated: parts delay
ACT-0001377,10283,Invoice,11/22/2022 16:06,-,USD,portal login
ACT-0003758,10760,INVOICE,2022-01-17T12:25:00Z,-,USD,portal login
ACT-0004773,10966,Invoice,2026-01-16T15:20:00Z,-,USD,renewal discussion
ACT-0002597,10531,Ticket,2020-10-31T15:53:00Z,,,
ACT-0002921,10592,Support Ticket,2017-12-06T08:23:00Z,,,asked about seat pricing
ACT-0003644,10736,Call,19-Jan-2026 10:35 AM,,,payment received
ACT-0002160,10446,Payment,2019-01-09T19:34:00Z,7050.0,USD,monthly invoice
ACT-0004248,10860,Payment,09/16/2022 07:41,8750.0,USD,
ACT-0003006,10609,Invoice,2022-12-10T19:06:00Z,4875.0,USD,monthly invoice
ACT-0002222,10458,Invoice,2018-03-18T18:44:00Z,5550.0,USD,payment received
ACT-0002076,10428,Payment,2022-11-07T14:58:00Z,7150,USD,monthly invoice
ACT-0003792,10767,Support Ticket,2019-10-14 13:11:00-05:00,,,payment received
ACT-0002002,10413,Invoice,2025-11-03T18:43:00Z,8500,USD,monthly invoice
ACT-0003192,10645,Call,2020-06-11T16:56:00Z,,,portal login
ACT-0002975,10603,Login,06/18/2018 17:11,,,
ACT-0000027,10005,Support Ticket,03-May-2025 12:33 PM,,,portal login
ACT-0003562,10721,Invoice,09/02/2020 09:50,-,USD,monthly invoice
ACT-0002756,10563,Payment,2024-09-30T19:57:00Z,"2,600.00",USD,monthly invoice
ACT-0004299,10870,Note,09/19/2023 08:00,,,asked about seat pricing
ACT-0004143,10837,Invoice,2023-07-24T09:09:00Z,5250.0,USD,renewal discussion
ACT-0000045,10009,Support Ticket,2018-01-16T17:14:00Z,,,
ACT-0001829,10377,Payment,2017-05-10T11:56:00Z,"4,650.00",USD,payment received
ACT-0003889,10787,Login,2023-02-14T07:56:00Z,,,payment received
ACT-0004196,10849,Invoice,2025-06-11T12:27:00Z,-,USD,asked about seat pricing
ACT-0004162,10843,Payment,02/23/2022 15:33,"6,125.00",USD,
ACT-0003332,10677,Login,29-Jan-2024 07:32 PM,,,
ACT-0003095,10628,Payment,15-Apr-2022 03:59 PM,2975.0,USD,
ACT-0000793,10162,Invoice,2025-12-29T07:24:00Z,2975,USD,renewal discussion
ACT-0004138,10836,Payment,23-Oct-2023 04:27 PM,-,USD,monthly invoice
ACT-0003366,10683,Note,09/22/2022 12:16,,,asked about seat pricing
ACT-0001559,10321,Ticket,2021-07-16T15:41:00Z,,,
ACT-0001468,10302,Invoice,07/26/2024 07:52,-,USD,monthly invoice
ACT-0001402,10289,Invoice,2026-06-14T17:14:00Z,-,USD,asked about seat pricing
ACT-0002933,10594,Invoice,12/05/2017 17:19,7375,USD,payment received
ACT-0002426,10498,Invoice,2022-05-16T11:58:00Z,9050.0,USD,renewal discussion
ACT-0003194,10645,Invoice,06-Nov-2020 08:40 AM,975,USD,escalated: parts delay
ACT-0003360,10682,Login,2019-03-07T17:51:00Z,,,
ACT-0000767,10156,Note,2022-12-22T10:37:00Z,,,portal login
ACT-0003616,10731,Call,12/25/2022 14:45,,,payment received
ACT-0002272,10468,Payment,01/10/2019 12:46,-,USD,
ACT-0004908,10991,Payment,2026-03-21T12:44:00Z,"5,950.00",USD,renewal discussion
ACT-0002006,10414,Invoice,2025-08-09T10:18:00Z,6975,USD,asked about seat pricing
ACT-0003661,10740,INVOICE,07/05/2025 07:50,2050,USD,escalated: parts delay
ACT-0001097,10224,Login,2022-03-26T07:19:00Z,,,
ACT-0002454,10503,Invoice,2025-06-29T13:35:00Z,"1,625.00",USD,asked about seat pricing
ACT-0001318,10270,Login,2024-04-07T07:07:00Z,,,asked about seat pricing
ACT-0000065,10013,Call,26-Apr-2019 07:10 AM,,,payment received
ACT-0001722,10352,Invoice,2023-08-09T12:47:00Z,8025,USD,escalated: parts delay
ACT-0003477,10705,Invoice,2023-09-28T18:34:00Z,3500,USD,portal login
ACT-0003253,10659,Ticket,15-Sep-2023 02:19 PM,,,
ACT-0001656,10340,Login,2018-05-23T11:04:00Z,,,asked about seat pricing
ACT-0004835,10978,Invoice,05/22/2019 10:53,-,USD,
ACT-0000777,10159,Invoice,2024-12-07T10:51:00Z,"4,075.00",USD,payment received
ACT-0000695,10142,Support Ticket,2020-05-29T10:32:00Z,,,monthly invoice
ACT-0000789,10161,Invoice,2018-11-11T15:53:00Z,-,USD,
ACT-0000593,10120,Payment,2025-06-06T08:18:00Z,-,USD,portal login
ACT-0004316,10874,Support Ticket,11/13/2023 07:32,,,payment received
ACT-0000756,10154,Ticket,2022-07-14T19:50:00Z,,,escalated: parts delay
ACT-0003833,10774,Payment,2019-08-18T10:04:00Z,1500,USD,escalated: parts delay
ACT-0002642,10537,Login,07-Feb-2023 10:36 AM,,,renewal discussion
ACT-0001135,10231,Call,2025-08-28T08:10:00Z,,,escalated: parts delay
ACT-0003403,10691,Login,2025-09-07T07:53:00Z,,,asked about seat pricing
ACT-0000961,10197,Support Ticket,2023-01-30T16:35:00Z,,,
ACT-0002051,10425,Invoice,2025-01-25T18:21:00Z,9625.0,USD,renewal discussion
ACT-0002914,10591,Payment,02/10/2019 17:54,2500,USD,escalated: parts delay
ACT-0002648,10539,Support Ticket,2021-01-25T08:57:00Z,,,escalated: parts delay
ACT-0003722,10753,Ticket,2020-04-24T16:39:00Z,,,payment received
ACT-0002489,10510,Login,03/22/2023 09:38,,,escalated: parts delay
ACT-0004722,10955,Login,2023-06-29T11:56:00Z,,,asked about seat pricing
ACT-0001564,10322,Invoice,2024-12-12T09:10:00Z,4950.0,USD,payment received
ACT-0003402,10691,Ticket,2025-08-27 08:36:00-05:00,,,escalated: parts delay
ACT-0002582,10527,Note,26-Mar-2025 12:29 PM,,,
ACT-0002919,10592,Ticket,06/18/2017 15:19,,,
ACT-0004645,10937,INVOICE,15-Feb-2023 07:03 PM,-,USD,portal login
ACT-0000607,10125,Payment,13-Dec-2021 03:04 PM,"2,125.00",USD,portal login
ACT-0002676,10545,Invoice,2024-08-13T15:42:00Z,"8,625.00",USD,asked about seat pricing
ACT-0002561,10523,INVOICE,2025-10-20T17:08:00Z,-,USD,escalated: parts delay
ACT-0002759,10563,Login,2024-03-02T14:24:00Z,,,asked about seat pricing
ACT-0001092,10224,Payment,2023-02-13T18:28:00Z,-,USD,asked about seat pricing
ACT-0002430,10499,Login,27-Jan-2022 03:00 PM,,,renewal discussion
ACT-0004534,10916,INVOICE,2025-11-25T12:30:00Z,6200,USD,renewal discussion
ACT-0004709,10953,Invoice,10/18/2021 15:04,1875,USD,monthly invoice
ACT-0000900,10185,Ticket,2018-10-08T12:27:00Z,,,escalated: parts delay
ACT-0001604,10330,Login,2022-06-16T19:29:00Z,,,portal login
ACT-0001806,10371,Ticket,09-Nov-2025 01:21 PM,,,
ACT-0004308,10872,Note,13-Aug-2019 01:40 PM,,,
ACT-0001118,10227,Payment,2026-01-12T07:53:00Z,"8,675.00",USD,renewal discussion
ACT-0001007,10207,Ticket,03/13/2022 09:21,,,monthly invoice
ACT-0000487,10099,Invoice,2025-09-06T09:47:00Z,400.00,USD,monthly invoice
ACT-0002289,10471,Login,2022-12-25 12:19:00-05:00,,,portal login
ACT-0001928,10400,Invoice,11/08/2021 11:14,"7,300.00",USD,
ACT-0001502,10309,Note,18-May-2026 07:50 PM,,,portal login
ACT-0004004,10812,Payment,2025-01-24T11:31:00Z,"4,100.00",USD,renewal discussion
ACT-0000991,10204,Note,2020-09-19T17:52:00Z,,,portal login
ACT-0000088,10018,Note,2026-07-17 12:08:00-05:00,,,
ACT-0001540,10316,Ticket,2025-08-10T11:40:00Z,,,asked about seat pricing
ACT-0001225,10251,INVOICE,2020-08-22T14:22:00Z,5750,USD,
ACT-0000322,10064,Ticket,09/12/2023 15:06,,,asked about seat pricing
ACT-0000233,10045,Ticket,09/26/2025 14:37,,,escalated: parts delay
ACT-0004728,10958,Login,2022-03-11T12:02:00Z,,,
ACT-0001299,10267,Invoice,2023-01-23T15:02:00Z,-,USD,portal login
ACT-0003953,10802,Payment,28-Feb-2025 07:12 PM,"8,425.00",USD,monthly invoice
ACT-0001138,10231,Invoice,2024-12-14T11:22:00Z,6125,USD,
ACT-0002520,10516,Call,2022-01-12T07:00:00Z,,,escalated: parts delay
ACT-0001870,10387,Ticket,02-Feb-2026 11:41 AM,,,escalated: parts delay
ACT-0002577,10526,Note,08/23/2020 17:02,,,payment received
ACT-0000562,10115,Support Ticket,2021-02-02T08:20:00Z,,,portal login
ACT-0002947,10597,Login,2024-11-19T07:45:00Z,,,monthly invoice
ACT-0003035,10614,Login,2022-08-22T18:30:00Z,,,renewal discussion
ACT-0002587,10528,Invoice,2018-09-20T13:37:00Z,-,USD,
ACT-0003765,10761,Payment,2022-04-08T09:55:00Z,"6,450.00",USD,monthly invoice
ACT-0004312,10873,Payment,2024-01-25T11:58:00Z,5025,USD,renewal discussion
ACT-0003645,10736,Login,01/04/2024 12:34,,,asked about seat pricing
ACT-0003828,10773,Support Ticket,30-Aug-2022 03:26 PM,,,
ACT-0002096,10434,Note,2024-02-01 15:05:00-05:00,,,renewal discussion
ACT-0003601,10729,Invoice,2020-01-29T17:20:00Z,"7,800.00",USD,monthly invoice
ACT-0001314,10269,Support Ticket,07/30/2023 18:35,,,renewal discussion
ACT-0002560,10522,Ticket,2026-05-26T10:44:00Z,,,
ACT-0003955,10802,Support Ticket,2026-02-08T07:06:00Z,,,payment received
ACT-0003355,10680,Login,04-Mar-2026 07:05 PM,,,portal login
ACT-0004561,10922,Login,06/03/2024 19:26,,,escalated: parts delay
ACT-0003114,10632,Payment,26-May-2022 07:08 AM,9175.0,USD,asked about seat pricing
ACT-0001480,10305,Note,11/10/2020 16:06,,,monthly invoice
ACT-0004660,10941,Ticket,2024-04-24T07:52:00Z,,,
ACT-0003408,10692,Login,2024-09-06 15:27:00-05:00,,,
ACT-0003932,10796,Note,2023-02-15T19:58:00Z,,,renewal discussion
ACT-0004369,10884,Login,2025-02-22T08:18:00Z,,,portal login
ACT-0001969,10407,INVOICE,2020-05-05T11:56:00Z,9175,USD,
ACT-0004947,10999,Invoice,11/15/2021 16:56,4650,USD,
ACT-0004923,10995,Invoice,28-Sep-2018 11:06 AM,1750,USD,
ACT-0003977,10807,INVOICE,2022-08-01 15:12:00-05:00,7275.0,USD,escalated: parts delay
ACT-0001607,10331,Invoice,09/27/2022 17:45,3225.0,USD,
ACT-0001660,10341,Ticket,2025-05-01 19:33:00-05:00,,,asked about seat pricing
ACT-0002979,10604,Support Ticket,14-Jan-2026 08:50 AM,,,asked about seat pricing
ACT-0000555,10114,Login,2021-05-22T15:44:00Z,,,asked about seat pricing
ACT-0001475,10304,Ticket,2025-07-20T11:49:00Z,,,portal login
ACT-0004745,10960,Call,2024-02-16T17:09:00Z,,,
ACT-0002716,10552,Invoice,2026-07-26T16:20:00Z,-,USD,renewal discussion
ACT-0001794,10370,Support Ticket,2026-08-27T12:20:00Z,,,renewal discussion
ACT-0000483,10098,Ticket,2020-10-16T13:44:00Z,,,monthly invoice
ACT-0001301,10267,Payment,12-Sep-2023 06:50 PM,3625.0,USD,payment received
ACT-0002935,10595,Ticket,2024-10-13T15:14:00Z,,,
ACT-0000122,10025,Payment,02/11/2019 18:35,-,USD,portal login
ACT-0003348,10679,Invoice,05-Dec-2021 03:34 PM,"8,550.00",USD,payment received
ACT-0002145,10442,Invoice,2020-01-07T07:30:00Z,"3,300.00",USD,payment received
ACT-0004685,10948,Payment,2024-07-23T18:45:00Z,"7,500.00",USD,renewal discussion
ACT-0004501,10911,Note,2022-04-02 09:48:00-05:00,,,monthly invoice
ACT-0003018,10611,Invoice,12-Oct-2023 07:00 PM,"9,900.00",USD,payment received
ACT-0003618,10731,Invoice,12-Mar-2024 12:34 PM,9975,USD,
ACT-0001294,10266,Payment,12/16/2025 12:26,8225.0,USD,monthly invoice
ACT-0003795,10767,Login,07/23/2019 17:13,,,monthly invoice
ACT-0002541,10519,Invoice,2023-06-23 14:55:00-05:00,2300.0,USD,
ACT-0001718,10352,Payment,2025-06-20T14:53:00Z,"8,275.00",USD,
ACT-0002086,10430,Payment,02/05/2024 14:57,2225.0,USD,escalated: parts delay
ACT-0003773,10763,Payment,05/14/2020 09:50,-,USD,renewal discussion
ACT-0004911,10992,Invoice,2019-02-20T19:52:00Z,9925.0,USD,
ACT-0004345,10880,Note,2026-02-14 10:40:00-05:00,,,
ACT-0002806,10573,Payment,05/26/2024 15:11,-,USD,
ACT-0000494,10101,Call,2022-02-07T19:29:00Z,,,escalated: parts delay
ACT-0003020,10612,Note,2020-07-21T19:30:00Z,,,monthly invoice
ACT-0002662,10542,Payment,2019-09-05T17:19:00Z,8475.0,USD,asked about seat pricing
ACT-0004805,10973,Payment,01/10/2022 09:08,3750.0,USD,payment received
ACT-0002801,10572,INVOICE,2024-04-02T12:57:00Z,6050.0,USD,
ACT-0004286,10868,Login,2018-10-04T13:36:00Z,,,monthly invoice
ACT-0002395,10493,Invoice,06/22/2023 08:59,4500,USD,monthly invoice
ACT-0000829,10170,Support Ticket,03/11/2025 07:51,,,asked about seat pricing
ACT-0003537,10717,Support Ticket,2022-06-20T17:27:00Z,,,payment received
ACT-0002703,10549,Invoice,2026-04-29 19:18:00-05:00,-,USD,monthly invoice
ACT-0000663,10137,Login,2023-05-15 08:54:00-05:00,,,monthly invoice
ACT-0000738,10149,Login,2023-04-26T11:02:00Z,,,
ACT-0001705,10349,INVOICE,2018-06-03T07:24:00Z,-,USD,portal login
ACT-0003124,10633,Payment,2024-04-30T18:43:00Z,2450,USD,
ACT-0000463,10093,Note,2022-02-04T14:49:00Z,,,monthly invoice
ACT-0002039,10422,Payment,2024-11-03T09:10:00Z,"1,325.00",USD,monthly invoice
ACT-0004467,10904,Login,04/18/2020 16:34,,,payment received
ACT-0003371,10683,Payment,2022-06-02T17:14:00Z,3600,USD,escalated: parts delay
ACT-0001123,10228,Note,2025-08-07T09:31:00Z,,,payment received
ACT-0003286,10667,Ticket,01/09/2024 09:05,,,
ACT-0004263,10863,Ticket,2020-06-18T09:08:00Z,,,renewal discussion
ACT-0004748,10961,Invoice,05/02/2025 13:43,-,USD,renewal discussion
ACT-0003526,10714,Call,2019-08-16T16:35:00Z,,,
ACT-0000286,10057,Invoice,09/17/2024 17:29,8325.0,USD,
ACT-0004872,10985,Note,13-Dec-2024 11:34 AM,,,
ACT-0003158,10639,Invoice,03-May-2023 04:16 PM,7400.0,USD,
ACT-0000865,10180,Call,24-Apr-2022 07:39 PM,,,
ACT-0000075,10015,Invoice,05/19/2023 11:22,"4,950.00",USD,
ACT-0000115,10024,Login,2019-05-20T07:58:00Z,,,monthly invoice
ACT-0002559,10522,Ticket,2026-06-05T13:10:00Z,,,renewal discussion
ACT-0003735,10757,Note,06/18/2025 18:27,,,
ACT-0001342,10274,Ticket,2022-08-24T07:50:00Z,,,portal login
ACT-0000612,10126,Ticket,2023-06-27T11:34:00Z,,,payment received
ACT-0001111,10226,Support Ticket,07-Nov-2020 12:50 PM,,,asked about seat pricing
ACT-0004553,10919,Invoice,18-Jan-2025 07:33 PM,"4,925.00",USD,renewal discussion
ACT-0003851,10778,Invoice,2024-09-28T16:35:00Z,-,USD,renewal discussion
ACT-0000821,10168,Payment,2024-07-21T17:44:00Z,"2,700.00",USD,monthly invoice
ACT-0002631,10536,Payment,2021-06-08T13:24:00Z,-,USD,
ACT-0004562,10922,Call,2026-08-10T19:30:00Z,,,
ACT-0001708,10350,Invoice,2018-01-08 19:34:00-05:00,800,USD,portal login
ACT-0004837,10979,Ticket,2025-08-15T11:23:00Z,,,asked about seat pricing
ACT-0001302,10267,Invoice,2021-09-29T13:39:00Z,-,USD,asked about seat pricing
ACT-0001182,10240,Note,2025-12-12T10:03:00Z,,,renewal discussion
ACT-0000220,10043,Invoice,2019-05-15T18:19:00Z,425,USD,
ACT-0001404,10290,Invoice,08-Jun-2026 12:40 PM,"9,825.00",USD,portal login
ACT-0000200,10039,Payment,2024-12-05T17:50:00Z,2450,USD,monthly invoice
ACT-0003159,10640,Ticket,10/02/2025 15:51,,,portal login
ACT-0004310,10873,Invoice,11/18/2022 18:19,3225.0,USD,portal login
ACT-0004801,10972,Call,2024-11-19T09:10:00Z,,,payment received
ACT-0002937,10596,Note,2022-11-20T18:26:00Z,,,payment received
ACT-0001811,10372,Login,2021-08-26 11:56:00-05:00,,,
ACT-0001782,10368,Ticket,01/08/2021 10:07,,,renewal discussion
ACT-0004073,10824,Invoice,20-Jun-2022 01:17 PM,"8,775.00",USD,renewal discussion
ACT-0000504,10103,Note,03/31/2020 14:54,,,monthly invoice
ACT-0001252,10257,Invoice,03/15/2024 14:59,4400,USD,escalated: parts delay
ACT-0004021,10815,Invoice,2022-11-22T09:44:00Z,5675,USD,asked about seat pricing
ACT-0000959,10196,Payment,2022-01-03T16:56:00Z,-,USD,payment received
ACT-0001223,10250,Call,2023-11-01T11:35:00Z,,,escalated: parts delay
ACT-0002867,10585,Ticket,2024-05-11T18:11:00Z,,,escalated: parts delay
ACT-0003720,10753,Ticket,08/21/2019 16:53,,,payment received
ACT-0002482,10509,Invoice,2021-11-02T17:17:00Z,-,USD,
ACT-0002282,10470,Payment,2018-03-15 07:42:00-05:00,"5,300.00",USD,
ACT-0001444,10299,Payment,2019-11-28T14:16:00Z,"5,300.00",USD,
ACT-0003982,10807,Login,2023-10-29 10:00:00-05:00,,,portal login
ACT-0004843,10979,Payment,2025-07-21T16:26:00Z,2600.0,USD,
ACT-0000384,10078,Invoice,2026-01-17T12:13:00Z,-,USD,asked about seat pricing
ACT-0002633,10536,Invoice,2023-06-19T09:18:00Z,1475,USD,escalated: parts delay
ACT-0004729,10958,Note,2022-09-03 07:41:00-05:00,,,
ACT-0003903,10789,Support Ticket,04-Apr-2024 02:48 PM,,,payment received
ACT-0000902,10185,Invoice,2021-02-03T18:48:00Z,"3,175.00",USD,escalated: parts delay
ACT-0004371,10884,Payment,2023-10-05T15:38:00Z,1550.0,USD,
ACT-0000782,10159,Note,2024-07-10T15:55:00Z,,,asked about seat pricing
ACT-0004604,10929,Ticket,2023-06-24T19:34:00Z,,,monthly invoice
ACT-0001614,10332,Support Ticket,10/01/2021 14:27,,,payment received
ACT-0003125,10633,Login,2024-06-09T11:09:00Z,,,payment received
ACT-0001753,10360,Login,12/17/2020 17:23,,,monthly invoice
ACT-0002915,10591,Ticket,25-Dec-2020 07:55 PM,,,
ACT-0001699,10347,Note,2025-10-11T07:18:00Z,,,
ACT-0003575,10723,Invoice,01/02/2026 11:49,7625,USD,renewal discussion
ACT-0003811,10771,Invoice,2025-02-02T10:08:00Z,"6,875.00",USD,asked about seat pricing
ACT-0002302,10475,Login,2022-12-30T07:22:00Z,,,monthly invoice
ACT-0002335,10481,Invoice,2021-01-15T08:46:00Z,-,USD,renewal discussion
ACT-0004678,10945,Payment,09/20/2021 19:50,750.00,USD,renewal discussion
ACT-0004005,10812,Invoice,2025-01-25T08:32:00Z,2850,USD,
ACT-0001298,10267,Ticket,2023-09-19T11:14:00Z,,,
ACT-0001146,10234,Invoice,10/24/2023 12:23,9700.0,USD,monthly invoice
ACT-0004849,10981,Call,21-Mar-2022 01:46 PM,,,renewal discussion
ACT-0002892,10588,Login,2024-02-04 19:21:00-05:00,,,payment received
ACT-0002906,10590,Invoice,27-Jan-2019 06:13 PM,8400.0,USD,payment received
ACT-0003613,10731,Invoice,02/19/2023 15:58,9500.0,USD,payment received
ACT-0001175,10239,Login,26-Jun-2025 12:08 PM,,,portal login
ACT-0003819,10772,Payment,04/15/2022 19:34,1100.0,USD,escalated: parts delay
ACT-0002641,10537,Payment,2019-05-28T15:19:00Z,-,USD,payment received
ACT-0004624,10932,Call,2023-10-10T18:25:00Z,,,renewal discussion
ACT-0003952,10802,Invoice,2025-10-22T18:16:00Z,7600.0,USD,
ACT-0000113,10024,Ticket,2019-04-01T17:59:00Z,,,payment received
ACT-0004174,10845,Ticket,2022-02-08T16:30:00Z,,,payment received
ACT-0004538,10917,Invoice,01/14/2023 12:16,-,USD,asked about seat pricing
ACT-0004470,10904,Note,03/19/2024 17:57,,,escalated: parts delay
ACT-0003313,10672,Invoice,09/05/2019 09:06,5575,USD,
ACT-0000594,10120,Login,2026-04-13T14:29:00Z,,,portal login
ACT-0003974,10806,Ticket,2019-12-07T13:16:00Z,,,
ACT-0001025,10210,Invoice,2024-11-27T14:06:00Z,-,USD,
ACT-0004551,10919,Ticket,2025-03-24T18:46:00Z,,,asked about seat pricing
ACT-0002942,10596,Invoice,2022-08-29T07:21:00Z,-,USD,portal login
ACT-0002783,10568,Ticket,05/21/2025 15:26,,,asked about seat pricing
ACT-0001105,10225,Payment,13-Feb-2020 01:17 PM,250.0,USD,renewal discussion
ACT-0002825,10575,Login,02-Aug-2019 02:56 PM,,,
ACT-0001542,10316,Note,2023-05-24T19:00:00Z,,,escalated: parts delay
ACT-0000517,10105,Payment,2019-02-07T16:04:00Z,5575,USD,monthly invoice
ACT-0001090,10223,Login,2022-05-02T18:59:00Z,,,payment received
ACT-0000660,10137,Invoice,2022-02-06T19:49:00Z,-,USD,portal login
ACT-0003886,10786,Login,2024-06-22T12:27:00Z,,,portal login
ACT-0002754,10562,Payment,06/22/2021 10:49,"7,275.00",USD,
ACT-0002021,10418,Invoice,2025-04-26T13:28:00Z,1400,USD,portal login
ACT-0001430,10296,Ticket,2021-01-08T14:47:00Z,,,
ACT-0003699,10749,INVOICE,2019-11-24T07:20:00Z,-,USD,portal login
ACT-0002315,10477,Invoice,2023-03-21T17:58:00Z,2800,USD,monthly invoice
ACT-0003621,10732,Support Ticket,2025-12-05T16:05:00Z,,,portal login
ACT-0003522,10714,Call,12/19/2019 12:05,,,
ACT-0001436,10297,Login,2020-08-16T15:28:00Z,,,asked about seat pricing
ACT-0002256,10465,Support Ticket,2023-10-28T17:58:00Z,,,
ACT-0000614,10127,Call,22-Jul-2021 03:19 PM,,,asked about seat pricing
ACT-0000140,10028,Payment,28-Sep-2025 07:18 PM,775,USD,monthly invoice
ACT-0004332,10877,INVOICE,2020-05-14 07:39:00-05:00,2600,USD,
ACT-0000472,10095,Note,2018-08-17 09:40:00-05:00,,,portal login
ACT-0003243,10657,INVOICE,2021-01-05T08:24:00Z,1975,USD,monthly invoice
ACT-0001873,10388,Call,07/06/2020 15:52,,,
ACT-0002477,10508,Payment,2023-05-12T13:08:00Z,-,USD,asked about seat pricing
ACT-0000875,10181,Invoice,2024-09-23T10:39:00Z,8200,USD,asked about seat pricing
ACT-0004795,10970,Support Ticket,24-Jan-2018 08:27 AM,,,
ACT-0004471,10905,Invoice,2024-04-29T09:21:00Z,6800.0,USD,payment received
ACT-0003176,10643,Login,2021-03-16T13:15:00Z,,,monthly invoice
ACT-0002882,10587,Login,05/09/2022 15:27,,,monthly invoice
ACT-0004294,10870,Invoice,2024-03-06T09:47:00Z,-,USD,monthly invoice
ACT-0000811,10166,Note,2025-08-26T19:30:00Z,,,
ACT-0000921,10188,Ticket,21-Aug-2020 04:55 PM,,,
ACT-0002491,10511,Payment,2021-07-01T07:42:00Z,"2,800.00",USD,portal login
ACT-0001420,10294,Invoice,20-Feb-2021 05:14 PM,-,USD,monthly invoice
ACT-0001243,10255,Login,2024-12-31T11:24:00Z,,,monthly invoice
ACT-0002000,10412,Invoice,10/17/2024 07:21,"7,400.00",USD,renewal discussion
ACT-0004288,10869,INVOICE,2024-03-17 14:42:00-05:00,"3,200.00",USD,portal login
ACT-0004115,10832,Ticket,11/03/2025 07:50,,,portal login
ACT-0001962,10406,Login,2021-05-18T10:27:00Z,,,portal login
ACT-0004301,10871,Ticket,2020-03-04T09:57:00Z,,,monthly invoice
ACT-0000587,10119,Payment,2021-08-13T09:28:00Z,8525.0,USD,asked about seat pricing
ACT-0002848,10580,Payment,26-Oct-2019 03:22 PM,1000,USD,renewal discussion
ACT-0001117,10227,Invoice,2026-03-13T13:28:00Z,-,USD,renewal discussion
ACT-0003763,10761,Ticket,2020-05-10 18:30:00-05:00,,,
ACT-0002473,10507,Payment,2024-02-02T09:18:00Z,4150,USD,portal login
ACT-0004417,10894,Payment,14-Jan-2026 12:11 PM,6725,USD,asked about seat pricing
ACT-0004579,10924,Invoice,2023-03-21T19:45:00Z,-,USD,escalated: parts delay
ACT-0002592,10530,Payment,2018-03-11 14:48:00-05:00,8600.0,USD,portal login
ACT-0000899,10185,Invoice,2022-11-28 12:25:00-05:00,6100,USD,escalated: parts delay
ACT-0000506,10103,Payment,2021-02-27T18:16:00Z,8400.0,USD,
ACT-0003019,10611,Ticket,2023-04-30 07:51:00-05:00,,,escalated: parts delay
ACT-0003614,10731,Invoice,2025-04-13T13:48:00Z,6850.0,USD,
ACT-0004119,10832,Login,2025-05-26T09:10:00Z,,,
ACT-0004785,10968,Invoice,20-Dec-2018 02:19 PM,-,USD,portal login
ACT-0000161,10031,Invoice,2023-11-01 13:57:00-05:00,-,USD,
ACT-0004721,10955,INVOICE,2023-05-12T09:27:00Z,3625,USD,
ACT-0002358,10486,Invoice,2017-09-12 17:58:00-05:00,1275.0,USD,payment received
ACT-0000266,10052,Note,2022-01-28T15:41:00Z,,,payment received
ACT-0002102,10435,Call,2026-04-06 15:33:00-05:00,,,monthly invoice
ACT-0004087,10827,Invoice,05/29/2026 10:04,500,USD,
ACT-0004169,10844,Payment,03/06/2026 10:08,"6,075.00",USD,renewal discussion
ACT-0002545,10520,Payment,2019-11-16T18:47:00Z,"8,225.00",USD,portal login
ACT-0000055,10011,Payment,2023-10-27 18:22:00-05:00,5300,USD,asked about seat pricing
ACT-0003556,10720,Login,12/18/2019 19:16,,,asked about seat pricing
ACT-0002774,10567,Invoice,10/21/2021 09:32,-,USD,asked about seat pricing
ACT-0001300,10267,INVOICE,2022-07-04T19:25:00Z,2850,USD,renewal discussion
ACT-0003442,10699,Support Ticket,2022-09-05T10:41:00Z,,,payment received
ACT-0001566,10322,Invoice,2017-12-10T17:01:00Z,"4,325.00",USD,escalated: parts delay
ACT-0003221,10652,Login,09-Apr-2019 07:49 PM,,,portal login
ACT-0000444,10090,Login,2021-06-15T18:41:00Z,,,renewal discussion
ACT-0000512,10105,Support Ticket,13-Mar-2019 03:51 PM,,,asked about seat pricing
ACT-0003182,10644,Login,2025-10-05 17:03:00-05:00,,,payment received
ACT-0001710,10351,Invoice,10/01/2025 19:27,"5,425.00",USD,escalated: parts delay
ACT-0004249,10860,Login,2024-04-25T16:48:00Z,,,renewal discussion
ACT-0001228,10251,Payment,2020-05-03T17:06:00Z,-,USD,monthly invoice
ACT-0002144,10442,Payment,12/23/2019 13:21,-,USD,payment received
ACT-0004868,10985,Login,10-Jun-2025 06:26 PM,,,asked about seat pricing
ACT-0002070,10427,Note,08-Mar-2023 04:15 PM,,,
ACT-0003502,10710,Invoice,10/29/2023 12:42,"1,600.00",USD,payment received
ACT-0003818,10771,Invoice,01/21/2025 13:21,-,USD,portal login
ACT-0004102,10830,Invoice,2021-10-06T19:53:00Z,8575,USD,portal login
ACT-0001349,10276,Ticket,03/15/2021 10:29,,,renewal discussion
ACT-0001649,10339,Support Ticket,2026-02-07T13:24:00Z,,,asked about seat pricing
ACT-0002350,10485,Invoice,2024-06-17T15:52:00Z,8175.0,USD,payment received
ACT-0004001,10811,Payment,2019-09-05T14:14:00Z,-,USD,escalated: parts delay
ACT-0001094,10224,Login,2021-10-07T14:37:00Z,,,
ACT-0002484,10510,Note,2019-11-11T08:14:00Z,,,payment received
ACT-0000285,10057,INVOICE,10-Jan-2024 07:22 PM,2425.0,USD,
ACT-0004026,10816,Login,05/09/2023 12:03,,,renewal discussion
ACT-0001068,10218,Invoice,06/03/2024 07:55,-,USD,payment received
ACT-0003081,10625,Payment,03/01/2024 09:15,4675,USD,monthly invoice
ACT-0003692,10747,Payment,2026-01-26T08:47:00Z,-,USD,renewal discussion
ACT-0002453,10503,Payment,10/19/2021 10:22,9950.0,USD,renewal discussion
ACT-0004098,10829,Ticket,2021-11-20T09:05:00Z,,,
ACT-0001456,10300,Note,01/13/2021 07:25,,,escalated: parts delay
ACT-0002401,10494,Ticket,03/31/2026 07:47,,,
ACT-0004658,10941,Login,06/07/2025 09:41,,,monthly invoice
ACT-0002960,10600,INVOICE,2025-12-25T09:41:00Z,-,USD,payment received
ACT-0004050,10820,Note,2026-05-20T16:34:00Z,,,monthly invoice
ACT-0002826,10576,Ticket,13-Apr-2024 02:35 PM,,,monthly invoice
ACT-0002208,10455,INVOICE,2022-11-19T13:06:00Z,-,USD,payment received
ACT-0003736,10757,Invoice,2025-07-26T18:34:00Z,-,USD,renewal discussion
ACT-0004113,10832,Invoice,2025-06-06T14:02:00Z,1725,USD,asked about seat pricing
ACT-0004720,10955,Payment,09-Jul-2023 04:56 PM,7450,USD,asked about seat pricing
ACT-0003261,10662,Invoice,08-Sep-2025 07:47 PM,-,USD,renewal discussion
ACT-0001218,10249,Note,2023-04-20T07:35:00Z,,,asked about seat pricing
ACT-0001986,10410,Payment,2016-12-09 07:25:00-05:00,100.00,USD,payment received
ACT-0003642,10736,Support Ticket,2022-11-14 15:04:00-05:00,,,monthly invoice
ACT-0000981,10203,Support Ticket,2025-12-19 11:29:00-05:00,,,payment received
ACT-0003186,10644,Invoice,06/19/2025 08:57,"8,275.00",USD,escalated: parts delay
ACT-0003160,10640,Login,06/05/2024 17:44,,,
ACT-0000611,10126,Ticket,2023-08-06T16:21:00Z,,,portal login
ACT-0004714,10954,Login,2022-07-08T14:48:00Z,,,monthly invoice
ACT-0003423,10696,Note,2022-11-29T08:47:00Z,,,portal login
ACT-0002425,10498,Invoice,2021-12-29 08:50:00-05:00,950,USD,asked about seat pricing
ACT-0000144,10028,Login,2025-11-05T19:21:00Z,,,asked about seat pricing
ACT-0002863,10583,Payment,01/25/2025 08:01,7825,USD,
ACT-0003129,10634,Ticket,2026-01-22T09:28:00Z,,,
ACT-0000809,10165,Login,2020-05-09T14:27:00Z,,,portal login
ACT-0002870,10585,Note,2025-03-23T08:25:00Z,,,renewal discussion
ACT-0003247,10658,Invoice,2023-07-02T19:36:00Z,-,USD,monthly invoice
ACT-0001470,10303,Login,2020-03-03T07:40:00Z,,,monthly invoice
ACT-0002061,10426,Invoice,01/29/2026 12:19,"3,625.00",USD,
ACT-0000019,10004,Login,2020-11-09T12:39:00Z,,,
ACT-0002367,10488,Invoice,2024-04-09T15:28:00Z,-,USD,payment received
ACT-0004620,10932,Invoice,2017-11-02T11:59:00Z,-,USD,asked about seat pricing
ACT-0000610,10126,Note,11-Aug-2023 07:10 PM,,,
ACT-0000613,10126,Invoice,2023-08-16 19:02:00-05:00,"5,050.00",USD,
ACT-0000970,10199,Payment,2025-02-21 14:27:00-05:00,-,USD,
ACT-0001190,10242,Invoice,2021-08-19T07:11:00Z,"3,700.00",USD,portal login
ACT-0003938,10797,Support Ticket,15-Mar-2020 08:13 AM,,,portal login
ACT-0002087,10430,Invoice,2024-04-29T08:15:00Z,3500,USD,
ACT-0004676,10945,Note,2021-07-05T13:59:00Z,,,portal login
ACT-0000378,10077,Note,2022-09-11T17:18:00Z,,,payment received
ACT-0003026,10612,Payment,2023-10-25T14:25:00Z,-,USD,payment received
ACT-0001629,10334,Invoice,2023-05-04T07:31:00Z,300,USD,renewal discussion
ACT-0003693,10747,Invoice,2025-12-30T17:50:00Z,100,USD,monthly invoice
ACT-0002505,10513,Payment,2025-08-08T13:50:00Z,-,USD,payment received
ACT-0001745,10357,Ticket,2024-04-22 09:52:00-05:00,,,
ACT-0003426,10696,Invoice,2022-05-22T18:41:00Z,-,USD,
ACT-0004808,10974,Invoice,11-Feb-2021 02:05 PM,725,USD,asked about seat pricing
ACT-0001721,10352,Payment,08/03/2023 09:33,-,USD,portal login
ACT-0000361,10075,INVOICE,2020-10-29T12:14:00Z,1575,USD,portal login
ACT-0003913,10791,Ticket,2020-06-28T19:41:00Z,,,portal login
ACT-0000097,10019,Invoice,03/20/2025 16:23,5525,USD,
ACT-0004627,10933,Invoice,2022-04-09T18:46:00Z,4600,USD,escalated: parts delay
ACT-0001159,10236,Login,2025-10-24T15:09:00Z,,,renewal discussion
ACT-0002428,10499,Login,08-May-2023 02:34 PM,,,portal login
ACT-0004698,10950,Ticket,2025-11-18 11:46:00-05:00,,,monthly invoice
ACT-0001695,10347,Invoice,2025-09-07 12:11:00-05:00,9275,USD,asked about seat pricing
ACT-0001716,10351,Ticket,07/06/2025 12:48,,,
ACT-0003260,10662,Invoice,2025-09-08 19:43:00-05:00,6350.0,USD,
ACT-0000146,10029,Payment,2021-12-10 09:45:00-05:00,7775.0,USD,renewal discussion
ACT-0002522,10516,Login,06/25/2021 17:46,,,asked about seat pricing
ACT-0002791,10570,Ticket,2021-03-09T12:10:00Z,,,monthly invoice
ACT-0004703,10951,Invoice,2017-11-20T07:51:00Z,-,USD,asked about seat pricing
ACT-0001777,10367,Login,10/30/2025 18:34,,,asked about seat pricing
ACT-0002706,10550,Payment,06/05/2022 11:52,400.00,USD,
ACT-0004156,10841,Login,24-Jun-2018 06:16 PM,,,escalated: parts delay
ACT-0002877,10586,Login,10/18/2024 08:41,,,
ACT-0002069,10427,Support Ticket,2021-02-01T07:53:00Z,,,renewal discussion
ACT-0002626,10535,Support Ticket,2024-11-03T13:11:00Z,,,renewal discussion
ACT-0002890,10588,Payment,30-Aug-2024 08:18 AM,1725.0,USD,asked about seat pricing
ACT-0002321,10478,Invoice,26-Jul-2021 02:36 PM,"2,825.00",USD,renewal discussion
ACT-0004127,10834,Login,06/14/2018 07:30,,,payment received
ACT-0004613,10931,Ticket,03/06/2017 19:27,,,portal login
ACT-0003574,10723,Invoice,20-Nov-2025 09:31 AM,-,USD,portal login
ACT-0003673,10743,Invoice,12/30/2021 11:54,"6,900.00",USD,renewal discussion
ACT-0004787,10969,Invoice,2020-11-19T12:04:00Z,3375,USD,escalated: parts delay
ACT-0000696,10142,Ticket,2019-04-15T12:57:00Z,,,escalated: parts delay
ACT-0003985,10808,Payment,16-May-2026 03:32 PM,4575,USD,portal login
ACT-0001346,10276,Login,08/05/2019 11:39,,,
ACT-0001798,10370,Payment,22-Jun-2026 02:11 PM,-,USD,renewal discussion
ACT-0004133,10835,Login,2025-09-21T07:03:00Z,,,renewal discussion
ACT-0004396,10890,Ticket,2020-06-08T09:12:00Z,,,renewal discussion
ACT-0003990,10809,Payment,22-Jan-2022 12:37 PM,975,USD,
ACT-0003459,10702,Ticket,10/13/2021 18:43,,,renewal discussion
ACT-0003877,10784,Support Ticket,2025-10-11 08:33:00-05:00,,,renewal discussion
ACT-0001385,10286,Payment,07/18/2024 13:31,3400.0,USD,payment received
ACT-0004142,10837,Login,19-Oct-2023 08:56 AM,,,renewal discussion
ACT-0000948,10194,Ticket,2021-10-22T10:48:00Z,,,monthly invoice
ACT-0002356,10486,Support Ticket,01/22/2018 10:38,,,monthly invoice
ACT-0004734,10958,Login,2022-06-09 14:04:00-05:00,,,monthly invoice
ACT-0000013,10003,Payment,04/16/2021 19:13,3650.0,USD,asked about seat pricing
ACT-0004320,10874,Login,2023-04-04T09:25:00Z,,,payment received
ACT-0003436,10698,Payment,09/16/2022 12:34,"5,375.00",USD,payment received
ACT-0000798,10163,Call,2023-03-17T10:26:00Z,,,escalated: parts delay
ACT-0002888,10588,Invoice,2019-09-28T14:25:00Z,6450,USD,payment received
ACT-0002226,10458,Payment,12/27/2019 11:15,5525.0,USD,
ACT-0004439,10897,Support Ticket,06-Jun-2019 02:38 PM,,,portal login
ACT-0001575,10324,Ticket,2023-01-13T08:05:00Z,,,renewal discussion
ACT-0001984,10409,Ticket,2019-04-05T07:22:00Z,,,monthly invoice
ACT-0003065,10621,Invoice,11/01/2025 19:43,2250,USD,
ACT-0000198,10039,Ticket,05-Dec-2024 03:56 PM,,,asked about seat pricing
ACT-0001181,10240,Note,2025-11-08T10:41:00Z,,,renewal discussion
ACT-0002934,10595,Payment,2024-10-19T17:58:00Z,3750.0,USD,escalated: parts delay
ACT-0003882,10785,Invoice,2026-02-18T16:46:00Z,-,USD,
ACT-0002481,10509,Invoice,2023-02-18T08:12:00Z,-,USD,portal login
ACT-0002221,10458,Ticket,2017-11-03 15:26:00-05:00,,,escalated: parts delay
ACT-0000783,10160,Ticket,2026-01-15 08:39:00-05:00,,,escalated: parts delay
ACT-0001552,10319,Ticket,2023-09-06T08:36:00Z,,,renewal discussion
ACT-0001789,10369,Invoice,17-Jan-2021 09:20 AM,2175.0,USD,portal login
ACT-0000674,10139,Invoice,04/23/2020 12:06,"4,825.00",USD,portal login
ACT-0004611,10930,Login,06-May-2026 09:49 AM,,,asked about seat pricing
ACT-0003308,10671,Login,2019-09-03T07:48:00Z,,,monthly invoice
ACT-0003068,10622,Payment,2019-09-19T18:16:00Z,2675.0,USD,asked about seat pricing
ACT-0002209,10455,Login,2022-12-26T07:21:00Z,,,monthly invoice
ACT-0002630,10536,Payment,16-Mar-2023 03:06 PM,"2,750.00",USD,renewal discussion
ACT-0003489,10708,Invoice,2026-06-09T15:24:00Z,-,USD,monthly invoice
ACT-0003153,10639,Support Ticket,2023-07-11T15:10:00Z,,,monthly invoice
ACT-0004462,10903,INVOICE,10/20/2024 12:29,3025.0,USD,portal login
ACT-0000569,10116,Login,2026-01-08T11:46:00Z,,,
ACT-0000311,10062,Invoice,2026-01-26T19:48:00Z,1225,USD,escalated: parts delay
ACT-0000245,10048,Payment,2023-04-15T11:59:00Z,2925.0,USD,escalated: parts delay
ACT-0001155,10235,Support Ticket,11/23/2025 07:10,,,renewal discussion
ACT-0000331,10067,Call,03-Mar-2021 03:41 PM,,,portal login
ACT-0004452,10900,Support Ticket,2026-06-07T16:04:00Z,,,renewal discussion
ACT-0004441,10897,Payment,06/05/2019 15:43,"5,600.00",USD,monthly invoice
ACT-0002072,10427,Note,12-Apr-2024 12:35 PM,,,portal login
ACT-0000664,10137,Support Ticket,01/29/2022 07:35,,,asked about seat pricing
ACT-0001582,10326,Invoice,2018-11-24T16:28:00Z,8075.0,USD,asked about seat pricing
ACT-0003626,10733,Invoice,2021-12-14 17:59:00-05:00,-,USD,portal login
ACT-0002563,10523,Payment,2025-06-02T17:45:00Z,1075,USD,renewal discussion
ACT-0002595,10531,Invoice,01/06/2023 14:19,1575,USD,renewal discussion
ACT-0002603,10532,Login,2024-05-02T11:37:00Z,,,
ACT-0001665,10342,Payment,06/24/2026 11:11,1075.0,USD,
ACT-0003178,10643,Support Ticket,2020-12-17T10:03:00Z,,,renewal discussion
ACT-0003909,10790,Payment,2025-03-18T10:37:00Z,"7,975.00",USD,monthly invoice
ACT-0000542,10111,Invoice,2020-02-11T19:47:00Z,4875.0,USD,escalated: parts delay
ACT-0001278,10262,Invoice,2020-10-12T15:32:00Z,6025,USD,asked about seat pricing
ACT-0002316,10477,Support Ticket,2024-05-03T15:24:00Z,,,payment received
ACT-0003285,10667,Invoice,2024-05-11 15:35:00-05:00,1275,USD,asked about seat pricing
ACT-0004770,10965,Invoice,07/02/2023 09:02,9400.0,USD,
ACT-0002800,10572,Support Ticket,09/06/2025 07:39,,,asked about seat pricing
ACT-0002772,10566,Invoice,2021-04-10T19:13:00Z,"6,350.00",USD,
ACT-0000759,10154,INVOICE,2019-12-24T16:09:00Z,2150,USD,escalated: parts delay
ACT-0001508,10310,Payment,2022-07-21T08:34:00Z,"3,975.00",USD,
ACT-0002404,10494,Invoice,03/15/2026 07:52,4150,USD,escalated: parts delay
ACT-0001763,10362,Note,11/08/2024 08:35,,,
ACT-0002752,10561,Ticket,2019-07-11T17:05:00Z,,,
ACT-0000293,10058,Payment,2020-06-15T15:03:00Z,-,USD,asked about seat pricing
ACT-0001846,10380,Login,03/21/2025 18:51,,,escalated: parts delay
ACT-0004637,10934,Payment,2019-11-30T19:45:00Z,"2,675.00",USD,renewal discussion
ACT-0004757,10962,Support Ticket,2020-01-31T16:40:00Z,,,
ACT-0002591,10529,Invoice,19-Nov-2023 04:48 PM,-,USD,
ACT-0001414,10292,Login,20-Jun-2024 07:36 PM,,,asked about seat pricing
ACT-0002129,10439,Payment,06-Feb-2025 09:26 AM,-,USD,asked about seat pricing
ACT-0002033,10421,Support Ticket,12/01/2022 17:51,,,payment received
ACT-0000808,10165,Ticket,2023-06-23T12:17:00Z,,,asked about seat pricing
ACT-0003015,10611,Invoice,2024-01-08T13:11:00Z,2625,USD,
ACT-0001934,10401,Login,2019-03-28 19:35:00-05:00,,,
ACT-0000737,10149,Invoice,24-Nov-2022 08:00 AM,"1,625.00",USD,
ACT-0002694,10548,Payment,10/02/2025 07:18,1875.0,USD,renewal discussion
ACT-0000441,10089,Support Ticket,2024-09-14 14:23:00-05:00,,,escalated: parts delay
ACT-0003136,10636,Login,2025-10-16T09:34:00Z,,,payment received
ACT-0000319,10064,Support Ticket,06/01/2024 19:30,,,renewal discussion
ACT-0001350,10276,Invoice,2021-06-08 19:31:00-05:00,"6,800.00",USD,escalated: parts delay
ACT-0004692,10949,Ticket,2026-02-02T14:26:00Z,,,portal login
ACT-0000890,10183,Login,2025-09-17T08:47:00Z,,,
ACT-0002702,10549,Call,16-Jun-2026 11:33 AM,,,
ACT-0002847,10579,Call,2022-03-30T17:53:00Z,,,
ACT-0004052,10820,Ticket,09-May-2026 05:18 PM,,,asked about seat pricing
ACT-0003137,10636,Ticket,03-Sep-2025 12:55 PM,,,escalated: parts delay
ACT-0004565,10922,Payment,2023-12-29 13:30:00-05:00,8800.0,USD,payment received
ACT-0002802,10572,Call,2025-07-26T14:11:00Z,,,renewal discussion
ACT-0002712,10551,Note,2023-02-20T08:16:00Z,,,
ACT-0001783,10368,Payment,2021-02-16 11:48:00-05:00,5175,USD,payment received
ACT-0000626,10130,Support Ticket,05-Jun-2023 09:17 AM,,,
ACT-0001530,10314,Invoice,01/29/2019 08:02,200,USD,asked about seat pricing
ACT-0002220,10458,Login,07/01/2018 19:59,,,
ACT-0001388,10286,Ticket,2024-06-24T17:18:00Z,,,
ACT-0002666,10543,Login,2025-02-26T09:09:00Z,,,portal login
ACT-0004253,10861,Ticket,2025-05-12 19:01:00-05:00,,,
ACT-0002046,10424,Ticket,2023-02-27T19:54:00Z,,,monthly invoice
ACT-0001477,10305,Login,2024-08-16T19:40:00Z,,,asked about seat pricing
ACT-0000776,10158,Invoice,26-May-2025 08:59 AM,-,USD,asked about seat pricing
ACT-0004864,10984,Note,10/31/2025 07:53,,,
ACT-0001103,10225,Ticket,2022-12-30T07:05:00Z,,,asked about seat pricing
ACT-0002736,10556,Payment,24-Jan-2021 09:12 AM,1350.0,USD,renewal discussion
ACT-0002457,10505,Note,12-Jun-2025 03:06 PM,,,renewal discussion
ACT-0001392,10287,Note,07/10/2018 09:30,,,escalated: parts delay
ACT-0000205,10040,Call,01/19/2022 07:52,,,
ACT-0001472,10303,Payment,2022-06-04T09:40:00Z,"1,425.00",USD,
ACT-0002433,10500,Invoice,12-May-2021 07:44 PM,6725,USD,monthly invoice
ACT-0001821,10375,INVOICE,2021-07-04T13:51:00Z,5800,USD,escalated: parts delay
ACT-0004014,10815,Payment,2022-08-15T14:52:00Z,9925,USD,portal login
ACT-0004891,10989,Note,2026-05-15T16:05:00Z,,,asked about seat pricing
ACT-0003539,10717,INVOICE,10/14/2021 19:54,-,USD,asked about seat pricing
ACT-0001485,10306,Call,2025-12-28T07:00:00Z,,,renewal discussion
ACT-0002306,10475,Invoice,2023-05-24T14:44:00Z,-,USD,renewal discussion
ACT-0004070,10823,Note,2026-08-09T14:26:00Z,,,renewal discussion
ACT-0002233,10460,Ticket,04/12/2026 08:48,,,asked about seat pricing
ACT-0003949,10801,Support Ticket,02/06/2023 10:01,,,
ACT-0000429,10087,Payment,02/08/2023 13:35,-,USD,asked about seat pricing
ACT-0000673,10139,Payment,19-Nov-2021 07:12 PM,7700.0,USD,portal login
ACT-0003620,10732,Login,16-Dec-2025 03:43 PM,,,
ACT-0001418,10294,Invoice,2024-02-16T17:56:00Z,"2,325.00",USD,monthly invoice
ACT-0003784,10765,Payment,08/10/2022 10:43,450,USD,monthly invoice
ACT-0004879,10987,Invoice,2025-07-26T14:05:00Z,-,USD,escalated: parts delay
ACT-0002927,10594,Login,2017-03-18T08:03:00Z,,,portal login
ACT-0001561,10322,Note,2020-09-19T13:45:00Z,,,escalated: parts delay
ACT-0001681,10344,Invoice,2026-01-27 17:55:00-05:00,4425.0,USD,payment received
ACT-0003639,10735,Payment,2026-03-07T15:52:00Z,"6,225.00",USD,escalated: parts delay
ACT-0004394,10890,Ticket,2023-05-04T14:21:00Z,,,renewal discussion
ACT-0001171,10238,Invoice,01-Aug-2024 11:09 AM,"3,250.00",USD,
ACT-0001020,10209,INVOICE,2024-06-12T09:16:00Z,7525.0,USD,
ACT-0001802,10371,Invoice,2025-09-05T17:22:00Z,9000,USD,
ACT-0000933,10190,Payment,02-Oct-2023 03:35 PM,"9,025.00",USD,
ACT-0003409,10692,Ticket,2024-10-04 18:33:00-05:00,,,monthly invoice
ACT-0001409,10292,Payment,2024-08-26T08:16:00Z,"1,950.00",USD,
ACT-0004042,10818,Invoice,2022-05-20T10:20:00Z,"6,500.00",USD,
ACT-0001856,10382,Support Ticket,2017-12-13T09:17:00Z,,,asked about seat pricing
ACT-0003127,10633,Payment,2024-06-13T19:00:00Z,4900,USD,monthly invoice
ACT-0001295,10266,Invoice,01/19/2026 11:26,3900,USD,asked about seat pricing
ACT-0000682,10140,Support Ticket,28-Dec-2016 01:48 PM,,,payment received
ACT-0002650,10539,Invoice,2021-01-09T12:43:00Z,-,USD,portal login
ACT-0001830,10377,Invoice,06/12/2017 10:52,"5,825.00",USD,payment received
ACT-0003859,10781,Support Ticket,2024-09-27T14:18:00Z,,,payment received
ACT-0003517,10713,Login,05/26/2021 09:36,,,renewal discussion
ACT-0000339,10070,Payment,05/26/2020 14:05,-,USD,asked about seat pricing
ACT-0002920,10592,Note,2017-10-15 14:45:00-05:00,,,renewal discussion
ACT-0001257,10257,Login,2024-07-27 10:08:00-05:00,,,renewal discussion
ACT-0003753,10759,Invoice,05/14/2019 13:00,2825.0,USD,asked about seat pricing
ACT-0002217,10457,Login,2025-06-23 16:01:00-05:00,,,asked about seat pricing
ACT-0001222,10250,Invoice,20-Mar-2024 10:47 AM,7925,USD,
ACT-0001944,10403,Login,03/27/2025 07:39,,,renewal discussion
ACT-0002681,10545,Payment,14-Sep-2023 07:30 PM,4275,USD,asked about seat pricing
ACT-0003582,10725,Payment,12/31/2025 07:05,4300.0,USD,monthly invoice
ACT-0000813,10166,Call,2025-07-20T07:48:00Z,,,
ACT-0002790,10570,Invoice,2020-09-19T18:25:00Z,4100.0,USD,escalated: parts delay
ACT-0003037,10614,Login,2022-08-20T16:26:00Z,,,payment received
ACT-0003491,10708,Login,06/11/2026 08:55,,,portal login
ACT-0001571,10323,Invoice,2019-01-21T08:04:00Z,-,USD,asked about seat pricing
ACT-0002719,10553,Payment,2018-02-06T17:55:00Z,1700,USD,asked about seat pricing
ACT-0001034,10211,Ticket,2025-05-02T09:39:00Z,,,
ACT-0003683,10745,Invoice,2019-03-30T09:40:00Z,5000.0,USD,monthly invoice
ACT-0002794,10571,Support Ticket,04/08/2020 07:00,,,
ACT-0000589,10120,Ticket,2025-11-18 10:10:00-05:00,,,monthly invoice
ACT-0002610,10533,Payment,2022-10-10T10:00:00Z,-,USD,asked about seat pricing
ACT-0002291,10472,Login,2026-06-11T13:26:00Z,,,escalated: parts delay
ACT-0002831,10577,Invoice,15-Feb-2026 08:12 AM,7575.0,USD,monthly invoice
ACT-0002293,10472,Support Ticket,2026-05-25T15:50:00Z,,,
ACT-0004015,10815,Support Ticket,2020-09-09T07:27:00Z,,,monthly invoice
ACT-0001724,10353,Note,05/29/2026 15:31,,,payment received
ACT-0000132,10027,Ticket,2023-07-16T15:10:00Z,,,
ACT-0002140,10441,Call,2025-07-25 10:14:00-05:00,,,
ACT-0002871,10585,Invoice,2025-10-28T17:34:00Z,-,USD,payment received
ACT-0003815,10771,Note,26-Dec-2024 01:39 PM,,,monthly invoice
ACT-0002688,10546,Login,2019-12-14 10:07:00-05:00,,,portal login
ACT-0002276,10468,INVOICE,2020-01-31T13:17:00Z,1050.0,USD,monthly invoice
ACT-0004466,10904,Login,2025-10-04T17:53:00Z,,,payment received
ACT-0001040,10212,Payment,2024-06-06 12:06:00-05:00,-,USD,renewal discussion
ACT-0000741,10150,Payment,09/08/2022 12:42,-,USD,renewal discussion
ACT-0003164,10641,Payment,06/23/2021 09:04,"9,000.00",USD,monthly invoice
ACT-0000992,10204,Payment,01/16/2021 09:10,525,USD,
ACT-0004718,10955,Note,06/25/2023 19:04,,,portal login
ACT-0004749,10961,Login,07/09/2025 15:55,,,
ACT-0003054,10618,Payment,2020-04-19T15:11:00Z,6950,USD,payment received
ACT-0000969,10198,Call,2022-08-23T15:18:00Z,,,portal login
ACT-0003123,10633,Login,2024-05-14T15:51:00Z,,,portal login
ACT-0003936,10796,Call,2023-06-18T13:43:00Z,,,monthly invoice
ACT-0003717,10752,Invoice,2024-10-21T09:49:00Z,8600.0,USD,renewal discussion
ACT-0004404,10892,Invoice,2024-06-25T19:17:00Z,5425.0,USD,payment received
ACT-0000064,10013,Ticket,2019-01-23T14:07:00Z,,,monthly invoice
ACT-0003755,10759,Note,06/14/2019 16:38,,,
ACT-0004827,10977,Login,2021-01-31T07:22:00Z,,,renewal discussion
ACT-0001101,10225,Payment,05/21/2022 09:57,-,USD,escalated: parts delay
ACT-0003996,10810,Payment,2024-09-09T12:52:00Z,"5,175.00",USD,
ACT-0003797,10768,Login,2020-06-01T12:31:00Z,,,renewal discussion
ACT-0003380,10686,Call,2019-01-21T16:10:00Z,,,renewal discussion
ACT-0003845,10777,Payment,05-Jul-2019 10:29 AM,3625.0,USD,monthly invoice
ACT-0002278,10469,Payment,2025-08-05T14:54:00Z,4750,USD,portal login
ACT-0001979,10409,Payment,2017-11-16 07:35:00-05:00,-,USD,
ACT-0004382,10886,Invoice,28-Aug-2020 05:18 PM,-,USD,asked about seat pricing
ACT-0001274,10262,Payment,2022-06-06T08:32:00Z,5125,USD,asked about seat pricing
ACT-0000993,10205,Note,2024-11-05T19:46:00Z,,,asked about seat pricing
ACT-0002230,10459,Invoice,2025-11-14T13:00:00Z,-,USD,asked about seat pricing
ACT-0000323,10064,Support Ticket,2023-09-21T19:32:00Z,,,
ACT-0001534,10315,Payment,12/31/2021 14:04,-,USD,asked about seat pricing
ACT-0002459,10505,Note,04/01/2026 17:41,,,portal login
ACT-0003374,10684,Login,2025-04-28T09:19:00Z,,,portal login
ACT-0003322,10675,Login,03/18/2023 15:07,,,monthly invoice
ACT-0000270,10053,INVOICE,2025-09-08T16:02:00Z,8875,USD,
ACT-0002743,10558,Invoice,2023-09-04T17:08:00Z,6050.0,USD,
ACT-0001779,10367,Payment,2025-05-18T15:18:00Z,5150.0,USD,monthly invoice
ACT-0004530,10915,Invoice,2025-09-14T15:14:00Z,500.00,USD,
ACT-0002463,10505,Ticket,08/04/2025 15:46,,,asked about seat pricing
ACT-0002077,10428,Invoice,2023-05-17T09:39:00Z,8750,USD,renewal discussion
ACT-0000419,10084,Support Ticket,2024-09-25T17:02:00Z,,,escalated: parts delay
ACT-0002926,10593,Support Ticket,2021-07-26T11:47:00Z,,,payment received
ACT-0004166,10843,Note,03/27/2022 07:13,,,
ACT-0001900,10394,Invoice,26-Dec-2021 01:14 PM,1350.0,USD,
ACT-0000631,10131,Invoice,2023-06-06T16:44:00Z,2650.0,USD,asked about seat pricing
ACT-0004160,10842,Invoice,27-Nov-2022 11:06 AM,325.0,USD,payment received
ACT-0003597,10728,Invoice,2019-08-25 15:39:00-05:00,-,USD,portal login
ACT-0003272,10664,Invoice,2025-06-27T19:47:00Z,-,USD,
ACT-0004920,10995,Payment,25-Nov-2020 01:14 PM,-,USD,monthly invoice
ACT-0003199,10646,Ticket,2024-11-01T11:12:00Z,,,payment received
ACT-0001589,10327,Invoice,2026-02-02T12:40:00Z,6975.0,USD,
ACT-0001697,10347,Support Ticket,2025-06-04T08:52:00Z,,,renewal discussion
ACT-0001232,10253,Invoice,2018-08-27T07:55:00Z,"1,425.00",USD,escalated: parts delay
ACT-0000956,10196,Ticket,01/03/2022 10:36,,,portal login
ACT-0002683,10546,Note,2020-11-18T07:32:00Z,,,payment received
ACT-0001009,10208,Invoice,03-Jul-2022 08:15 AM,7275.0,USD,
ACT-0000325,10065,Ticket,10/28/2025 14:51,,,
ACT-0004796,10970,Note,07/06/2017 16:02,,,
ACT-0000098,10020,Call,06/24/2022 12:34,,,
ACT-0004236,10858,Payment,2026-03-26 09:35:00-05:00,"1,575.00",USD,portal login
ACT-0002042,10423,Invoice,2023-05-26T17:10:00Z,-,USD,asked about seat pricing
ACT-0004028,10816,Payment,01-Mar-2023 10:47 AM,-,USD,portal login
ACT-0000632,10131,Payment,2023-03-04T13:21:00Z,3975,USD,escalated: parts delay
ACT-0003976,10807,Invoice,2022-10-06T09:32:00Z,4900.0,USD,
ACT-0000907,10186,Invoice,2023-02-10T09:42:00Z,825,USD,asked about seat pricing
ACT-0004381,10886,Invoice,10/25/2019 11:49,4325.0,USD,monthly invoice
ACT-0003217,10652,Support Ticket,28-Mar-2019 12:15 PM,,,payment received
ACT-0000750,10153,Note,03-Mar-2022 07:23 PM,,,
ACT-0002855,10581,Login,03-Mar-2026 03:58 PM,,,escalated: parts delay
ACT-0002669,10543,Ticket,2024-11-23T10:43:00Z,,,portal login
ACT-0003849,10778,Payment,01/28/2025 11:56,1150,USD,asked about seat pricing
ACT-0002721,10554,Login,22-Jul-2023 10:00 AM,,,portal login
ACT-0003646,10736,Note,10/17/2023 16:50,,,escalated: parts delay
ACT-0003076,10623,Login,2019-01-27T07:21:00Z,,,
ACT-0004848,10981,INVOICE,2022-03-29 08:17:00-05:00,7700,USD,asked about seat pricing
ACT-0000227,10043,Support Ticket,2018-01-01T19:51:00Z,,,renewal discussion
ACT-0000906,10186,Ticket,02/09/2023 12:44,,,
ACT-0002337,10482,Login,2017-06-02T08:47:00Z,,,
ACT-0002290,10472,Invoice,2026-06-17 07:42:00-05:00,"5,625.00",USD,monthly invoice
ACT-0000058,10011,Support Ticket,17-Nov-2022 02:10 PM,,,
ACT-0002996,10606,Call,2025-02-13T19:56:00Z,,,
ACT-0003398,10690,Login,2025-01-21T10:36:00Z,,,escalated: parts delay
ACT-0003191,10645,Login,2020-05-17T07:51:00Z,,,payment received
ACT-0002556,10521,Login,2017-04-03T08:42:00Z,,,portal login
ACT-0003576,10724,Note,12-Apr-2022 04:46 PM,,,renewal discussion
ACT-0003864,10781,Payment,2025-05-07T16:24:00Z,"1,100.00",USD,renewal discussion
ACT-0003725,10753,Invoice,07/09/2020 09:20,5250.0,USD,payment received
ACT-0000356,10074,Login,02/25/2023 19:12,,,
ACT-0001108,10226,Login,2023-05-28T14:53:00Z,,,
ACT-0003143,10637,INVOICE,2026-01-13T12:40:00Z,-,USD,escalated: parts delay
ACT-0002897,10589,Note,2025-02-02T08:57:00Z,,,asked about seat pricing
ACT-0004275,10865,Login,10/15/2023 15:42,,,payment received
ACT-0001071,10219,Payment,08/01/2024 12:26,7850.0,USD,renewal discussion
ACT-0000369,10076,Login,2025-11-15T13:30:00Z,,,payment received
ACT-0003298,10669,Payment,2021-06-11 10:38:00-05:00,4225,USD,escalated: parts delay
ACT-0002216,10457,Ticket,2025-02-15T19:54:00Z,,,asked about seat pricing
ACT-0000179,10035,Payment,2022-10-05T15:24:00Z,2950,USD,escalated: parts delay
ACT-0004521,10914,Invoice,06-Jun-2021 04:54 PM,-,USD,asked about seat pricing
ACT-0001514,10311,Login,24-Mar-2019 11:57 AM,,,renewal discussion
ACT-0000982,10203,Login,2024-06-02T18:30:00Z,,,
ACT-0000977,10202,Call,09/10/2024 18:48,,,payment received
ACT-0004287,10868,Payment,2019-07-05T07:23:00Z,6025,USD,escalated: parts delay
ACT-0003466,10703,Invoice,2026-03-01T17:27:00Z,5950,USD,portal login
ACT-0004449,10899,Payment,2026-02-28T08:59:00Z,5150,USD,
ACT-0002416,10497,Note,05/10/2026 19:54,,,portal login
ACT-0000229,10044,Payment,2026-01-02T07:12:00Z,-,USD,monthly invoice
ACT-0000639,10132,Invoice,2017-08-08T14:27:00Z,8400.0,USD,
ACT-0000985,10203,Ticket,2025-09-04T19:00:00Z,,,payment received
ACT-0003506,10710,Support Ticket,16-Sep-2024 12:17 PM,,,renewal discussion
ACT-0000638,10132,Payment,11-Jan-2018 09:03 AM,5875.0,USD,renewal discussion
ACT-0001136,10231,Ticket,2024-11-11T12:29:00Z,,,renewal discussion
ACT-0003822,10772,Ticket,2021-05-18T18:32:00Z,,,monthly invoice
ACT-0002041,10422,Invoice,2026-04-22T18:44:00Z,-,USD,monthly invoice
ACT-0004298,10870,Invoice,03/09/2025 19:52,8975.0,USD,monthly invoice
ACT-0003541,10718,INVOICE,08/26/2026 15:26,1175,USD,renewal discussion
ACT-0002647,10538,Invoice,2024-08-16 17:54:00-05:00,1300.0,USD,
ACT-0004704,10951,Support Ticket,14-Jan-2018 04:25 PM,,,
ACT-0004519,10914,Login,06-May-2022 02:39 PM,,,payment received
ACT-0001360,10278,Invoice,2025-08-12 19:26:00-05:00,"4,625.00",USD,portal login
ACT-0002036,10421,Invoice,26-Oct-2022 11:52 AM,9175,USD,
ACT-0002973,10603,Login,11/27/2019 07:48,,,escalated: parts delay
ACT-0000183,10036,Invoice,2025-11-15T12:14:00Z,-,USD,payment received
ACT-0002623,10535,Note,07/04/2025 14:03,,,payment received
ACT-0004081,10826,Invoice,2022-01-15 16:49:00-05:00,5800,USD,
ACT-0003523,10714,INVOICE,2019-07-06T18:04:00Z,2525,USD,monthly invoice
ACT-0000049,10010,Invoice,2021-01-30T11:52:00Z,-,USD,
ACT-0000518,10106,Ticket,09/17/2020 09:39,,,
ACT-0001400,10289,Ticket,2026-05-28T12:45:00Z,,,monthly invoice
ACT-0001364,10280,Payment,2025-10-01T08:00:00Z,"2,175.00",USD,renewal discussion
ACT-0001579,10325,Payment,2024-09-23T17:22:00Z,"2,550.00",USD,monthly invoice
ACT-0002066,10427,Support Ticket,2023-08-21T18:18:00Z,,,
ACT-0001942,10403,Ticket,12-Apr-2024 01:29 PM,,,escalated: parts delay
ACT-0002501,10513,Invoice,17-Jun-2024 03:26 PM,5900,USD,asked about seat pricing
ACT-0000238,10046,Invoice,12-Oct-2024 05:30 PM,-,USD,
ACT-0000859,10178,Note,26-Sep-2024 05:31 PM,,,payment received
ACT-0002486,10510,Ticket,2022-07-30T12:03:00Z,,,
ACT-0001841,10380,Invoice,07-Jul-2023 05:08 PM,-,USD,payment received
ACT-0003132,10635,Invoice,2026-04-28 07:42:00-05:00,-,USD,
ACT-0001655,10340,Ticket,2019-04-11T15:01:00Z,,,portal login
ACT-0001531,10314,Support Ticket,2018-12-16T10:19:00Z,,,asked about seat pricing
ACT-0004571,10923,Note,2025-01-04 08:25:00-05:00,,,monthly invoice
ACT-0000886,10183,Ticket,09/10/2025 15:10,,,payment received
ACT-0001323,10271,Login,2025-05-17T08:00:00Z,,,escalated: parts delay
ACT-0002368,10488,Support Ticket,01/06/2026 11:12,,,escalated: parts delay
ACT-0002868,10585,Payment,2025-03-20T10:48:00Z,3825,USD,asked about seat pricing
ACT-0001612,10331,Invoice,2022-11-28T18:46:00Z,-,USD,monthly invoice
ACT-0003767,10762,Ticket,10/30/2022 16:25,,,escalated: parts delay
ACT-0002509,10514,Payment,07/10/2018 10:57,9300.0,USD,
ACT-0003935,10796,Ticket,04-Sep-2025 08:01 AM,,,portal login
ACT-0004556,10920,Support Ticket,04-Jun-2017 07:45 AM,,,payment received
ACT-0003029,10613,Payment,2023-08-31T19:33:00Z,"4,900.00",USD,asked about seat pricing
ACT-0002776,10567,Payment,12/06/2021 19:04,"2,375.00",USD,escalated: parts delay
ACT-0003702,10750,Login,10/08/2018 12:46,,,portal login
ACT-0002570,10525,Payment,03/19/2026 11:02,5625,USD,
ACT-0000955,10196,Invoice,01/04/2022 14:22,-,USD,renewal discussion
ACT-0000943,10193,Invoice,2024-07-02T12:18:00Z,"5,650.00",USD,escalated: parts delay
ACT-0003474,10705,Invoice,2021-10-31T15:49:00Z,8525.0,USD,renewal discussion
ACT-0001905,10395,Login,17-Jan-2026 02:41 PM,,,payment received
ACT-0000435,10088,Invoice,06/06/2022 17:04,6000.0,USD,
ACT-0000709,10145,Note,2024-01-09 09:04:00-05:00,,,
ACT-0002171,10447,Payment,2025-03-19T19:12:00Z,-,USD,portal login
ACT-0004333,10877,INVOICE,04/17/2017 09:03,"7,700.00",USD,portal login
ACT-0000357,10074,Ticket,2023-05-04T11:31:00Z,,,asked about seat pricing
ACT-0003764,10761,Ticket,2022-11-29 09:32:00-05:00,,,
ACT-0003085,10626,Payment,2020-10-10T07:37:00Z,3850.0,USD,portal login
ACT-0002639,10537,Note,02/19/2018 19:02,,,
ACT-0004832,10978,Ticket,2019-07-20T07:06:00Z,,,
ACT-0000972,10200,Invoice,09/27/2022 18:41,-,USD,payment received
ACT-0001335,10273,Login,2020-02-07T18:54:00Z,,,portal login
ACT-0004302,10871,Ticket,2020-04-11T14:44:00Z,,,portal login
ACT-0001743,10357,Call,2024-12-15T13:02:00Z,,,
ACT-0004204,10850,Note,2026-03-21T08:19:00Z,,,renewal discussion
ACT-0000035,10007,Ticket,04/30/2026 12:44,,,escalated: parts delay
ACT-0004934,10997,Invoice,2019-04-19T16:37:00Z,4550.0,USD,
ACT-0000017,10004,Invoice,2023-04-23T07:26:00Z,6950,USD,monthly invoice
ACT-0002842,10578,INVOICE,29-Oct-2023 09:27 AM,375.00,USD,
ACT-0004477,10905,Invoice,2024-10-29T13:55:00Z,-,USD,
ACT-0004523,10915,Support Ticket,21-Jun-2026 07:51 PM,,,
ACT-0003292,10668,Note,2025-02-13T09:32:00Z,,,escalated: parts delay
ACT-0001046,10213,Invoice,2022-07-04T14:35:00Z,"7,875.00",USD,payment received
ACT-0003140,10637,Invoice,01/11/2026 17:02,8400.0,USD,renewal discussion
ACT-0003117,10632,Payment,2021-12-02T15:52:00Z,8200,USD,payment received
ACT-0000513,10105,Ticket,04/02/2020 17:44,,,
ACT-0001833,10377,Invoice,2017-07-03T15:11:00Z,3325,USD,portal login
ACT-0004900,10990,Payment,2018-07-05 08:05:00-05:00,2950,USD,payment received
ACT-0003002,10608,Support Ticket,2020-06-01T09:52:00Z,,,
ACT-0000464,10093,Invoice,06/24/2019 16:16,4600.0,USD,escalated: parts delay
ACT-0003776,10763,Support Ticket,2020-07-30T08:22:00Z,,,portal login
ACT-0003301,10670,Note,2025-01-22T10:51:00Z,,,asked about seat pricing
ACT-0002073,10428,Invoice,03-Feb-2024 05:33 PM,5400.0,USD,payment received
ACT-0000995,10205,Ticket,11/08/2024 19:41,,,asked about seat pricing
ACT-0004145,10838,Login,2025-02-14T18:53:00Z,,,portal login
ACT-0000393,10080,Ticket,12/20/2019 10:33,,,asked about seat pricing
ACT-0004200,10849,Support Ticket,2024-12-28T08:13:00Z,,,asked about seat pricing
ACT-0003056,10619,Login,2024-02-12 14:00:00-05:00,,,portal login
ACT-0001079,10222,Call,09-May-2020 10:06 AM,,,escalated: parts delay
ACT-0001500,10309,Call,2026-03-28 08:10:00-05:00,,,payment received
ACT-0002132,10439,Call,01/19/2025 18:49,,,escalated: parts delay
ACT-0001512,10311,Payment,2019-08-18T11:41:00Z,3450.0,USD,monthly invoice
ACT-0000186,10036,Login,05-Dec-2025 05:34 PM,,,asked about seat pricing
ACT-0000868,10180,INVOICE,10/25/2022 15:20,7025.0,USD,payment received
ACT-0000255,10050,Payment,10/21/2021 11:38,2900.0,USD,asked about seat pricing
ACT-0001239,10254,Ticket,05-Jan-2025 08:50 AM,,,
ACT-0001573,10323,Login,11/25/2018 07:21,,,asked about seat pricing
ACT-0001240,10254,Invoice,2025-05-06T18:37:00Z,"2,175.00",USD,
ACT-0001380,10284,Support Ticket,2020-05-30 13:59:00-05:00,,,monthly invoice
ACT-0002787,10569,Payment,2024-01-27 19:08:00-05:00,7075,USD,
ACT-0001828,10377,Invoice,2017-05-21T13:12:00Z,-,USD,asked about seat pricing
ACT-0004409,10893,Invoice,12/11/2023 14:57,9175,USD,portal login
ACT-0003367,10683,Invoice,2022-07-02T17:32:00Z,875.0,USD,escalated: parts delay
ACT-0003897,10788,Call,09/27/2020 19:09,,,asked about seat pricing
ACT-0000099,10020,Ticket,09-Mar-2022 07:15 AM,,,escalated: parts delay
ACT-0000385,10079,Login,2018-05-17T13:17:00Z,,,monthly invoice
ACT-0002110,10436,Payment,05/07/2025 08:01,7100,USD,payment received
ACT-0004818,10975,Invoice,2020-08-12T13:37:00Z,2625.0,USD,portal login
ACT-0002045,10424,Note,04/18/2022 15:45,,,payment received
ACT-0000022,10004,Invoice,08/23/2024 14:58,500.00,USD,
ACT-0003051,10618,Payment,07/24/2020 18:43,"7,525.00",USD,asked about seat pricing
ACT-0002012,10416,Invoice,05/13/2026 18:13,-,USD,
ACT-0002841,10578,Payment,2025-03-16T09:14:00Z,-,USD,escalated: parts delay
ACT-0001730,10355,Invoice,06/03/2019 13:48,3675,USD,portal login
ACT-0000381,10078,Call,01/16/2026 19:44,,,escalated: parts delay
ACT-0003463,10703,INVOICE,28-Nov-2025 08:24 AM,-,USD,renewal discussion
ACT-0001493,10307,Invoice,02/12/2025 16:13,275.0,USD,monthly invoice
ACT-0002252,10465,Login,2023-06-03T18:07:00Z,,,payment received
ACT-0000462,10093,Invoice,2020-08-30T18:30:00Z,-,USD,
ACT-0001156,10235,Login,12/15/2025 19:51,,,
ACT-0004383,10887,Support Ticket,02/13/2019 12:12,,,escalated: parts delay
ACT-0004395,10890,Invoice,2018-10-01T17:00:00Z,2300.0,USD,
ACT-0000764,10155,Payment,07/01/2023 15:15,1425,USD,
ACT-0003653,10738,Login,2026-01-12 16:35:00-05:00,,,escalated: parts delay
ACT-0002660,10542,Invoice,2020-03-25T12:37:00Z,1800,USD,portal login
ACT-0002085,10430,Login,2024-04-21T07:50:00Z,,,renewal discussion
ACT-0003094,10628,Invoice,2024-07-07T08:18:00Z,4700.0,USD,monthly invoice
ACT-0001452,10300,Payment,2020-05-23T12:01:00Z,2475.0,USD,monthly invoice
ACT-0002048,10424,Ticket,03/03/2021 15:26,,,payment received
ACT-0000525,10107,Ticket,12-May-2022 01:25 PM,,,payment received
ACT-0000496,10102,Ticket,08/08/2024 18:12,,,monthly invoice
ACT-0001116,10227,Invoice,01/26/2026 09:44,-,USD,monthly invoice
ACT-0002978,10604,Invoice,2026-01-10T09:32:00Z,7925,USD,payment received
ACT-0000681,10140,Payment,20-Jan-2018 10:58 AM,-,USD,monthly invoice
ACT-0000298,10060,Payment,27-Aug-2019 01:04 PM,9200,USD,portal login
ACT-0003183,10644,Invoice,2025-07-30T09:46:00Z,125,USD,
ACT-0003942,10798,Payment,2022-11-28T08:17:00Z,-,USD,escalated: parts delay
ACT-0002814,10574,Payment,02-Nov-2024 06:56 PM,5500,USD,payment received
ACT-0002965,10602,Invoice,2019-06-08T09:55:00Z,8975,USD,escalated: parts delay
ACT-0001631,10335,Login,21-Nov-2019 07:00 PM,,,
ACT-0000772,10157,Invoice,2020-08-17T19:04:00Z,25,USD,payment received
ACT-0002201,10453,Support Ticket,09/09/2018 08:31,,,
ACT-0004793,10970,Login,2019-05-04T11:20:00Z,,,
ACT-0001055,10215,Ticket,2023-04-28T11:36:00Z,,,monthly invoice
ACT-0001538,10315,Ticket,08/23/2021 09:59,,,renewal discussion
ACT-0004351,10881,Login,2020-10-16 14:38:00-05:00,,,
ACT-0003365,10682,Login,2019-09-08T14:57:00Z,,,portal login
ACT-0003709,10751,Call,2024-11-02 16:15:00-05:00,,,portal login
ACT-0003971,10805,Ticket,2025-12-30T17:55:00Z,,,renewal discussion
ACT-0004423,10895,Login,2023-04-27 08:57:00-05:00,,,payment received
ACT-0000522,10106,Payment,2018-10-16T07:24:00Z,-,USD,asked about seat pricing
ACT-0001054,10215,Payment,2022-05-07 10:32:00-05:00,550.00,USD,asked about seat pricing
ACT-0002773,10567,Support Ticket,18-Oct-2021 04:49 PM,,,payment received
ACT-0004270,10864,Ticket,2021-11-11T16:58:00Z,,,
ACT-0004364,10883,INVOICE,10/27/2020 19:44,2075,USD,portal login
ACT-0002476,10508,Note,05/17/2025 18:35,,,payment received
ACT-0001370,10282,Call,28-Sep-2023 07:38 AM,,,
ACT-0002581,10527,INVOICE,04/17/2025 11:10,2375,USD,renewal discussion
ACT-0004648,10939,Login,2024-07-27T15:41:00Z,,,escalated: parts delay
ACT-0002821,10575,Invoice,06/19/2020 19:38,-,USD,renewal discussion
ACT-0004921,10995,Invoice,12/15/2020 12:49,"9,925.00",USD,renewal discussion
ACT-0004904,10991,INVOICE,03/21/2026 10:34,-,USD,asked about seat pricing
ACT-0002207,10454,Invoice,07/19/2025 09:23,9350.0,USD,
ACT-0003335,10677,Invoice,02/18/2020 12:07,2050,USD,
ACT-0001780,10367,Call,2025-05-07T19:58:00Z,,,monthly invoice
ACT-0004256,10861,Payment,04/04/2025 14:19,1150.0,USD,payment received
ACT-0000152,10029,Invoice,07-Nov-2021 02:44 PM,5100,USD,portal login
ACT-0004939,10998,Ticket,11/15/2023 14:10,,,renewal discussion
ACT-0001778,10367,Call,09-Jul-2025 01:49 PM,,,
ACT-0003323,10675,Login,2022-07-03T18:08:00Z,,,monthly invoice
ACT-0002645,10538,Ticket,2024-04-17T08:27:00Z,,,asked about seat pricing
ACT-0000274,10055,Login,06/11/2018 09:28,,,asked about seat pricing
ACT-0002608,10532,Support Ticket,2023-12-24T11:16:00Z,,,asked about seat pricing
ACT-0003793,10767,Ticket,08-Jan-2020 09:07 AM,,,asked about seat pricing
ACT-0000314,10063,Login,11/20/2018 08:38,,,
ACT-0004367,10884,Payment,08/08/2023 14:08,4425.0,USD,escalated: parts delay
ACT-0001849,10381,Call,2020-09-21T14:44:00Z,,,portal login
ACT-0002865,10584,Payment,10/29/2022 15:31,"8,250.00",USD,payment received
ACT-0002583,10527,Login,2025-06-12 17:11:00-05:00,,,asked about seat pricing
ACT-0002767,10566,Invoice,22-Mar-2021 09:58 AM,8425,USD,monthly invoice
ACT-0001371,10282,Invoice,2024-02-29T18:46:00Z,700.0,USD,portal login
ACT-0002329,10479,Invoice,04/23/2021 09:28,500,USD,monthly invoice
ACT-0000320,10064,Invoice,2022-06-25T15:25:00Z,5050.0,USD,payment received
ACT-0004463,10903,INVOICE,2025-02-17T15:07:00Z,1625.0,USD,asked about seat pricing
ACT-0002782,10568,INVOICE,2025-03-22T13:59:00Z,1025.0,USD,
ACT-0003896,10788,Login,2019-12-14T10:06:00Z,,,asked about seat pricing
ACT-0002101,10435,INVOICE,2026-04-22T10:08:00Z,6625,USD,monthly invoice
ACT-0003733,10756,Login,2019-03-10T08:00:00Z,,,renewal discussion
ACT-0004370,10884,Support Ticket,2023-04-28T15:34:00Z,,,
ACT-0002546,10520,Invoice,04-Jun-2020 07:21 PM,-,USD,portal login
ACT-0001723,10352,INVOICE,01/31/2024 18:18,"4,350.00",USD,portal login
ACT-0003879,10784,Invoice,28-Mar-2025 06:38 PM,7175.0,USD,monthly invoice
ACT-0002659,10541,Payment,2023-07-24T09:15:00Z,9925.0,USD,payment received
ACT-0002680,10545,Invoice,2024-10-11T15:05:00Z,4450,USD,
ACT-0002078,10429,Support Ticket,2023-03-26T12:52:00Z,,,payment received
ACT-0003551,10719,INVOICE,05/12/2026 09:28,6925.0,USD,escalated: parts delay
ACT-0003242,10657,Payment,2018-02-23T10:14:00Z,-,USD,escalated: parts delay
ACT-0004885,10988,Login,2024-10-02T16:45:00Z,,,
ACT-0000559,10114,Note,06/11/2021 09:16,,,portal login
ACT-0003061,10620,Invoice,2019-04-30T17:53:00Z,-,USD,escalated: parts delay
ACT-0001568,10323,Payment,2020-06-06T14:18:00Z,"7,975.00",USD,portal login
ACT-0000488,10099,Ticket,2025-09-06T08:34:00Z,,,
ACT-0001557,10320,Note,05/04/2022 09:20,,,asked about seat pricing
ACT-0000283,10057,Login,2021-03-03 18:53:00-05:00,,,payment received
ACT-0003686,10746,Invoice,11/17/2019 16:33,9400.0,USD,renewal discussion
ACT-0001496,10308,Invoice,04-Jun-2021 07:19 AM,-,USD,monthly invoice
ACT-0004234,10857,Ticket,2022-01-20T09:18:00Z,,,
ACT-0000588,10120,Payment,12/29/2025 12:26,5975.0,USD,portal login
ACT-0000621,10129,Invoice,07/11/2024 10:35,4800.0,USD,escalated: parts delay
ACT-0002797,10571,Invoice,04/03/2021 15:37,7800,USD,monthly invoice
ACT-0001446,10299,Login,07/16/2019 19:52,,,payment received
ACT-0003775,10763,Ticket,2022-09-10T15:04:00Z,,,
ACT-0003411,10692,Invoice,2024-10-09 16:10:00-05:00,"3,775.00",USD,monthly invoice
ACT-0001739,10356,Payment,2022-08-27T08:27:00Z,"2,400.00",USD,asked about seat pricing
ACT-0001888,10391,Invoice,29-May-2025 11:23 AM,-,USD,monthly invoice
ACT-0001289,10265,Support Ticket,06/16/2023 18:04,,,
ACT-0004002,10811,Login,10-May-2019 03:53 PM,,,monthly invoice
ACT-0004258,10862,Invoice,2021-10-11T11:16:00Z,"7,800.00",USD,
ACT-0002178,10449,Note,2025-06-04 08:21:00-05:00,,,monthly invoice
ACT-0001945,10403,Invoice,2023-06-30T17:27:00Z,6675,USD,renewal discussion
ACT-0001605,10330,Payment,2022-12-30T15:17:00Z,-,USD,monthly invoice
ACT-0003888,10786,Invoice,2024-08-17 16:45:00-05:00,-,USD,
ACT-0000779,10159,Invoice,22-Jun-2024 04:11 PM,3850.0,USD,monthly invoice
ACT-0003538,10717,INVOICE,2023-07-07T09:01:00Z,5675,USD,
ACT-0000310,10062,Payment,12-Mar-2026 01:54 PM,"7,200.00",USD,
ACT-0000897,10184,Note,2026-02-27T09:04:00Z,,,monthly invoice
ACT-0000196,10038,INVOICE,2021-11-07T13:37:00Z,1950.0,USD,payment received
ACT-0001670,10343,Support Ticket,2026-07-02T16:44:00Z,,,portal login
ACT-0004532,10916,Invoice,2025-12-18T08:54:00Z,"7,975.00",USD,portal login
ACT-0002770,10566,Login,2021-04-03T10:52:00Z,,,escalated: parts delay
ACT-0004267,10863,Payment,05/06/2020 13:13,-,USD,payment received
ACT-0002225,10458,Login,2019-12-31 12:48:00-05:00,,,payment received
ACT-0004736,10959,Note,2020-05-14T07:14:00Z,,,
ACT-0004771,10965,Support Ticket,07/16/2023 14:24,,,
ACT-0001348,10276,Note,2018-02-28T07:39:00Z,,,monthly invoice
ACT-0002134,10440,Invoice,2020-05-07 09:09:00-05:00,6675,USD,escalated: parts delay
ACT-0003128,10634,Ticket,15-Mar-2026 07:46 PM,,,payment received
ACT-0002535,10518,Support Ticket,25-Dec-2019 02:58 PM,,,renewal discussion
ACT-0004727,10957,Invoice,2021-11-18T19:17:00Z,"4,100.00",USD,escalated: parts delay
ACT-0004867,10985,Login,2024-12-28T16:19:00Z,,,payment received
ACT-0002822,10575,Call,2020-05-02T09:12:00Z,,,monthly invoice
ACT-0003521,10714,INVOICE,25-May-2020 04:07 PM,6025,USD,escalated: parts delay
ACT-0003334,10677,Login,2021-08-06T17:15:00Z,,,
ACT-0004434,10897,Invoice,06/13/2019 15:11,"6,675.00",USD,renewal discussion
ACT-0004129,10834,Login,11/03/2018 07:37,,,renewal discussion
ACT-0004457,10901,INVOICE,02/22/2024 19:15,-,USD,monthly invoice
ACT-0003017,10611,Payment,01/28/2024 08:03,"9,475.00",USD,
ACT-0000694,10142,Ticket,07/17/2020 17:32,,,renewal discussion
ACT-0002808,10573,Invoice,08-Apr-2019 09:51 AM,"7,700.00",USD,renewal discussion
ACT-0001736,10355,Payment,07/09/2019 09:28,5450,USD,
ACT-0000668,10138,Invoice,2021-06-18T08:15:00Z,-,USD,portal login
ACT-0001882,10389,Invoice,01/20/2019 14:10,-,USD,
ACT-0001851,10381,Payment,2020-08-21T08:01:00Z,-,USD,escalated: parts delay
ACT-0002218,10457,Ticket,25-Feb-2026 10:25 AM,,,payment received
ACT-0003216,10652,Login,14-Sep-2019 08:12 AM,,,asked about seat pricing
ACT-0003316,10673,Login,2026-05-09T15:17:00Z,,,escalated: parts delay
ACT-0004459,10902,Support Ticket,2026-05-27T09:11:00Z,,,portal login
ACT-0003351,10680,Invoice,2026-04-01T12:35:00Z,7650.0,USD,monthly invoice
ACT-0002111,10436,INVOICE,2023-03-25T16:00:00Z,4825.0,USD,asked about seat pricing
ACT-0001737,10356,Note,2026-06-19T14:02:00Z,,,monthly invoice
ACT-0000346,10072,Login,15-Mar-2021 04:33 PM,,,renewal discussion
ACT-0001491,10307,Payment,2025-06-03T12:32:00Z,8200.0,USD,
ACT-0002964,10601,Login,03/17/2021 17:42,,,portal login
ACT-0002526,10517,Payment,2024-08-06T07:44:00Z,"3,275.00",USD,
ACT-0002238,10462,Support Ticket,2018-10-04 18:48:00-05:00,,,escalated: parts delay
ACT-0000141,10028,Ticket,2025-08-11T13:09:00Z,,,asked about seat pricing
ACT-0001692,10346,Login,2025-09-14T19:59:00Z,,,payment received
ACT-0004753,10962,Ticket,2021-03-21T15:21:00Z,,,payment received
ACT-0004334,10877,Invoice,2019-08-20 08:00:00-05:00,"5,875.00",USD,portal login
ACT-0003883,10785,Invoice,2026-03-04T19:21:00Z,125,USD,renewal discussion
ACT-0001365,10280,INVOICE,2024-11-15T17:50:00Z,9575,USD,renewal discussion
ACT-0000015,10003,Payment,2020-06-22 12:25:00-05:00,75.0,USD,monthly invoice
ACT-0003047,10617,Invoice,07/23/2026 08:12,8050,USD,
ACT-0000165,10032,Payment,15-Feb-2022 05:34 PM,-,USD,renewal discussion
ACT-0001578,10325,Note,2020-03-20T15:12:00Z,,,portal login
ACT-0001630,10334,Call,2023-03-25T19:42:00Z,,,
ACT-0004075,10824,Call,2024-08-07T13:04:00Z,,,monthly invoice
ACT-0000223,10043,Invoice,04/04/2021 19:27,-,USD,asked about seat pricing
ACT-0002232,10460,Call,24-May-2026 08:44 AM,,,
ACT-0004694,10950,Payment,2025-12-01 15:45:00-05:00,"7,125.00",USD,
ACT-0004323,10875,Ticket,2022-04-28T15:30:00Z,,,renewal discussion
ACT-0003225,10653,Payment,11/17/2022 11:18,4775,USD,renewal discussion
ACT-0003730,10754,Ticket,2019-09-12T15:09:00Z,,,
ACT-0002244,10463,INVOICE,13-Mar-2024 01:32 PM,-,USD,renewal discussion
ACT-0004936,10997,Payment,2019-09-17T17:41:00Z,550,USD,portal login
ACT-0004306,10871,Ticket,2019-11-27T09:06:00Z,,,escalated: parts delay
ACT-0004807,10974,INVOICE,2020-12-12T17:57:00Z,400.0,USD,portal login
ACT-0001859,10383,Note,07/25/2024 19:30,,,
ACT-0000431,10087,Support Ticket,01/26/2023 13:24,,,escalated: parts delay
ACT-0001509,10310,Login,2022-11-09T18:13:00Z,,,
ACT-0001353,10277,INVOICE,24-Aug-2024 07:54 AM,5875,USD,
ACT-0001528,10313,Payment,2022-12-23T13:31:00Z,"8,450.00",USD,
ACT-0004854,10982,Payment,10/23/2020 08:29,"6,325.00",USD,payment received
ACT-0003643,10736,Call,2023-12-16T07:41:00Z,,,escalated: parts delay
ACT-0001273,10261,Payment,2025-01-02T16:24:00Z,"3,650.00",USD,payment received
ACT-0004942,10999,INVOICE,2021-12-01T12:20:00Z,-,USD,escalated: parts delay
ACT-0001478,10305,Ticket,2021-12-18T11:20:00Z,,,portal login
ACT-0001032,10211,Payment,2020-09-02T09:32:00Z,"6,425.00",USD,portal login
ACT-0003352,10680,Ticket,2026-04-03 18:51:00-05:00,,,asked about seat pricing
ACT-0003934,10796,Ticket,2022-12-11T17:09:00Z,,,escalated: parts delay
ACT-0004165,10843,Payment,05/03/2022 11:40,8625,USD,asked about seat pricing
ACT-0003101,10629,Note,2023-08-31T09:33:00Z,,,payment received
ACT-0003972,10805,Ticket,19-Jan-2025 01:00 PM,,,monthly invoice
ACT-0001974,10407,Login,2020-09-16T13:21:00Z,,,monthly invoice
ACT-0002675,10545,Invoice,20-Feb-2025 02:37 PM,"7,200.00",USD,payment received
ACT-0003674,10743,Payment,05/14/2019 18:02,"5,175.00",USD,portal login
ACT-0004390,10888,Ticket,2024-04-11T13:40:00Z,,,
ACT-0001804,10371,Payment,2022-08-16 08:31:00-05:00,6825,USD,monthly invoice
ACT-0002528,10517,Payment,2022-06-19T12:28:00Z,7650,USD,
ACT-0001166,10237,Ticket,01/11/2025 17:11,,,renewal discussion
ACT-0002511,10514,Payment,09/03/2020 11:49,175.0,USD,renewal discussion
ACT-0004824,10976,Payment,01/18/2023 19:49,"9,800.00",USD,asked about seat pricing
ACT-0004656,10941,Invoice,2025-10-19T18:49:00Z,1125,USD,payment received
ACT-0002493,10511,Payment,08/23/2021 08:36,3100,USD,escalated: parts delay
ACT-0000151,10029,Payment,2023-07-25T18:17:00Z,"7,450.00",USD,renewal discussion
ACT-0001487,10307,Ticket,12/15/2024 18:34,,,
ACT-0004079,10825,Ticket,01/10/2026 11:52,,,escalated: parts delay
ACT-0002295,10472,Invoice,07/11/2026 14:41,3325.0,USD,
ACT-0004271,10864,Login,2021-11-29T10:21:00Z,,,
ACT-0000915,10187,Payment,2020-02-12T08:52:00Z,-,USD,portal login
ACT-0004213,10853,Invoice,01/25/2023 12:47,6450,USD,payment received
ACT-0000028,10005,Login,2024-01-18 19:21:00-05:00,,,
ACT-0002005,10414,INVOICE,2025-07-15 16:27:00-05:00,9975,USD,
ACT-0003895,10788,Call,2021-05-14T08:06:00Z,,,escalated: parts delay
ACT-0003198,10646,Login,2024-10-24T19:34:00Z,,,
ACT-0004325,10875,Invoice,2021-07-29T09:39:00Z,625.0,USD,asked about seat pricing
ACT-0004375,10885,Login,09/13/2023 09:47,,,
ACT-0001691,10346,Ticket,02/14/2026 08:30,,,asked about seat pricing
ACT-0001075,10220,Invoice,2021-07-02T10:12:00Z,6425,USD,
ACT-0003262,10662,Payment,2025-09-08T13:05:00Z,-,USD,escalated: parts delay
ACT-0001312,10269,Ticket,2022-07-27T07:56:00Z,,,
ACT-0002629,10535,Note,2023-01-23T13:07:00Z,,,
ACT-0001438,10297,Payment,2021-08-06T15:00:00Z,4475,USD,asked about seat pricing
ACT-0001455,10300,Invoice,2020-03-30T16:46:00Z,-,USD,escalated: parts delay
ACT-0001002,10206,Payment,2025-05-05 15:58:00-05:00,"5,025.00",USD,renewal discussion
ACT-0004688,10948,Login,2023-03-14T07:08:00Z,,,
ACT-0002196,10452,Ticket,2022-07-06T19:32:00Z,,,
ACT-0000277,10055,Note,2019-04-16T16:42:00Z,,,asked about seat pricing
ACT-0004717,10955,Note,2023-06-09T16:07:00Z,,,payment received
ACT-0004203,10850,Ticket,2026-02-12T18:23:00Z,,,renewal discussion
ACT-0004006,10813,Ticket,25-Mar-2023 04:53 PM,,,renewal discussion
ACT-0000476,10096,INVOICE,2023-07-18T13:12:00Z,4100,USD,escalated: parts delay
ACT-0004593,10928,Invoice,2021-06-18T14:41:00Z,6050.0,USD,
ACT-0003568,10722,Payment,18-Jul-2020 07:30 AM,4700,USD,escalated: parts delay
ACT-0000150,10029,Login,01/07/2025 18:27,,,payment received
ACT-0001887,10391,Invoice,2025-05-18T16:13:00Z,"3,650.00",USD,monthly invoice
ACT-0004061,10822,Payment,20-May-2018 03:30 PM,1725,USD,escalated: parts delay
ACT-0004099,10829,Invoice,07/19/2021 16:50,6550,USD,payment received
ACT-0004149,10839,Payment,10/05/2022 13:37,-,USD,payment received
ACT-0000888,10183,Login,2025-09-19 15:31:00-05:00,,,renewal discussion
ACT-0000014,10003,Payment,2020-01-22T14:09:00Z,4550.0,USD,escalated: parts delay
ACT-0001640,10336,Ticket,02/18/2023 16:00,,,renewal discussion
ACT-0003193,10645,Invoice,2020-10-10T15:26:00Z,-,USD,portal login
ACT-0004038,10818,Ticket,29-Jun-2022 05:32 PM,,,monthly invoice
ACT-0004873,10986,Note,2022-08-20T13:22:00Z,,,payment received
ACT-0002803,10572,Login,2025-04-01T07:49:00Z,,,escalated: parts delay
ACT-0001700,10347,Invoice,2025-08-05T15:57:00Z,"7,150.00",USD,
ACT-0001556,10320,Invoice,24-Feb-2021 04:24 PM,-,USD,monthly invoice
ACT-0004732,10958,Login,24-Nov-2022 04:15 PM,,,asked about seat pricing
ACT-0003173,10643,Invoice,02-Feb-2020 06:17 PM,"3,375.00",USD,payment received
ACT-0001786,10369,INVOICE,2020-11-06T09:49:00Z,7250.0,USD,
ACT-0000911,10186,Payment,2023-02-22T19:50:00Z,2825.0,USD,portal login
ACT-0003464,10703,Invoice,10/22/2025 16:22,-,USD,asked about seat pricing
ACT-0001643,10338,Login,2024-11-05T15:35:00Z,,,renewal discussion
ACT-0004012,10814,Ticket,2025-07-11T12:02:00Z,,,portal login
ACT-0000975,10201,Payment,2025-08-31T16:20:00Z,4050,USD,escalated: parts delay
ACT-0000428,10086,Payment,04-Jul-2026 10:27 AM,9525.0,USD,payment received
ACT-0003086,10627,Payment,20-Jan-2020 04:55 PM,275.0,USD,payment received
ACT-0003707,10750,Ticket,18-Mar-2021 01:10 PM,,,portal login
ACT-0004563,10922,Invoice,2026-06-14T09:02:00Z,7775.0,USD,payment received
ACT-0003214,10651,Login,2019-06-21T16:46:00Z,,,portal login
ACT-0002829,10577,Payment,2025-09-06T07:02:00Z,"2,950.00",USD,payment received
ACT-0001616,10332,Ticket,24-Mar-2022 03:23 PM,,,
ACT-0002527,10517,Payment,2023-02-10T19:52:00Z,8375.0,USD,
ACT-0000675,10139,Login,06/30/2022 11:23,,,payment received
ACT-0000966,10198,Login,12/01/2021 15:13,,,
ACT-0000968,10198,Payment,2025-04-13 16:45:00-05:00,6850.0,USD,escalated: parts delay
ACT-0002058,10426,Invoice,2025-10-30T16:48:00Z,-,USD,
ACT-0000846,10174,Ticket,2023-01-08T19:53:00Z,,,portal login
ACT-0000962,10198,Payment,2025-12-21T09:34:00Z,-,USD,monthly invoice
ACT-0000412,10083,INVOICE,2022-02-10T11:11:00Z,9150,USD,asked about seat pricing
ACT-0000704,10144,Support Ticket,29-Apr-2023 11:27 AM,,,renewal discussion
ACT-0004092,10828,Login,2019-02-24T09:25:00Z,,,asked about seat pricing
ACT-0003152,10639,Support Ticket,10/26/2023 13:20,,,
ACT-0002024,10419,Ticket,06/22/2019 16:11,,,monthly invoice
ACT-0001711,10351,INVOICE,09/30/2025 19:49,5475.0,USD,escalated: parts delay
ACT-0000387,10079,Invoice,2020-11-14T09:37:00Z,350.00,USD,
ACT-0002839,10578,Ticket,2024-11-27 07:19:00-05:00,,,
ACT-0003363,10682,Invoice,2019-07-12T08:28:00Z,-,USD,portal login
ACT-0004819,10976,Invoice,18-Apr-2023 03:15 PM,875,USD,payment received
ACT-0004767,10964,Payment,25-Feb-2025 09:54 AM,5475,USD,renewal discussion
ACT-0002203,10453,Note,01/24/2019 11:13,,,
ACT-0003894,10788,Payment,08/29/2019 10:47,750,USD,payment received
ACT-0003277,10665,Login,08-Feb-2026 07:14 AM,,,portal login
ACT-0000901,10185,Invoice,2023-10-20T17:57:00Z,-,USD,monthly invoice
ACT-0004482,10907,Call,2026-06-17 15:43:00-05:00,,,
ACT-0003265,10662,Ticket,2025-09-07T17:44:00Z,,,escalated: parts delay
ACT-0001481,10306,Payment,29-Dec-2025 03:14 PM,-,USD,payment received
ACT-0004322,10874,Ticket,11/07/2023 11:59,,,payment received
ACT-0003696,10748,Invoice,2018-10-08T15:21:00Z,550.0,USD,portal login
ACT-0001073,10219,Payment,12-Oct-2021 12:55 PM,6575.0,USD,payment received
ACT-0000952,10195,Payment,2024-12-09T17:52:00Z,5375,USD,payment received
ACT-0001084,10223,Invoice,2023-06-07T18:36:00Z,-,USD,escalated: parts delay
ACT-0001172,10239,Payment,09/11/2025 12:39,1300.0,USD,renewal discussion
ACT-0004820,10976,Support Ticket,2023-03-15T08:50:00Z,,,payment received
ACT-0002881,10587,Login,06/03/2022 14:59,,,
ACT-0000662,10137,Invoice,08/21/2022 10:34,8975,USD,renewal discussion
ACT-0004750,10961,Login,13-Oct-2025 05:34 PM,,,escalated: parts delay
ACT-0003531,10716,Invoice,2023-08-30T10:39:00Z,-,USD,renewal discussion
ACT-0000812,10166,Login,2025-10-22T12:39:00Z,,,monthly invoice
ACT-0000117,10024,Payment,07-Jan-2020 11:52 AM,525.00,USD,
ACT-0002231,10459,Invoice,2026-04-24 08:56:00-05:00,"7,025.00",USD,asked about seat pricing
ACT-0001488,10307,Login,2026-03-23T11:19:00Z,,,
ACT-0002707,10550,Invoice,2021-10-23T18:46:00Z,"4,200.00",USD,
ACT-0002557,10522,Payment,2026-06-06 13:11:00-05:00,5450.0,USD,renewal discussion
ACT-0004164,10843,Login,2021-12-22T19:49:00Z,,,
ACT-0002251,10464,Note,2023-02-22T18:42:00Z,,,portal login
ACT-0004207,10850,Payment,01/28/2026 07:20,1050,USD,
ACT-0002437,10501,Invoice,29-Dec-2022 10:28 AM,3250,USD,escalated: parts delay
ACT-0003315,10673,Login,2026-05-12 19:55:00-05:00,,,monthly invoice
ACT-0002099,10434,Login,26-Jun-2024 12:07 PM,,,monthly invoice
ACT-0000042,10008,Ticket,2021-10-09T15:10:00Z,,,escalated: parts delay
ACT-0001211,10247,Support Ticket,09/18/2021 18:37,,,
ACT-0001179,10239,Support Ticket,2026-03-23T08:07:00Z,,,
ACT-0004910,10992,Ticket,05-Jan-2020 05:36 PM,,,escalated: parts delay
ACT-0003715,10751,Invoice,2024-02-26T08:34:00Z,1025,USD,
ACT-0004220,10854,INVOICE,2023-11-06 13:56:00-05:00,-,USD,escalated: parts delay
ACT-0004498,10910,Note,2023-02-05 15:58:00-05:00,,,payment received
ACT-0001771,10364,Note,2022-11-25 14:12:00-05:00,,,asked about seat pricing
ACT-0003554,10720,Invoice,2021-08-06T17:00:00Z,5675.0,USD,
ACT-0000918,10187,Ticket,2019-06-19T19:22:00Z,,,portal login
ACT-0001957,10405,Payment,2024-01-10T16:42:00Z,2875,USD,
ACT-0000157,10030,Invoice,2019-05-14T16:15:00Z,"7,750.00",USD,
ACT-0002668,10543,Payment,2024-12-01T18:37:00Z,-,USD,
ACT-0004522,10914,Payment,2025-01-14T07:25:00Z,"1,225.00",USD,portal login
ACT-0003667,10742,Payment,2024-11-17T15:44:00Z,"8,825.00",USD,portal login
ACT-0000788,10160,Call,01/16/2026 09:37,,,
ACT-0000498,10102,Login,2022-01-23T11:29:00Z,,,portal login
ACT-0000848,10175,Login,2019-11-05T17:40:00Z,,,
ACT-0004446,10898,Login,07-Mar-2021 04:46 PM,,,
ACT-0003232,10654,Ticket,2026-07-16T13:37:00Z,,,renewal discussion
ACT-0004128,10834,Login,2018-08-27T14:16:00Z,,,portal login
ACT-0001080,10222,INVOICE,2024-03-04T16:25:00Z,875.00,USD,escalated: parts delay
ACT-0001550,10318,Payment,26-Sep-2024 11:10 AM,-,USD,monthly invoice
ACT-0002908,10590,Invoice,29-May-2019 06:38 PM,8850,USD,asked about seat pricing
ACT-0000698,10142,Call,09/29/2020 11:26,,,
ACT-0003544,10718,Invoice,2026-04-16T18:55:00Z,"2,375.00",USD,escalated: parts delay
ACT-0000317,10064,Payment,2022-12-31T08:35:00Z,9725,USD,payment received
ACT-0001191,10242,Login,03/08/2022 13:29,,,portal login
ACT-0001549,10318,Payment,23-Sep-2024 11:57 AM,3775.0,USD,monthly invoice
ACT-0000617,10128,Invoice,18-Mar-2023 06:01 PM,"3,325.00",USD,portal login
ACT-0002508,10514,Invoice,2018-08-14 18:55:00-05:00,"5,925.00",USD,
ACT-0000787,10160,Ticket,2026-02-01T14:49:00Z,,,renewal discussion
ACT-0000870,10180,Payment,2023-01-17 11:35:00-05:00,9850.0,USD,portal login
ACT-0003604,10729,Support Ticket,2020-04-22 09:13:00-05:00,,,renewal discussion
ACT-0002494,10511,Invoice,06/17/2022 10:04,1450,USD,monthly invoice
ACT-0001306,10268,Support Ticket,03-Jul-2024 07:05 AM,,,portal login
ACT-0004762,10963,Invoice,2020-06-30T17:55:00Z,7575,USD,
ACT-0004447,10899,Payment,2026-01-13 08:03:00-05:00,1175.0,USD,
ACT-0000109,10023,Payment,2024-07-18T18:11:00Z,-,USD,renewal discussion
ACT-0001902,10394,INVOICE,07/06/2019 10:54,7375,USD,portal login
ACT-0000967,10198,Note,2024-10-10T16:55:00Z,,,payment received
ACT-0004616,10931,Payment,2017-02-26T15:50:00Z,1175.0,USD,portal login
ACT-0004080,10826,Note,12/15/2021 19:39,,,monthly invoice
ACT-0003994,10810,Payment,2023-03-15T08:58:00Z,7725,USD,asked about seat pricing
ACT-0001597,10329,Payment,01/15/2026 15:25,3475.0,USD,
ACT-0004185,10847,Invoice,06/03/2020 07:10,4175,USD,
ACT-0000731,10148,Login,2021-09-09T10:09:00Z,,,asked about seat pricing
ACT-0004570,10923,Ticket,2024-09-19T18:50:00Z,,,asked about seat pricing
ACT-0003520,10713,Note,07/12/2021 19:26,,,
ACT-0004599,10929,Invoice,2023-07-13T12:23:00Z,450.00,USD,asked about seat pricing
ACT-0003415,10693,Payment,2018-04-14T13:04:00Z,6275.0,USD,asked about seat pricing
ACT-0003187,10645,Call,05/16/2020 16:32,,,monthly invoice
ACT-0004219,10854,Login,2023-01-23T13:29:00Z,,,
ACT-0001484,10306,Note,12/28/2025 10:09,,,escalated: parts delay
ACT-0002985,10605,Invoice,12/23/2023 11:26,"2,550.00",USD,escalated: parts delay
ACT-0000761,10154,INVOICE,08/09/2020 11:24,-,USD,escalated: parts delay
ACT-0002918,10592,Payment,01/01/2018 18:54,4250,USD,
ACT-0004689,10948,Payment,04-Jan-2023 06:57 PM,-,USD,payment received
ACT-0003314,10672,Payment,2018-11-17T14:15:00Z,"9,225.00",USD,renewal discussion
ACT-0001010,10208,Invoice,2023-04-29T10:28:00Z,-,USD,monthly invoice
ACT-0003307,10671,Note,2020-04-05T09:09:00Z,,,payment received
ACT-0002673,10544,Payment,05/22/2021 07:11,6075.0,USD,portal login
ACT-0002620,10534,Ticket,11/29/2019 14:29,,,monthly invoice
ACT-0000083,10017,Invoice,2022-03-23T07:49:00Z,2625,USD,escalated: parts delay
ACT-0001439,10297,Invoice,28-May-2021 09:18 AM,"9,100.00",USD,payment received
ACT-0004765,10963,Invoice,2024-04-11T14:02:00Z,"2,175.00",USD,renewal discussion
ACT-0004646,10938,Payment,2024-12-02T12:03:00Z,-,USD,portal login
ACT-0002022,10418,INVOICE,2025-04-12T15:50:00Z,4150.0,USD,escalated: parts delay
ACT-0004700,10950,Login,2025-12-13 10:58:00-05:00,,,renewal discussion
ACT-0001843,10380,Ticket,2024-09-07 15:27:00-05:00,,,payment received
ACT-0000394,10080,Payment,04/17/2021 15:52,-,USD,payment received
ACT-0004913,10993,Call,05/24/2019 07:20,,,monthly invoice
ACT-0000717,10146,Login,2018-03-15T10:12:00Z,,,renewal discussion
ACT-0002438,10501,Support Ticket,2023-02-08T19:08:00Z,,,monthly invoice
ACT-0001188,10242,Login,2022-04-19T16:44:00Z,,,escalated: parts delay
ACT-0003096,10628,Invoice,2022-10-19T17:39:00Z,-,USD,asked about seat pricing
ACT-0003275,10665,Support Ticket,02/05/2026 14:10,,,escalated: parts delay
ACT-0000426,10086,INVOICE,2025-12-27T13:26:00Z,"3,200.00",USD,escalated: parts delay
ACT-0001793,10370,Payment,25-Aug-2026 09:01 AM,-,USD,portal login
ACT-0003177,10643,Payment,2022-04-06T08:16:00Z,9925,USD,escalated: parts delay
ACT-0003908,10790,Note,2024-07-29T15:53:00Z,,,renewal discussion
ACT-0000224,10043,Payment,10-Sep-2018 07:03 AM,5150,USD,
ACT-0004083,10827,Call,2026-05-29T11:50:00Z,,,escalated: parts delay
ACT-0000032,10006,Ticket,23-Oct-2024 05:16 PM,,,
ACT-0004003,10812,Invoice,2025-01-24T13:31:00Z,650,USD,renewal discussion
ACT-0003391,10688,Invoice,03/01/2018 19:29,1850,USD,payment received
ACT-0000203,10040,Login,2021-04-14T19:43:00Z,,,renewal discussion
ACT-0000252,10049,Ticket,13-Oct-2025 07:04 AM,,,monthly invoice
ACT-0000247,10048,Payment,2023-05-28T17:12:00Z,825,USD,payment received
ACT-0002475,10508,Invoice,05/25/2023 19:57,7950,USD,portal login
ACT-0001947,10404,Payment,2024-12-27T17:19:00Z,"8,500.00",USD,escalated: parts delay
ACT-0003519,10713,Payment,15-Jan-2018 09:28 AM,-,USD,
ACT-0002998,10607,Invoice,10/06/2021 19:16,1950.0,USD,
ACT-0004359,10883,Payment,2021-09-15 11:12:00-05:00,5075.0,USD,renewal discussion
ACT-0001140,10231,Payment,2024-11-20 15:28:00-05:00,3000,USD,
ACT-0001044,10213,Support Ticket,2022-01-17T09:42:00Z,,,renewal discussion
ACT-0001275,10262,Payment,06-Aug-2020 07:30 PM,-,USD,renewal discussion
ACT-0004307,10872,Invoice,2022-10-11T10:28:00Z,"3,125.00",USD,escalated: parts delay
ACT-0001762,10362,Support Ticket,12-Apr-2020 10:09 AM,,,escalated: parts delay
ACT-0001093,10224,Note,2020-06-17T19:29:00Z,,,monthly invoice
ACT-0003546,10719,Note,09-Aug-2025 01:11 PM,,,asked about seat pricing
ACT-0004091,10828,Payment,2025-01-12T08:02:00Z,625,USD,payment received
ACT-0004888,10989,Payment,2026-04-20T07:12:00Z,"7,775.00",USD,asked about seat pricing
ACT-0000300,10060,Note,07/28/2019 16:01,,,renewal discussion
ACT-0000973,10200,Support Ticket,06/18/2022 08:37,,,payment received
ACT-0001357,10278,Ticket,2026-02-07 13:58:00-05:00,,,payment received
ACT-0004614,10931,Note,01-Mar-2017 02:07 PM,,,
ACT-0002961,10601,Note,2020-05-02T17:14:00Z,,,payment received
ACT-0003679,10744,Login,06/07/2021 11:57,,,payment received
ACT-0001881,10389,Support Ticket,10/17/2022 07:16,,,escalated: parts delay
ACT-0002656,10541,Invoice,07/22/2023 15:19,"4,400.00",USD,asked about seat pricing
ACT-0002105,10435,Ticket,10/25/2025 17:05,,,renewal discussion
ACT-0004686,10948,Invoice,2022-03-02T11:12:00Z,-,USD,payment received
ACT-0001899,10394,Note,2021-06-02 16:41:00-05:00,,,portal login
ACT-0004510,10912,Login,15-Jan-2026 04:25 PM,,,
ACT-0004066,10822,Invoice,2018-03-25T09:15:00Z,-,USD,
ACT-0003246,10658,INVOICE,25-Jul-2022 04:36 PM,"7,475.00",USD,escalated: parts delay
ACT-0000090,10018,Payment,2026-06-19T10:17:00Z,"1,100.00",USD,
ACT-0004481,10906,Login,06/23/2026 12:41,,,
ACT-0002858,10582,Payment,2022-04-11T14:09:00Z,2875,USD,monthly invoice
ACT-0001008,10207,Login,2023-12-26T14:18:00Z,,,
ACT-0003067,10622,Payment,01/03/2021 12:10,"8,500.00",USD,escalated: parts delay
ACT-0000417,10084,Payment,09-Nov-2023 08:31 AM,1900,USD,escalated: parts delay
ACT-0004019,10815,INVOICE,28-Jun-2021 06:14 PM,1400,USD,asked about seat pricing
ACT-0001021,10209,Ticket,16-May-2024 08:06 AM,,,
ACT-0002097,10434,Ticket,2024-02-20 14:29:00-05:00,,,renewal discussion
ACT-0002875,10586,Call,2024-02-17T14:23:00Z,,,renewal discussion
ACT-0003501,10709,Login,2019-04-22T10:53:00Z,,,payment received
ACT-0003928,10794,Login,2018-02-23T09:23:00Z,,,
ACT-0000623,10129,Invoice,2024-04-05T15:30:00Z,-,USD,escalated: parts delay
ACT-0002923,10593,Call,2018-11-13T09:56:00Z,,,renewal discussion
ACT-0000178,10035,Note,10/31/2022 16:05,,,renewal discussion
ACT-0003089,10627,Login,27-Feb-2019 08:58 AM,,,monthly invoice
ACT-0003200,10646,Ticket,14-Oct-2024 08:14 AM,,,portal login
ACT-0004186,10848,Payment,2022-11-25T19:36:00Z,-,USD,portal login
ACT-0002586,10528,Call,2018-10-26T15:47:00Z,,,renewal discussion
ACT-0000221,10043,Invoice,2019-09-23T14:41:00Z,6750,USD,
ACT-0002886,10587,Invoice,04/28/2022 10:37,5475,USD,escalated: parts delay
ACT-0004272,10864,Ticket,06/09/2022 17:23,,,renewal discussion
ACT-0000743,10151,Ticket,2025-06-30T13:54:00Z,,,renewal discussion
ACT-0004594,10928,Payment,14-Jun-2021 07:09 PM,975.00,USD,renewal discussion
ACT-0001157,10236,Note,11/10/2025 08:04,,,asked about seat pricing
ACT-0003810,10770,Note,2021-12-02T12:19:00Z,,,
ACT-0002093,10432,Invoice,2021-06-10T13:02:00Z,-,USD,renewal discussion
ACT-0004137,10836,Ticket,2023-09-05T15:11:00Z,,,escalated: parts delay
ACT-0000236,10046,Call,2023-06-08T10:56:00Z,,,
ACT-0001898,10393,Invoice,2023-02-19T16:23:00Z,-,USD,asked about seat pricing
ACT-0004134,10835,Payment,2025-04-10T10:45:00Z,8650.0,USD,renewal discussion
ACT-0000422,10085,Note,2022-06-15 07:09:00-05:00,,,monthly invoice
ACT-0001792,10370,Note,2026-07-09T16:56:00Z,,,portal login
ACT-0000986,10203,Note,2023-05-18 10:19:00-05:00,,,portal login
ACT-0003660,10740,Payment,10-Jul-2025 02:58 PM,"5,400.00",USD,
ACT-0000877,10181,Invoice,2025-05-16T18:27:00Z,"3,325.00",USD,portal login
ACT-0002959,10600,Payment,08/17/2024 12:31,-,USD,payment received
ACT-0002498,10511,Invoice,11/20/2021 13:47,6375.0,USD,payment received
ACT-0000493,10101,Invoice,09-Feb-2022 01:05 PM,-,USD,
ACT-0002585,10527,Payment,2025-09-22 08:38:00-05:00,"7,800.00",USD,asked about seat pricing
ACT-0004309,10872,Payment,2019-09-20 13:49:00-05:00,"2,450.00",USD,escalated: parts delay
ACT-0001635,10335,INVOICE,2020-10-04 16:55:00-05:00,-,USD,
ACT-0001376,10283,Ticket,11-Mar-2024 11:16 AM,,,
ACT-0001952,10404,Invoice,2024-10-26 16:57:00-05:00,"6,575.00",USD,escalated: parts delay
ACT-0002455,10504,Call,2024-05-25T10:50:00Z,,,portal login
ACT-0000492,10101,Invoice,02/03/2022 14:13,-,USD,asked about seat pricing
ACT-0001449,10299,Login,2020-09-23T15:41:00Z,,,payment received
ACT-0003947,10800,Invoice,10-Nov-2021 11:00 AM,-,USD,escalated: parts delay
ACT-0001309,10268,Invoice,2023-08-31T10:52:00Z,-,USD,monthly invoice
ACT-0002811,10574,Note,10/09/2025 15:27,,,asked about seat pricing
ACT-0003147,10638,Note,23-Nov-2022 07:10 AM,,,portal login
ACT-0002074,10428,Payment,2022-06-20T09:33:00Z,875.00,USD,
ACT-0002859,10582,Login,2022-08-09T07:29:00Z,,,escalated: parts delay
ACT-0003593,10727,Invoice,26-May-2026 07:34 PM,"1,700.00",USD,
ACT-0004365,10883,Payment,2021-11-27T10:39:00Z,3525.0,USD,monthly invoice
ACT-0001194,10243,Support Ticket,2019-08-26T19:46:00Z,,,
ACT-0001351,10277,Invoice,2024-05-14 11:08:00-05:00,"1,325.00",USD,monthly invoice
ACT-0001855,10382,Payment,2021-02-03T19:55:00Z,-,USD,renewal discussion
ACT-0002617,10534,Invoice,2023-05-01T12:31:00Z,4675,USD,portal login
ACT-0002691,10548,Invoice,10/02/2025 18:06,6125.0,USD,payment received
ACT-0001395,10288,Support Ticket,06/27/2025 14:22,,,
ACT-0001702,10348,Payment,2021-07-15T13:42:00Z,"1,625.00",USD,
ACT-0002699,10549,Invoice,2026-04-24T12:37:00Z,"5,475.00",USD,payment received
ACT-0001654,10340,Login,2019-01-31T15:23:00Z,,,monthly invoice
ACT-0004665,10943,Payment,2021-07-12T10:02:00Z,8175,USD,payment received
ACT-0003001,10608,Invoice,07/01/2020 17:37,-,USD,monthly invoice
ACT-0000147,10029,Invoice,10/26/2019 15:20,4125.0,USD,portal login
ACT-0000365,10076,Invoice,08/18/2025 09:37,-,USD,portal login
ACT-0002371,10489,Invoice,2023-01-17 15:25:00-05:00,4800.0,USD,
ACT-0001088,10223,Payment,11/01/2021 17:46,3175.0,USD,renewal discussion
ACT-0000212,10041,Ticket,2021-05-26T16:37:00Z,,,asked about seat pricing
ACT-0002261,10466,Invoice,28-Apr-2026 10:14 AM,"3,500.00",USD,asked about seat pricing
ACT-0004352,10881,Login,04/28/2019 14:57,,,
ACT-0000591,10120,Call,2025-12-13 14:32:00-05:00,,,
ACT-0000484,10099,Login,2025-09-16T09:56:00Z,,,portal login
ACT-0003249,10659,Payment,2023-05-14T09:26:00Z,9975,USD,
ACT-0004242,10859,Login,2018-05-05T15:42:00Z,,,renewal discussion
ACT-0003113,10631,Payment,2026-07-16T11:01:00Z,7375,USD,payment received
ACT-0001511,10311,Payment,2019-02-20T08:31:00Z,7375.0,USD,payment received
ACT-0001042,10213,Login,2021-04-05 10:00:00-05:00,,,monthly invoice
ACT-0002205,10454,Payment,2025-06-30T19:38:00Z,"6,750.00",USD,asked about seat pricing
ACT-0000452,10091,Payment,03/30/2020 09:43,2325,USD,
ACT-0003328,10676,INVOICE,28-Mar-2023 10:45 AM,6850,USD,monthly invoice
ACT-0001971,10407,Login,02/16/2020 18:44,,,renewal discussion
ACT-0004339,10878,Call,2018-02-07T15:07:00Z,,,
ACT-0002517,10515,Invoice,03/02/2022 15:59,-,USD,escalated: parts delay
ACT-0004673,10945,Support Ticket,04/30/2021 18:40,,,asked about seat pricing
ACT-0004039,10818,Login,2022-05-11T10:35:00Z,,,portal login
ACT-0001236,10253,Support Ticket,2018-01-22T12:58:00Z,,,
ACT-0004630,10933,Payment,12/05/2021 15:43,7700.0,USD,escalated: parts delay
ACT-0002332,10481,Ticket,07/08/2018 07:00,,,asked about seat pricing
ACT-0004810,10974,Invoice,19-Feb-2021 07:23 PM,2425.0,USD,asked about seat pricing
ACT-0002627,10535,Login,2022-10-08T11:10:00Z,,,renewal discussion
ACT-0002599,10531,Ticket,2022-02-24T09:04:00Z,,,escalated: parts delay
ACT-0001263,10259,Invoice,04/07/2025 08:45,6925.0,USD,asked about seat pricing
ACT-0000077,10016,Support Ticket,14-Oct-2024 02:40 PM,,,portal login
ACT-0002054,10425,Ticket,01/17/2025 07:29,,,monthly invoice
ACT-0003677,10744,Support Ticket,25-May-2023 08:35 AM,,,portal login
ACT-0002299,10474,Login,2021-07-08 07:09:00-05:00,,,payment received
ACT-0000395,10080,Login,19-Jun-2019 10:53 AM,,,escalated: parts delay
ACT-0000729,10148,Login,2021-02-02T19:31:00Z,,,renewal discussion
ACT-0002322,10478,Ticket,2025-01-23T13:19:00Z,,,renewal discussion
ACT-0000120,10024,Invoice,2019-01-20T17:03:00Z,2625.0,USD,asked about seat pricing
ACT-0003745,10758,Ticket,09-May-2022 11:07 AM,,,escalated: parts delay
ACT-0001642,10337,Invoice,11/16/2022 09:30,"6,675.00",USD,
ACT-0000677,10139,Invoice,2021-12-06T08:08:00Z,900.0,USD,escalated: parts delay
ACT-0000983,10203,INVOICE,2024-03-01T19:39:00Z,400,USD,monthly invoice
ACT-0003320,10674,Invoice,2020-07-01T10:58:00Z,8900.0,USD,
ACT-0001826,10376,Ticket,2022-01-03T10:30:00Z,,,
ACT-0002304,10475,Login,02/09/2023 13:24,,,
ACT-0001303,10267,Invoice,12-Sep-2022 02:10 PM,3500,USD,renewal discussion
ACT-0001158,10236,Login,2026-04-05T09:34:00Z,,,payment received
ACT-0001326,10271,Ticket,2021-05-13T08:23:00Z,,,portal login
ACT-0001003,10206,INVOICE,2025-11-19T19:11:00Z,-,USD,asked about seat pricing
ACT-0000769,10157,Note,2023-06-24T18:35:00Z,,,
ACT-0003995,10810,Payment,2023-01-07T08:27:00Z,10000,USD,escalated: parts delay
ACT-0003612,10731,Login,2023-05-21T17:22:00Z,,,
ACT-0000158,10030,Call,2020-04-19T12:02:00Z,,,escalated: parts delay
ACT-0004101,10830,Ticket,19-Mar-2023 06:12 PM,,,monthly invoice
ACT-0001638,10336,Payment,02/03/2024 07:56,1200.0,USD,payment received
ACT-0000852,10176,Payment,2026-02-17 14:32:00-05:00,6725.0,USD,portal login
ACT-0002974,10603,Ticket,08/08/2024 12:30,,,payment received
ACT-0002590,10529,Invoice,09-Oct-2023 09:26 AM,6475,USD,monthly invoice
ACT-0004924,10995,Payment,03/08/2020 15:40,-,USD,monthly invoice
ACT-0003592,10727,Login,2026-02-21 09:59:00-05:00,,,
ACT-0001510,10310,Invoice,08/23/2022 10:13,1250,USD,payment received
ACT-0003478,10705,Ticket,27-Jun-2021 07:26 PM,,,portal login
ACT-0003284,10667,Login,06/07/2024 09:19,,,renewal discussion
ACT-0003042,10616,Note,05/09/2024 08:49,,,
ACT-0002264,10467,Payment,01/20/2023 07:06,5300,USD,
ACT-0002479,10508,Support Ticket,2025-09-13T12:23:00Z,,,
ACT-0000676,10139,Invoice,2020-01-12T15:27:00Z,-,USD,asked about seat pricing
ACT-0002735,10556,Login,2020-05-06T16:23:00Z,,,
ACT-0004250,10860,Payment,2021-11-03 08:04:00-05:00,"8,375.00",USD,asked about seat pricing
ACT-0000919,10187,Note,22-Jan-2020 04:26 PM,,,escalated: parts delay
ACT-0002030,10420,Ticket,2023-03-14T13:14:00Z,,,portal login
ACT-0002181,10449,Payment,29-Jun-2025 06:40 PM,8325,USD,
ACT-0003664,10741,Note,2020-09-30 15:11:00-05:00,,,portal login
ACT-0000810,10165,Login,2021-04-25T09:30:00Z,,,portal login
ACT-0001646,10338,Ticket,2025-02-03T12:59:00Z,,,monthly invoice
ACT-0004774,10966,Login,02/09/2026 18:21,,,
ACT-0002883,10587,Invoice,2022-06-04T19:14:00Z,6225,USD,payment received
ACT-0004487,10908,Support Ticket,2020-02-01T19:17:00Z,,,
ACT-0000003,10000,Note,05/14/2019 09:27,,,
ACT-0004074,10824,Login,2022-11-21T15:38:00Z,,,escalated: parts delay
ACT-0004374,10885,Payment,2024-04-26 16:39:00-05:00,-,USD,renewal discussion
ACT-0002687,10546,Support Ticket,14-Jun-2019 09:55 AM,,,
ACT-0003929,10795,Invoice,2023-07-27T07:31:00Z,"6,450.00",USD,asked about seat pricing
ACT-0000111,10023,Payment,03/28/2024 17:37,8300.0,USD,
ACT-0002156,10444,Support Ticket,2023-01-19T09:37:00Z,,,monthly invoice
ACT-0004373,10884,Payment,2023-02-23T17:06:00Z,-,USD,
ACT-0001764,10362,Payment,2023-08-22T13:12:00Z,"4,525.00",USD,portal login
ACT-0001267,10261,Support Ticket,2024-05-09T13:57:00Z,,,
ACT-0002823,10575,Note,2019-07-24T10:40:00Z,,,asked about seat pricing
ACT-0004702,10951,Payment,2019-02-08T19:02:00Z,2550,USD,portal login
ACT-0004031,10817,Note,08/03/2023 07:58,,,escalated: parts delay
ACT-0004022,10816,Note,20-Nov-2022 06:39 PM,,,renewal discussion
ACT-0002643,10538,Note,2024-04-26T19:31:00Z,,,asked about seat pricing
ACT-0003231,10654,Login,2026-07-29T08:34:00Z,,,payment received
ACT-0000044,10009,Payment,04/17/2019 08:15,"2,775.00",USD,asked about seat pricing
ACT-0003421,10695,Invoice,2022-10-17T07:30:00Z,1725,USD,renewal discussion
ACT-0003181,10644,Note,2025-01-30 08:16:00-05:00,,,escalated: parts delay
ACT-0000404,10081,Payment,2025-09-14T16:09:00Z,1775.0,USD,monthly invoice
ACT-0004159,10842,Call,01/24/2023 16:59,,,
ACT-0001412,10292,Payment,2023-04-21T10:07:00Z,2350.0,USD,asked about seat pricing
ACT-0004293,10869,Payment,26-Feb-2024 05:38 PM,9900,USD,monthly invoice
ACT-0004046,10819,Note,2019-10-17T16:44:00Z,,,portal login
ACT-0004735,10958,Invoice,2022-10-22T08:40:00Z,8650.0,USD,
ACT-0001999,10412,Call,22-Nov-2020 01:26 PM,,,asked about seat pricing
ACT-0001337,10274,Ticket,12-Dec-2022 10:58 AM,,,
ACT-0003548,10719,Ticket,09-Jan-2021 05:14 PM,,,
ACT-0000138,10028,Payment,2025-11-06T14:21:00Z,"2,775.00",USD,renewal discussion
ACT-0004755,10962,Login,2019-06-28T16:07:00Z,,,asked about seat pricing
ACT-0004776,10966,Payment,2026-01-28 15:21:00-05:00,625.00,USD,
ACT-0002174,10448,Invoice,08/14/2023 17:29,-,USD,escalated: parts delay
ACT-0004443,10898,Ticket,2019-04-23 14:28:00-05:00,,,asked about seat pricing
ACT-0000355,10074,Invoice,2024-04-02T08:01:00Z,-,USD,asked about seat pricing
ACT-0004238,10858,Invoice,2026-03-07T11:36:00Z,7650.0,USD,renewal discussion
ACT-0002411,10495,Payment,2021-01-16T18:55:00Z,3925,USD,
ACT-0001551,10319,INVOICE,2023-06-29T16:13:00Z,3600.0,USD,payment received
ACT-0000500,10102,Ticket,2022-02-19 14:07:00-05:00,,,payment received
ACT-0003850,10778,Call,20-Jan-2025 12:21 PM,,,payment received
ACT-0000397,10080,Payment,2019-05-18T18:19:00Z,1225.0,USD,escalated: parts delay
ACT-0002190,10451,Payment,2024-06-09T10:40:00Z,-,USD,monthly invoice
ACT-0004566,10922,Invoice,11-Sep-2026 10:07 AM,"8,050.00",USD,escalated: parts delay
ACT-0002607,10532,Payment,2025-07-31T08:48:00Z,-,USD,portal login
ACT-0004024,10816,Invoice,2023-09-01 14:56:00-05:00,8400,USD,asked about seat pricing
ACT-0003790,10766,Invoice,2020-05-02T17:46:00Z,3150,USD,asked about seat pricing
ACT-0001995,10412,Payment,2022-04-21T12:28:00Z,9775.0,USD,
ACT-0001503,10309,Invoice,2026-04-27T17:40:00Z,8700.0,USD,payment received
ACT-0003731,10755,Payment,2024-10-08T13:31:00Z,2425,USD,
ACT-0003803,10769,Ticket,2023-07-28T13:21:00Z,,,
ACT-0000011,10002,Invoice,13-Oct-2018 02:23 PM,"3,975.00",USD,
ACT-0004574,10924,Payment,01-Jun-2025 07:09 PM,"5,175.00",USD,renewal discussion
ACT-0000671,10139,INVOICE,14-Jan-2020 10:07 AM,1525.0,USD,payment received
ACT-0003032,10613,Payment,05/31/2021 19:56,6350.0,USD,portal login
ACT-0004290,10869,Payment,2022-03-31T10:11:00Z,400.00,USD,portal login
ACT-0004585,10926,Support Ticket,2022-08-22T09:43:00Z,,,
ACT-0002375,10489,Invoice,2021-07-30 17:40:00-05:00,-,USD,
ACT-0000289,10058,Payment,2018-12-14T13:52:00Z,3800,USD,
ACT-0003500,10709,Call,07/30/2019 10:39,,,
ACT-0003269,10663,Payment,07/25/2023 15:52,1925,USD,escalated: parts delay
ACT-0003043,10616,Invoice,2024-02-12T10:23:00Z,"3,200.00",USD,portal login
ACT-0000125,10025,Ticket,2020-03-11T11:15:00Z,,,renewal discussion
ACT-0004764,10963,Support Ticket,2022-06-16T11:17:00Z,,,portal login
ACT-0001112,10227,Login,2025-12-22T18:34:00Z,,,asked about seat pricing
ACT-0002202,10453,Invoice,2019-03-28T09:47:00Z,2400,USD,
ACT-0000069,10014,Invoice,2024-03-14T11:50:00Z,"6,775.00",USD,renewal discussion
ACT-0000363,10075,Payment,2019-11-24 08:08:00-05:00,-,USD,
ACT-0002852,10580,Login,2019-07-14T17:23:00Z,,,monthly invoice
ACT-0004326,10875,Payment,2022-05-03T19:14:00Z,3950,USD,
ACT-0004277,10866,Payment,03/12/2026 08:09,6525,USD,payment received
ACT-0002864,10583,Ticket,2025-01-17 11:54:00-05:00,,,
ACT-0001939,10402,Login,01/30/2026 14:29,,,payment received
ACT-0000842,10173,Payment,2025-02-14T19:39:00Z,8200.0,USD,renewal discussion
ACT-0001310,10269,Ticket,27-Aug-2024 08:05 AM,,,escalated: parts delay
ACT-0003476,10705,Invoice,2021-08-08T14:49:00Z,-,USD,payment received
ACT-0003543,10718,INVOICE,2026-05-16T07:25:00Z,-,USD,escalated: parts delay
ACT-0003434,10697,Invoice,2025-01-30T18:43:00Z,7625,USD,portal login
ACT-0002439,10501,Payment,2022-05-17T13:27:00Z,1850.0,USD,renewal discussion
ACT-0004912,10992,Note,01/27/2020 13:08,,,
ACT-0004215,10853,Payment,2021-01-14T07:15:00Z,1575.0,USD,
ACT-0000856,10177,Invoice,27-Jan-2025 07:05 PM,-,USD,renewal discussion
ACT-0000928,10189,Invoice,2018-07-27T14:03:00Z,900.0,USD,escalated: parts delay
ACT-0002872,10585,Invoice,2025-11-19T15:56:00Z,-,USD,portal login
ACT-0003945,10799,Ticket,05/28/2022 15:17,,,payment received
ACT-0004357,10882,Invoice,01/02/2019 19:32,8225.0,USD,portal login
ACT-0001284,10264,Invoice,02/07/2023 11:45,-,USD,renewal discussion
ACT-0001647,10338,Invoice,02/27/2025 07:26,"7,800.00",USD,portal login
ACT-0000936,10191,Support Ticket,2018-09-02T09:41:00Z,,,
ACT-0004255,10861,Login,07/29/2025 13:13,,,renewal discussion
ACT-0002584,10527,INVOICE,2025-07-30T07:37:00Z,-,USD,
ACT-0000107,10022,Ticket,12-Jun-2019 06:49 PM,,,escalated: parts delay
ACT-0002071,10427,Payment,04/07/2019 15:44,"3,900.00",USD,portal login
ACT-0002283,10470,Note,2018-01-01T10:14:00Z,,,escalated: parts delay
ACT-0004617,10931,Login,02/28/2017 14:46,,,asked about seat pricing
ACT-0001256,10257,Login,11-Aug-2022 01:33 PM,,,escalated: parts delay
ACT-0001823,10376,Payment,07/17/2021 12:39,-,USD,portal login
ACT-0003678,10744,INVOICE,2022-01-04T13:24:00Z,9700,USD,monthly invoice
ACT-0004151,10839,Invoice,2022-03-07 10:21:00-05:00,"7,150.00",USD,escalated: parts delay
ACT-0003460,10703,Ticket,2026-01-28T18:21:00Z,,,portal login
ACT-0001770,10364,Support Ticket,10/30/2024 09:27,,,renewal discussion
ACT-0002348,10485,Note,2024-09-06T12:15:00Z,,,monthly invoice
ACT-0004343,10880,Note,2026-04-24T19:05:00Z,,,
ACT-0001078,10221,Ticket,12/29/2025 15:24,,,asked about seat pricing
ACT-0003493,10708,Ticket,2026-06-11T10:00:00Z,,,escalated: parts delay
ACT-0000280,10056,Support Ticket,09/30/2020 16:36,,,asked about seat pricing
ACT-0000202,10039,Invoice,12/05/2024 18:57,-,USD,portal login
ACT-0003174,10643,Note,2021-11-29 19:36:00-05:00,,,portal login
ACT-0002399,10494,Login,03/18/2026 07:51,,,escalated: parts delay
ACT-0004768,10964,INVOICE,2024-05-15T18:22:00Z,"4,825.00",USD,asked about seat pricing
ACT-0000715,10145,Payment,2023-04-14T09:08:00Z,"2,175.00",USD,renewal discussion
ACT-0000084,10017,Login,2017-11-10T13:12:00Z,,,
ACT-0002312,10476,Login,2026-06-03T11:56:00Z,,,asked about seat pricing
ACT-0002939,10596,Note,2022-11-18 15:39:00-05:00,,,escalated: parts delay
ACT-0003802,10769,Payment,09/25/2022 19:48,-,USD,renewal discussion
ACT-0003885,10786,Support Ticket,28-Sep-2024 04:26 PM,,,payment received
ACT-0003023,10612,Invoice,2020-10-31T07:29:00Z,-,USD,renewal discussion
ACT-0003835,10775,Note,2024-09-14T09:35:00Z,,,payment received
ACT-0000114,10024,Invoice,01/01/2019 16:28,2925.0,USD,monthly invoice
ACT-0001714,10351,Note,2025-06-19T08:36:00Z,,,payment received
ACT-0002444,10502,Payment,08/25/2022 07:12,1625.0,USD,portal login
ACT-0001272,10261,Login,2024-04-06T13:49:00Z,,,monthly invoice
ACT-0001624,10333,Invoice,2025-09-13T15:23:00Z,200.0,USD,payment received
ACT-0003361,10682,Payment,2018-12-24T15:20:00Z,"5,675.00",USD,asked about seat pricing
ACT-0004672,10945,Call,2021-04-09 19:17:00-05:00,,,portal login
ACT-0001161,10236,Ticket,2025-10-23T15:31:00Z,,,escalated: parts delay
ACT-0003989,10808,Support Ticket,2026-06-14T07:21:00Z,,,monthly invoice
ACT-0004852,10981,Support Ticket,2022-03-24T14:04:00Z,,,monthly invoice
ACT-0002407,10495,Payment,2018-05-04T19:20:00Z,"3,775.00",USD,monthly invoice
ACT-0003097,10628,Invoice,2023-06-11T13:49:00Z,8250,USD,monthly invoice
ACT-0004300,10870,Ticket,03-Dec-2024 05:42 PM,,,renewal discussion
ACT-0001495,10308,Payment,2020-12-25T11:40:00Z,6775,USD,monthly invoice
ACT-0001785,10368,Payment,2021-01-20T17:56:00Z,25,USD,monthly invoice
ACT-0004077,10825,Login,2026-01-15T08:35:00Z,,,
ACT-0003871,10783,Support Ticket,2021-04-02T13:04:00Z,,,payment received
ACT-0000509,10104,Ticket,25-Oct-2018 08:41 AM,,,portal login
ACT-0002219,10457,Login,2024-12-31T17:30:00Z,,,
ACT-0002544,10520,Login,15-Nov-2020 10:55 AM,,,escalated: parts delay
ACT-0003294,10669,Payment,2021-01-13T08:58:00Z,2725,USD,portal login
ACT-0001797,10370,Ticket,23-Aug-2026 10:11 AM,,,
ACT-0000804,10164,Support Ticket,12/31/2022 09:29,,,portal login
ACT-0002342,10483,Payment,2020-02-02T11:19:00Z,"3,700.00",USD,escalated: parts delay
ACT-0003964,10804,Payment,05/05/2024 08:22,-,USD,renewal discussion
ACT-0004662,10942,Login,26-Jul-2019 06:39 PM,,,monthly invoice
ACT-0004515,10913,Invoice,04/22/2024 10:21,7725,USD,
ACT-0004853,10981,Login,2022-04-07T17:26:00Z,,,
ACT-0001344,10275,Login,2017-11-09T15:29:00Z,,,escalated: parts delay
ACT-0003179,10643,Support Ticket,20-Dec-2019 09:47 AM,,,escalated: parts delay
ACT-0003248,10658,Login,09-Sep-2022 05:59 PM,,,monthly invoice
ACT-0001866,10386,Support Ticket,30-Nov-2024 09:58 AM,,,
ACT-0004855,10982,Invoice,2021-09-19T11:49:00Z,4500.0,USD,portal login
ACT-0003566,10722,Payment,12/21/2022 12:15,7975,USD,portal login
ACT-0002685,10546,Payment,07/06/2020 08:51,750,USD,portal login
ACT-0002381,10491,Payment,2023-03-05 10:11:00-05:00,3275.0,USD,monthly invoice
ACT-0003359,10681,Login,2022-06-02T13:50:00Z,,,asked about seat pricing
ACT-0002949,10597,Invoice,2024-11-10T16:48:00Z,-,USD,
ACT-0003007,10609,Note,12/27/2019 16:44,,,escalated: parts delay
ACT-0000345,10071,Payment,05/25/2025 09:51,7000.0,USD,
ACT-0002215,10457,Invoice,03/11/2026 18:48,"3,325.00",USD,portal login
ACT-0002386,10491,Payment,2025-05-11 13:14:00-05:00,25,USD,renewal discussion
ACT-0001687,10345,Payment,09/16/2025 14:13,925,USD,portal login
ACT-0003341,10678,Payment,2021-05-29T19:29:00Z,2625,USD,renewal discussion
ACT-0000453,10091,Login,29-Jan-2020 12:50 PM,,,payment received
ACT-0004223,10855,Note,2020-03-31T07:47:00Z,,,
ACT-0000318,10064,Payment,07/07/2024 17:42,"2,250.00",USD,
ACT-0004192,10848,Login,2022-11-21T13:17:00Z,,,
ACT-0003911,10791,Ticket,19-Jul-2020 08:24 AM,,,payment received
ACT-0001683,10345,Payment,2024-12-07T07:07:00Z,"7,150.00",USD,
ACT-0002441,10502,Invoice,2024-05-13T07:30:00Z,4400,USD,renewal discussion
ACT-0001951,10404,Login,2025-01-30T15:28:00Z,,,
ACT-0001014,10208,Login,2023-04-20T11:00:00Z,,,renewal discussion
ACT-0001767,10363,Invoice,01/21/2022 14:06,300.00,USD,asked about seat pricing
ACT-0004539,10917,Invoice,12/13/2022 19:39,-,USD,escalated: parts delay
ACT-0004505,10911,Support Ticket,2022-03-19T10:44:00Z,,,payment received
ACT-0001065,10217,Ticket,08/28/2024 08:26,,,asked about seat pricing
ACT-0002963,10601,Login,2019-02-02T16:59:00Z,,,renewal discussion
ACT-0001176,10239,Call,11/23/2025 07:35,,,renewal discussion
ACT-0003873,10784,Invoice,06-May-2026 07:07 AM,425,USD,payment received
ACT-0001266,10260,Login,26-Oct-2021 07:52 AM,,,asked about seat pricing
ACT-0002142,10441,Invoice,2025-02-15T08:04:00Z,8075,USD,escalated: parts delay
ACT-0003623,10733,Support Ticket,08/29/2021 08:35,,,payment received
ACT-0003082,10625,Invoice,07/25/2022 10:10,"3,550.00",USD,renewal discussion
ACT-0004348,10881,Note,2024-07-06T15:31:00Z,,,
ACT-0000762,10154,Payment,2021-05-22T07:00:00Z,2625,USD,renewal discussion
ACT-0003708,10750,Invoice,2022-01-23T17:38:00Z,1750,USD,asked about seat pricing
ACT-0002113,10437,Payment,2021-06-06T16:35:00Z,9525,USD,
ACT-0003013,10611,Ticket,05/01/2022 16:05,,,renewal discussion
ACT-0001024,10210,Support Ticket,02/10/2025 07:14,,,
ACT-0003103,10629,Payment,2023-03-25T19:27:00Z,"1,175.00",USD,portal login
ACT-0002197,10452,Payment,2022-08-22T09:49:00Z,6575,USD,escalated: parts delay
ACT-0004314,10873,Payment,23-Aug-2022 07:47 PM,3225.0,USD,monthly invoice
ACT-0001619,10332,Invoice,2019-11-11T12:32:00Z,-,USD,asked about seat pricing
ACT-0004117,10832,Payment,2026-04-19T17:05:00Z,-,USD,
ACT-0002817,10574,Call,09/13/2024 09:52,,,monthly invoice
ACT-0004894,10989,Payment,10/30/2025 10:47,450.0,USD,escalated: parts delay
ACT-0000748,10152,Invoice,2022-06-27 12:26:00-05:00,"6,125.00",USD,renewal discussion
ACT-0000630,10131,Ticket,2023-03-04T12:33:00Z,,,monthly invoice
ACT-0002362,10487,Call,29-Sep-2023 06:16 PM,,,payment received
ACT-0000182,10036,INVOICE,2025-10-31T13:33:00Z,7650.0,USD,portal login
ACT-0003399,10690,Invoice,01/21/2025 19:32,8625.0,USD,asked about seat pricing
ACT-0003854,10778,Payment,2024-11-20T16:47:00Z,2700,USD,renewal discussion
ACT-0004589,10927,Login,01/06/2026 16:32,,,portal login
ACT-0003914,10791,Login,2020-08-02 14:11:00-05:00,,,
ACT-0000338,10070,Payment,05/01/2020 14:34,5300,USD,portal login
ACT-0001727,10354,Login,2025-10-18 07:01:00-05:00,,,monthly invoice
ACT-0001174,10239,Payment,09/08/2025 18:46,"6,625.00",USD,asked about seat pricing
ACT-0003150,10638,Ticket,2021-02-17T08:52:00Z,,,
ACT-0001919,10399,Payment,2019-11-23T18:26:00Z,6450.0,USD,renewal discussion
ACT-0001768,10363,INVOICE,2022-06-18T09:49:00Z,"3,500.00",USD,monthly invoice
ACT-0003405,10691,Payment,2025-11-08T11:05:00Z,"1,400.00",USD,renewal discussion
ACT-0001871,10387,Invoice,2025-11-22T08:43:00Z,"4,225.00",USD,asked about seat pricing
ACT-0000739,10150,Note,2023-10-02 17:48:00-05:00,,,payment received
ACT-0000835,10170,Login,2025-03-22T14:47:00Z,,,
ACT-0004838,10979,INVOICE,08/11/2025 09:50,-,USD,escalated: parts delay
ACT-0003901,10789,Login,10/30/2023 11:52,,,
ACT-0003343,10678,Login,02/06/2023 16:57,,,asked about seat pricing
ACT-0001011,10208,Login,2022-06-23T07:11:00Z,,,portal login
ACT-0001394,10288,Payment,07/27/2025 18:21,"1,975.00",USD,escalated: parts delay
ACT-0000025,10005,Ticket,12/21/2023 07:23,,,monthly invoice
ACT-0000386,10079,Ticket,2018-10-06T17:00:00Z,,,
ACT-0001215,10248,Support Ticket,2024-10-19T07:01:00Z,,,renewal discussion
ACT-0000791,10161,Invoice,2021-06-04T10:01:00Z,"7,775.00",USD,
ACT-0001922,10399,Login,2021-07-22T16:00:00Z,,,escalated: parts delay
ACT-0002034,10421,INVOICE,2023-11-25 11:24:00-05:00,"5,925.00",USD,renewal discussion
ACT-0004681,10946,Support Ticket,2023-12-23T08:01:00Z,,,renewal discussion
ACT-0003487,10708,Support Ticket,09-Jun-2026 10:54 AM,,,portal login
ACT-0003488,10708,Support Ticket,2026-06-09T07:59:00Z,,,payment received
ACT-0003809,10770,Ticket,02/06/2022 14:21,,,
ACT-0003671,10742,Invoice,15-Feb-2025 09:50 AM,-,USD,monthly invoice
ACT-0003505,10710,Payment,01/22/2025 12:00,"3,775.00",USD,
ACT-0004859,10982,Login,2022-03-12T16:39:00Z,,,monthly invoice
ACT-0002227,10459,Payment,2025-10-19T09:54:00Z,4125.0,USD,portal login
ACT-0000545,10111,Invoice,2023-12-05T07:56:00Z,"6,300.00",USD,renewal discussion
ACT-0003704,10750,Login,16-Jul-2021 09:44 AM,,,
ACT-0000849,10175,Call,2017-11-09T15:09:00Z,,,
ACT-0002250,10464,Invoice,2021-12-02T15:27:00Z,"4,175.00",USD,escalated: parts delay
ACT-0001546,10318,Ticket,2024-03-04T11:03:00Z,,,portal login
ACT-0002566,10524,Payment,2025-11-09T16:48:00Z,"8,725.00",USD,payment received
ACT-0001119,10227,Payment,2026-04-27T16:53:00Z,3600.0,USD,
ACT-0002988,10605,INVOICE,2021-08-15T16:23:00Z,2275,USD,renewal discussion
ACT-0000629,10131,Call,12-Jun-2023 06:42 PM,,,
ACT-0001563,10322,Payment,2022-07-07 17:33:00-05:00,-,USD,renewal discussion
ACT-0003757,10760,Login,2023-02-14T13:01:00Z,,,monthly invoice
ACT-0000795,10163,INVOICE,2023-06-20T08:55:00Z,"7,900.00",USD,asked about seat pricing
ACT-0002943,10596,Invoice,26-Aug-2022 06:33 PM,9375.0,USD,escalated: parts delay
ACT-0004327,10876,Login,03/15/2019 15:33,,,monthly invoice
ACT-0002698,10549,INVOICE,04/09/2026 15:17,-,USD,portal login
ACT-0003195,10646,Payment,2024-08-25T16:48:00Z,7100.0,USD,payment received
ACT-0001742,10357,Invoice,03-Dec-2024 07:15 AM,"4,275.00",USD,payment received
ACT-0002901,10590,Ticket,02/13/2022 09:18,,,renewal discussion
ACT-0003495,10709,Payment,2020-01-25T07:17:00Z,3300,USD,
ACT-0000880,10182,Payment,2025-01-17 16:13:00-05:00,7175.0,USD,monthly invoice
ACT-0002483,10509,Invoice,2022-10-08T11:20:00Z,-,USD,monthly invoice
ACT-0004089,10828,INVOICE,10-Jul-2019 10:48 AM,-,USD,
ACT-0002390,10492,Login,02/12/2025 10:27,,,escalated: parts delay
ACT-0002851,10580,Payment,09/06/2019 09:52,9750.0,USD,
ACT-0001490,10307,Payment,02/12/2026 09:39,"6,575.00",USD,renewal discussion
ACT-0000499,10102,Invoice,18-Jul-2023 10:33 AM,-,USD,payment received
ACT-0003906,10790,Ticket,04/24/2022 08:34,,,monthly invoice
ACT-0004743,10960,Ticket,2023-02-16T14:33:00Z,,,portal login
ACT-0002161,10446,INVOICE,01/09/2024 16:12,-,USD,monthly invoice
ACT-0004184,10847,INVOICE,2020-04-01T08:23:00Z,-,USD,
ACT-0004389,10888,Note,2023-11-28T19:09:00Z,,,asked about seat pricing
ACT-0000307,10062,Login,14-May-2026 02:45 PM,,,asked about seat pricing
ACT-0002929,10594,Ticket,03/06/2019 08:54,,,renewal discussion
ACT-0000825,10169,Payment,2019-06-02T14:45:00Z,5000,USD,asked about seat pricing
ACT-0003741,10757,Login,2025-07-19T17:59:00Z,,,payment received
ACT-0000450,10090,Invoice,2023-01-09T07:47:00Z,6725,USD,monthly invoice
ACT-0001162,10236,Invoice,2026-05-30T17:40:00Z,-,USD,payment received
ACT-0002525,10517,Note,29-Sep-2025 07:23 AM,,,payment received
ACT-0002771,10566,Note,03/16/2021 08:31,,,portal login
ACT-0004245,10860,Invoice,2024-06-13T18:08:00Z,"7,575.00",USD,portal login
ACT-0000931,10190,Payment,2023-10-09T13:25:00Z,"3,275.00",USD,asked about seat pricing
ACT-0002762,10564,Call,27-Feb-2026 06:43 PM,,,
ACT-0002464,10505,Ticket,2026-01-14T15:23:00Z,,,asked about seat pricing
ACT-0000267,10052,Login,25-Feb-2020 07:36 AM,,,escalated: parts delay
ACT-0003837,10775,Payment,2024-07-14T12:09:00Z,-,USD,escalated: parts delay
ACT-0002936,10595,Invoice,10/02/2024 09:46,-,USD,renewal discussion
ACT-0001297,10267,INVOICE,2022-02-07T18:03:00Z,"8,200.00",USD,asked about seat pricing
ACT-0003390,10688,Invoice,2017-09-17T17:10:00Z,-,USD,
ACT-0002351,10485,Payment,09/04/2024 11:18,"3,075.00",USD,renewal discussion
ACT-0003259,10661,Invoice,2023-09-15T13:40:00Z,9700,USD,
ACT-0002784,10569,Call,2024-06-27T10:25:00Z,,,payment received
ACT-0002136,10440,Ticket,11/30/2022 13:26,,,portal login
ACT-0002845,10579,Payment,2024-04-08T11:50:00Z,1100.0,USD,asked about seat pricing
ACT-0003993,10809,Invoice,04/08/2022 19:10,-,USD,
ACT-0001248,10256,Invoice,09/19/2022 10:34,"8,125.00",USD,renewal discussion
ACT-0002932,10594,Invoice,2017-06-16T13:26:00Z,"9,675.00",USD,
ACT-0002700,10549,Support Ticket,06/10/2026 13:49,,,monthly invoice
ACT-0001652,10340,Ticket,18-Dec-2018 11:02 AM,,,renewal discussion
ACT-0004257,10861,Invoice,05/06/2025 15:05,9175.0,USD,monthly invoice
ACT-0000279,10055,Invoice,2020-07-14T13:01:00Z,4450,USD,renewal discussion
ACT-0003074,10623,Invoice,2022-06-07T13:10:00Z,-,USD,monthly invoice
ACT-0003669,10742,INVOICE,04-Apr-2025 06:06 PM,1975.0,USD,escalated: parts delay
ACT-0001219,10249,Support Ticket,10/04/2025 15:29,,,
ACT-0001427,10296,Invoice,10/05/2021 09:07,7800.0,USD,
ACT-0004558,10921,Payment,2023-06-27T14:41:00Z,"4,500.00",USD,monthly invoice
ACT-0000628,10130,Ticket,2024-01-11T16:22:00Z,,,
ACT-0004653,10940,Invoice,04/02/2019 13:06,"7,575.00",USD,monthly invoice
ACT-0001070,10219,Ticket,2023-02-05T09:37:00Z,,,
ACT-0000259,10051,Note,05/11/2024 08:05,,,escalated: parts delay
ACT-0000874,10181,Support Ticket,2024-10-18T07:33:00Z,,,escalated: parts delay
ACT-0004856,10982,Note,02/07/2020 09:20,,,portal login
ACT-0004289,10869,Note,2023-01-07T09:49:00Z,,,
ACT-0002709,10550,Payment,2022-06-01T19:06:00Z,8600,USD,
ACT-0000214,10042,Ticket,2023-06-14 16:57:00-05:00,,,portal login
ACT-0001285,10265,Note,2023-06-08T17:23:00Z,,,escalated: parts delay
ACT-0000830,10170,Invoice,02/21/2025 15:34,3375,USD,asked about seat pricing
ACT-0001741,10356,Payment,2021-06-21T07:22:00Z,-,USD,
ACT-0003780,10765,Login,2020-03-21 17:20:00-05:00,,,payment received
ACT-0001537,10315,Payment,2021-12-24T09:10:00Z,5975,USD,renewal discussion
ACT-0001454,10300,Invoice,15-Sep-2019 08:58 AM,-,USD,portal login
ACT-0001701,10348,Payment,2021-11-05T11:10:00Z,"4,625.00",USD,payment received
ACT-0002460,10505,Login,2025-10-28T12:49:00Z,,,asked about seat pricing
ACT-0003984,10808,Support Ticket,06/16/2026 10:05,,,asked about seat pricing
ACT-0000529,10108,Login,2018-05-25T16:22:00Z,,,monthly invoice
ACT-0003030,10613,Payment,2021-10-01T12:59:00Z,975,USD,monthly invoice
ACT-0001580,10325,Login,01/19/2021 16:48,,,asked about seat pricing
ACT-0002654,10541,Invoice,02/27/2022 14:05,8975.0,USD,escalated: parts delay
ACT-0001307,10268,Invoice,05-Apr-2024 08:47 AM,575.0,USD,
ACT-0003697,10749,Call,2019-03-16T12:13:00Z,,,monthly invoice
ACT-0004372,10884,Support Ticket,04/04/2024 08:30,,,renewal discussion
ACT-0003762,10760,Invoice,2022-06-04T18:58:00Z,5850.0,USD,monthly invoice
ACT-0001693,10346,Ticket,10-Aug-2025 09:02 AM,,,
ACT-0002588,10528,INVOICE,10/12/2018 19:33,7475,USD,escalated: parts delay
ACT-0003452,10700,Call,10/19/2025 07:45,,,escalated: parts delay
ACT-0000053,10011,Payment,2023-03-05T17:07:00Z,-,USD,monthly invoice
ACT-0000733,10148,Login,06/04/2024 08:41,,,payment received
ACT-0001569,10323,Support Ticket,2019-03-15T13:59:00Z,,,payment received
ACT-0001328,10271,Invoice,01/21/2022 13:23,8850.0,USD,payment received
ACT-0002240,10462,Invoice,2019-07-27T19:43:00Z,5875,USD,asked about seat pricing
ACT-0003899,10789,Note,09-Feb-2024 05:17 PM,,,
ACT-0001715,10351,Login,09/10/2025 10:31,,,payment received
ACT-0003682,10745,Login,12/11/2017 15:43,,,payment received
ACT-0002830,10577,Login,2025-07-01T11:59:00Z,,,
ACT-0001281,10263,Invoice,04/25/2020 09:43,6375.0,USD,payment received
ACT-0000153,10030,Invoice,20-Feb-2020 06:13 PM,"4,325.00",USD,escalated: parts delay
ACT-0001795,10370,Login,2026-05-12T12:33:00Z,,,payment received
ACT-0003358,10681,Login,05/09/2022 13:50,,,asked about seat pricing
ACT-0000276,10055,Payment,03/17/2018 18:26,9925,USD,asked about seat pricing
ACT-0000410,10083,Invoice,08/18/2022 15:12,9250.0,USD,renewal discussion
ACT-0001131,10229,Invoice,2019-12-30T18:34:00Z,5350.0,USD,asked about seat pricing
ACT-0000436,10088,Note,2023-01-26 16:57:00-05:00,,,escalated: parts delay
ACT-0003283,10667,Support Ticket,2024-11-08T15:52:00Z,,,payment received
ACT-0000705,10144,Ticket,2023-04-04T10:48:00Z,,,escalated: parts delay
ACT-0001282,10263,Ticket,2020-02-04 07:47:00-05:00,,,
ACT-0001260,10258,Invoice,2025-06-15T19:08:00Z,7100.0,USD,portal login
ACT-0002962,10601,Invoice,28-Sep-2019 11:49 AM,"6,525.00",USD,
ACT-0001378,10284,Login,2018-06-03T17:33:00Z,,,monthly invoice
ACT-0001334,10273,Note,2020-04-28T09:30:00Z,,,portal login
ACT-0004836,10978,Ticket,28-Nov-2022 10:07 AM,,,
ACT-0000930,10189,Login,2018-04-06 14:21:00-05:00,,,asked about seat pricing
ACT-0003881,10785,Payment,02/07/2026 15:52,2825,USD,escalated: parts delay
ACT-0000121,10025,Note,2018-06-06T11:14:00Z,,,escalated: parts delay
ACT-0004335,10877,Login,06/09/2018 17:28,,,renewal discussion
ACT-0002026,10420,Ticket,09/15/2022 16:57,,,monthly invoice
ACT-0003525,10714,Invoice,24-Oct-2019 12:42 PM,4800.0,USD,
ACT-0002165,10447,Payment,2024-01-01T13:58:00Z,"9,525.00",USD,portal login
ACT-0003326,10676,Note,15-Dec-2021 03:00 PM,,,payment received
ACT-0000170,10033,Call,15-Oct-2021 12:51 PM,,,
ACT-0004173,10845,Login,2022-04-06T16:21:00Z,,,
ACT-0001834,10377,Support Ticket,2018-01-26 09:43:00-05:00,,,
ACT-0000189,10037,Payment,28-Aug-2021 05:58 PM,7500,USD,monthly invoice
ACT-0003108,10631,Payment,01/10/2026 10:11,-,USD,
ACT-0002984,10604,Invoice,11-Jan-2026 03:58 PM,25.00,USD,asked about seat pricing
ACT-0003516,10713,Invoice,2019-07-08T08:11:00Z,-,USD,monthly invoice
ACT-0001956,10405,Support Ticket,2024-09-01T15:15:00Z,,,escalated: parts delay
ACT-0000745,10151,Payment,23-Nov-2025 02:22 PM,-,USD,renewal discussion
ACT-0004378,10885,Note,2024-01-08 17:03:00-05:00,,,escalated: parts delay
ACT-0004274,10864,Login,2021-08-23T14:14:00Z,,,
ACT-0002788,10569,Support Ticket,11/22/2023 12:22,,,escalated: parts delay
ACT-0001988,10410,Ticket,12/19/2016 17:14,,,portal login
ACT-0001333,10273,Note,2019-06-15T07:20:00Z,,,portal login
ACT-0002328,10479,Payment,2020-11-04T11:38:00Z,4600,USD,portal login
ACT-0000599,10122,Note,11/28/2018 14:32,,,monthly invoice
ACT-0001198,10244,Invoice,03/30/2024 12:29,1775,USD,escalated: parts delay
ACT-0004576,10924,Payment,2023-05-21T15:23:00Z,"1,550.00",USD,monthly invoice
ACT-0003469,10704,Invoice,2020-11-16 09:01:00-05:00,8800,USD,payment received
ACT-0002810,10573,Payment,2022-11-30T15:27:00Z,5675.0,USD,
ACT-0003857,10780,Invoice,2023-04-15T18:38:00Z,175.0,USD,renewal discussion
ACT-0002594,10531,Ticket,07/13/2019 13:25,,,portal login
ACT-0003867,10782,Call,2019-08-31T08:06:00Z,,,payment received
ACT-0004082,10827,Login,29-May-2026 11:43 AM,,,
ACT-0002228,10459,Login,03/14/2026 10:45,,,portal login
ACT-0004823,10976,Payment,2022-11-26T11:48:00Z,7200.0,USD,
ACT-0002406,10495,Login,2021-04-20T15:27:00Z,,,portal login
ACT-0003407,10692,Payment,2024-09-08T17:08:00Z,7450,USD,
ACT-0004549,10919,Login,2024-12-18 11:18:00-05:00,,,renewal discussion
ACT-0002320,10478,Call,09/19/2023 07:30,,,portal login
ACT-0003461,10703,Ticket,02/04/2026 18:53,,,asked about seat pricing
ACT-0004178,10846,Login,2025-08-25T09:04:00Z,,,
ACT-0002340,10482,Payment,2019-02-02 14:20:00-05:00,-,USD,portal login
ACT-0002765,10565,Ticket,20-Sep-2023 08:58 AM,,,asked about seat pricing
ACT-0001497,10308,Payment,01/06/2024 09:36,-,USD,
ACT-0001949,10404,Ticket,2026-03-13 17:00:00-05:00,,,renewal discussion
ACT-0000002,10000,Ticket,2020-11-05T08:42:00Z,,,payment received
ACT-0003039,10614,Invoice,2022-08-22T13:16:00Z,9825,USD,
ACT-0003954,10802,Ticket,10/15/2024 11:08,,,portal login
ACT-0004896,10990,Invoice,11/05/2017 07:52,4550,USD,escalated: parts delay
ACT-0003591,10726,Login,06/09/2026 19:59,,,payment received
ACT-0001746,10358,Payment,2022-12-05T13:19:00Z,2150.0,USD,
ACT-0002894,10588,Payment,2019-11-08T11:01:00Z,7100,USD,asked about seat pricing
ACT-0002254,10465,Invoice,2023-04-27 07:25:00-05:00,-,USD,
ACT-0000072,10014,Login,09-Jul-2024 06:08 PM,,,asked about seat pricing
ACT-0003868,10782,Login,2021-03-26T12:50:00Z,,,escalated: parts delay
ACT-0003956,10802,Ticket,2025-03-31T13:05:00Z,,,
ACT-0002763,10564,Payment,2026-02-23T14:37:00Z,7100,USD,payment received
ACT-0000597,10121,Invoice,2026-02-01T08:35:00Z,-,USD,escalated: parts delay
ACT-0002025,10420,Support Ticket,2023-03-16T08:05:00Z,,,payment received
ACT-0001663,10342,Support Ticket,20-Jul-2026 07:11 PM,,,portal login
ACT-0004096,10829,Note,2021-10-07T13:12:00Z,,,asked about seat pricing
ACT-0003970,10805,Invoice,12/25/2025 15:40,"7,575.00",USD,monthly invoice
ACT-0001343,10275,Ticket,17-Jan-2018 12:05 PM,,,portal login
ACT-0000725,10147,Note,2024-11-10 13:59:00-05:00,,,
ACT-0002602,10532,Login,07-Oct-2024 04:55 PM,,,renewal discussion
ACT-0004034,10817,Payment,2025-04-06T16:46:00Z,"1,600.00",USD,asked about seat pricing
ACT-0004592,10927,Invoice,2025-12-10 13:39:00-05:00,7625.0,USD,asked about seat pricing
ACT-0001405,10290,Login,2026-06-11T13:41:00Z,,,
ACT-0000950,10194,Invoice,2020-02-06T11:00:00Z,-,USD,renewal discussion
ACT-0001205,10246,Login,2026-06-09T19:01:00Z,,,escalated: parts delay
ACT-0002053,10425,Login,2024-09-14T09:37:00Z,,,
ACT-0002204,10453,Login,10/19/2018 19:56,,,monthly invoice
ACT-0004811,10975,Note,2020-09-24T08:52:00Z,,,asked about seat pricing
ACT-0004733,10958,Ticket,2022-04-20T09:28:00Z,,,
ACT-0002187,10450,Login,03/30/2021 15:24,,,escalated: parts delay
ACT-0004603,10929,Support Ticket,2023-02-22T18:07:00Z,,,
ACT-0002008,10414,Support Ticket,2025-12-20T14:06:00Z,,,escalated: parts delay
ACT-0001340,10274,Login,2022-11-16T09:18:00Z,,,portal login
ACT-0002149,10443,Support Ticket,21-Jun-2018 10:44 AM,,,payment received
ACT-0002117,10437,Invoice,2023-04-07T10:30:00Z,2475,USD,portal login
ACT-0001106,10226,Payment,02/26/2023 09:04,"7,825.00",USD,asked about seat pricing
ACT-0002938,10596,Invoice,07-Oct-2022 11:19 AM,"3,725.00",USD,portal login
ACT-0001668,10343,Support Ticket,2026-07-06T16:43:00Z,,,asked about seat pricing
ACT-0002124,10438,Payment,30-Dec-2023 01:17 PM,"9,275.00",USD,monthly invoice
ACT-0004581,10925,Support Ticket,09/06/2020 11:01,,,portal login
ACT-0002534,10518,Payment,05/06/2020 09:08,-,USD,portal login
ACT-0000712,10145,Invoice,11/03/2023 13:17,-,USD,
ACT-0002391,10492,Payment,03/28/2020 13:57,425.0,USD,payment received
ACT-0001671,10343,Invoice,07/15/2026 11:38,-,USD,escalated: parts delay
ACT-0001541,10316,Invoice,12/30/2021 15:23,6750,USD,
ACT-0004751,10962,INVOICE,2020-12-11T12:11:00Z,"7,050.00",USD,portal login
ACT-0000892,10184,Login,2025-10-06T14:17:00Z,,,
ACT-0002259,10465,Invoice,02/28/2023 15:27,9700,USD,renewal discussion
ACT-0003905,10789,Note,2024-05-02 18:49:00-05:00,,,asked about seat pricing
ACT-0001977,10408,Payment,2023-11-19T07:10:00Z,250,USD,monthly invoice
ACT-0003831,10774,Login,2022-09-09T08:13:00Z,,,
ACT-0003340,10678,Payment,2017-06-03 13:16:00-05:00,5775.0,USD,monthly invoice
ACT-0003293,10668,Invoice,2024-09-16T14:27:00Z,5975,USD,
ACT-0001696,10347,Payment,07/08/2025 08:46,"4,050.00",USD,renewal discussion
ACT-0001259,10258,Call,30-Aug-2025 05:12 PM,,,portal login
ACT-0003102,10629,Support Ticket,2023-07-24T11:12:00Z,,,portal login
ACT-0000651,10134,INVOICE,2018-12-13T10:58:00Z,"1,075.00",USD,payment received
ACT-0001242,10254,Payment,2025-01-29T10:51:00Z,8225.0,USD,renewal discussion
ACT-0002957,10600,Support Ticket,24-Sep-2023 11:53 AM,,,escalated: parts delay
ACT-0000701,10143,Note,06/24/2025 07:07,,,
ACT-0002779,10568,Note,05/26/2025 17:34,,,monthly invoice
ACT-0004442,10898,Login,07/22/2019 15:52,,,renewal discussion
ACT-0002516,10515,Note,2022-07-01T14:38:00Z,,,payment received
ACT-0003171,10642,Support Ticket,2025-03-09T18:13:00Z,,,
ACT-0000881,10182,Payment,2025-02-06 11:43:00-05:00,"5,800.00",USD,portal login
ACT-0000990,10204,Support Ticket,28-Jun-2021 11:15 AM,,,portal login
ACT-0002409,10495,INVOICE,2019-08-11T15:33:00Z,-,USD,renewal discussion
ACT-0004742,10960,Note,2023-07-20T07:28:00Z,,,renewal discussion
ACT-0004427,10896,Invoice,14-Oct-2025 09:30 AM,-,USD,monthly invoice
ACT-0003254,10659,Note,2023-06-24T18:39:00Z,,,payment received
ACT-0004932,10997,Payment,2019-11-06T14:40:00Z,5950.0,USD,monthly invoice
ACT-0003904,10789,Ticket,09/01/2022 12:10,,,asked about seat pricing
ACT-0000688,10141,Login,2019-10-18T12:01:00Z,,,asked about seat pricing
ACT-0001177,10239,Login,2026-01-29T19:44:00Z,,,
ACT-0003890,10787,Login,2023-10-23T18:05:00Z,,,renewal discussion
ACT-0003107,10630,Ticket,2019-08-04T15:00:00Z,,,renewal discussion
ACT-0003373,10684,Support Ticket,2025-03-22T16:04:00Z,,,portal login
ACT-0004775,10966,Note,2026-02-17 19:02:00-05:00,,,
ACT-0004526,10915,Invoice,10/03/2025 10:10,-,USD,escalated: parts delay
ACT-0003203,10647,Payment,24-Mar-2023 06:10 PM,"9,950.00",USD,payment received
ACT-0003846,10777,Payment,2020-05-31T12:27:00Z,175.0,USD,
ACT-0003550,10719,Login,31-May-2022 05:10 PM,,,portal login
ACT-0004898,10990,Ticket,09/06/2017 19:19,,,
ACT-0004328,10876,Login,2019-03-27T19:30:00Z,,,
ACT-0001972,10407,Payment,2020-07-26T18:33:00Z,2825,USD,renewal discussion
ACT-0003392,10688,Support Ticket,13-Jul-2018 12:35 PM,,,asked about seat pricing
ACT-0001089,10223,Support Ticket,2022-09-20 19:04:00-05:00,,,renewal discussion
ACT-0001187,10242,Invoice,09/26/2021 11:24,8325,USD,payment received
ACT-0001639,10336,INVOICE,2023-11-09 09:37:00-05:00,"8,750.00",USD,renewal discussion
ACT-0000332,10068,Payment,02/28/2024 14:37,"5,700.00",USD,portal login
ACT-0002377,10490,Invoice,02/17/2023 15:48,-,USD,
ACT-0000342,10071,Ticket,2023-06-30T11:53:00Z,,,escalated: parts delay
ACT-0004304,10871,Invoice,05/15/2020 12:05,"6,100.00",USD,escalated: parts delay
ACT-0002615,10533,Ticket,2023-07-13 13:49:00-05:00,,,portal login
ACT-0000685,10141,INVOICE,2020-01-12T08:44:00Z,2150.0,USD,asked about seat pricing
ACT-0000942,10193,Support Ticket,2024-07-09T19:04:00Z,,,monthly invoice
ACT-0001434,10297,Invoice,2022-09-20T14:46:00Z,-,USD,asked about seat pricing
ACT-0004120,10833,Invoice,01/12/2022 08:07,1550,USD,asked about seat pricing
ACT-0000536,10110,Login,2024-12-27T15:07:00Z,,,escalated: parts delay
ACT-0001565,10322,Invoice,2019-01-10T09:39:00Z,8300,USD,asked about seat pricing
ACT-0003309,10672,Login,2025-11-05 15:56:00-05:00,,,
ACT-0001440,10298,Payment,07/17/2017 18:14,575.0,USD,monthly invoice
ACT-0000434,10088,Invoice,05/27/2023 18:11,2900,USD,portal login
ACT-0004786,10968,Ticket,01/02/2019 16:20,,,asked about seat pricing
ACT-0001648,10338,Note,2024-08-27T10:34:00Z,,,asked about seat pricing
ACT-0000093,10019,Login,10/10/2024 10:42,,,portal login
ACT-0001324,10271,INVOICE,2025-10-28T09:25:00Z,"2,650.00",USD,portal login
ACT-0003091,10627,Login,29-May-2018 09:07 AM,,,asked about seat pricing
ACT-0001817,10373,Invoice,05-Jul-2025 12:07 PM,-,USD,escalated: parts delay
ACT-0002853,10580,INVOICE,2019-08-15T12:28:00Z,5250,USD,
ACT-0002388,10492,Invoice,2023-05-27T18:43:00Z,-,USD,renewal discussion
ACT-0003381,10686,Invoice,03/23/2018 10:38,9625.0,USD,renewal discussion
ACT-0001332,10273,Invoice,01/02/2021 10:14,"9,075.00",USD,escalated: parts delay
ACT-0001122,10228,Invoice,2025-07-20T08:14:00Z,825,USD,renewal discussion
ACT-0002490,10510,INVOICE,2020-04-04T15:40:00Z,"3,225.00",USD,escalated: parts delay
ACT-0004759,10963,Ticket,2019-08-01T10:26:00Z,,,asked about seat pricing
ACT-0000523,10106,Support Ticket,2022-02-17T14:21:00Z,,,portal login
ACT-0000089,10018,Login,2026-08-07T15:46:00Z,,,portal login
ACT-0002792,10570,Invoice,2020-05-16T15:42:00Z,1000.0,USD,
ACT-0004906,10991,Note,03/22/2026 19:25,,,payment received
ACT-0002953,10599,Call,11/11/2023 14:15,,,escalated: parts delay
ACT-0003157,10639,Payment,2023-09-07 17:40:00-05:00,-,USD,
ACT-0003892,10787,Invoice,02-Jan-2026 07:21 AM,-,USD,
ACT-0000250,10049,Support Ticket,27-Feb-2022 10:16 AM,,,
ACT-0001276,10262,Payment,2020-12-13 11:00:00-05:00,"5,675.00",USD,renewal discussion
ACT-0000563,10115,Ticket,09/05/2024 19:12,,,renewal discussion
ACT-0000978,10202,Payment,2023-07-19T10:54:00Z,-,USD,escalated: parts delay
ACT-0002667,10543,INVOICE,2024-07-02T15:59:00Z,-,USD,asked about seat pricing
ACT-0004161,10843,Ticket,2022-02-01T07:32:00Z,,,monthly invoice
ACT-0002751,10560,Login,08/11/2026 07:53,,,asked about seat pricing
ACT-0004696,10950,Invoice,2025-10-24T18:23:00Z,4250.0,USD,asked about seat pricing
ACT-0000405,10082,Invoice,08/29/2026 10:43,1800.0,USD,
ACT-0001085,10223,Invoice,02-Oct-2021 12:38 PM,3200,USD,escalated: parts delay
ACT-0004661,10941,Note,2024-11-18T16:03:00Z,,,portal login
ACT-0003922,10793,Invoice,2025-12-06T18:14:00Z,-,USD,escalated: parts delay
ACT-0004642,10936,Invoice,2023-02-25T17:47:00Z,-,USD,asked about seat pricing
ACT-0002011,10415,Ticket,2025-05-27T07:05:00Z,,,monthly invoice
ACT-0004418,10894,Invoice,2025-09-12T11:53:00Z,"7,600.00",USD,
ACT-0002324,10478,INVOICE,30-Jan-2023 11:17 AM,-,USD,monthly invoice
ACT-0000225,10043,Payment,2022-06-16T14:57:00Z,550,USD,payment received
ACT-0001169,10237,Invoice,2023-06-28T12:05:00Z,"1,950.00",USD,payment received
ACT-0001479,10305,Payment,2020-05-23T14:10:00Z,9700,USD,payment received
ACT-0003130,10635,Login,2026-05-08T08:49:00Z,,,
ACT-0003586,10726,Invoice,07/09/2026 07:46,"4,125.00",USD,payment received
ACT-0002944,10596,Ticket,12/02/2022 11:41,,,portal login
ACT-0003569,10723,Login,12/13/2025 10:45,,,
ACT-0003201,10647,Ticket,12/24/2022 17:49,,,escalated: parts delay
ACT-0004680,10946,Payment,30-Apr-2024 07:44 AM,8875.0,USD,escalated: parts delay
ACT-0002519,10515,Payment,06/21/2022 17:51,-,USD,
ACT-0003729,10754,Payment,2020-02-18T19:47:00Z,"4,525.00",USD,asked about seat pricing
ACT-0001015,10208,Support Ticket,07/10/2023 07:24,,,
ACT-0000448,10090,INVOICE,14-Feb-2024 12:02 PM,"5,425.00",USD,renewal discussion
ACT-0002067,10427,Note,04/05/2021 07:24,,,monthly invoice
ACT-0003772,10763,Support Ticket,2020-11-11T18:21:00Z,,,
ACT-0000839,10172,INVOICE,07/11/2024 17:16,2725,USD,monthly invoice
ACT-0000686,10141,Payment,12/05/2020 07:01,5825,USD,escalated: parts delay
ACT-0001555,10320,Note,2022-08-06T17:46:00Z,,,payment received
ACT-0000648,10133,Payment,2022-06-29T14:51:00Z,"1,025.00",USD,renewal discussion
ACT-0002286,10470,Invoice,2022-07-10T18:49:00Z,"4,775.00",USD,
ACT-0000321,10064,Note,2024-05-22T18:03:00Z,,,payment received
ACT-0003027,10613,Login,2022-07-17T11:58:00Z,,,portal login
ACT-0004508,10912,Invoice,2026-01-28T12:24:00Z,1800,USD,
ACT-0001061,10216,Payment,11/25/2025 14:59,2325,USD,asked about seat pricing
ACT-0003330,10677,Ticket,26-May-2021 02:08 PM,,,renewal discussion
ACT-0000667,10138,Invoice,2020-10-28T13:00:00Z,"4,275.00",USD,asked about seat pricing
ACT-0002573,10525,Invoice,2026-05-08 08:11:00-05:00,975.00,USD,renewal discussion
ACT-0000524,10106,Support Ticket,23-May-2018 10:33 AM,,,
ACT-0000706,10144,Login,2025-05-01T08:43:00Z,,,monthly invoice
ACT-0002793,10570,INVOICE,2021-01-11T12:26:00Z,5350.0,USD,asked about seat pricing
ACT-0004221,10854,INVOICE,2024-02-22T10:43:00Z,3450,USD,portal login
ACT-0003470,10704,Note,2019-11-11T07:15:00Z,,,payment received
ACT-0004586,10927,Ticket,03-Sep-2025 01:49 PM,,,asked about seat pricing
ACT-0001904,10395,Payment,2025-02-10T18:07:00Z,9475.0,USD,
ACT-0001892,10391,Login,2025-05-15T18:49:00Z,,,escalated: parts delay
ACT-0001808,10372,Invoice,2019-04-09T11:07:00Z,4250,USD,
ACT-0004937,10998,Call,01/31/2024 19:46,,,
ACT-0003238,10656,Login,2022-09-07T09:14:00Z,,,
ACT-0002492,10511,Payment,29-Oct-2024 03:42 PM,-,USD,renewal discussion
ACT-0000197,10038,Payment,2021-12-01 16:53:00-05:00,-,USD,portal login
ACT-0001095,10224,Invoice,02/15/2021 15:35,"7,950.00",USD,payment received
ACT-0004844,10979,Invoice,2025-06-24 11:02:00-05:00,-,USD,monthly invoice
ACT-0003512,10712,Payment,08/05/2021 17:50,600.0,USD,
ACT-0001800,10371,Payment,01/27/2023 18:08,-,USD,renewal discussion
ACT-0003400,10691,Invoice,2025-07-23T09:50:00Z,"6,700.00",USD,
ACT-0001464,10301,Invoice,04-May-2022 07:09 AM,"8,175.00",USD,payment received
ACT-0001164,10236,Note,2025-11-24T13:03:00Z,,,monthly invoice
ACT-0003396,10689,Invoice,2021-04-29T08:04:00Z,-,USD,portal login
ACT-0004647,10938,Invoice,2024-08-31T11:32:00Z,9625,USD,asked about seat pricing
ACT-0001664,10342,Call,2026-06-20T11:43:00Z,,,
ACT-0000360,10075,Payment,03/06/2024 17:50,6250.0,USD,renewal discussion
ACT-0004572,10923,Login,10/05/2024 13:23,,,portal login
ACT-0000455,10091,Note,2019-03-26 14:05:00-05:00,,,
ACT-0003716,10752,Note,09/11/2025 07:33,,,monthly invoice
ACT-0001026,10210,Invoice,2024-12-25T19:04:00Z,2900.0,USD,monthly invoice
ACT-0004815,10975,Payment,2020-12-21T10:31:00Z,"3,475.00",USD,escalated: parts delay
ACT-0003634,10735,INVOICE,2025-12-03T11:19:00Z,800.0,USD,asked about seat pricing
ACT-0003250,10659,Note,2023-06-24T10:02:00Z,,,
ACT-0002118,10437,Invoice,2023-01-22T07:01:00Z,50.0,USD,escalated: parts delay
ACT-0002537,10519,INVOICE,2023-05-15T09:02:00Z,7625,USD,
ACT-0002884,10587,Ticket,05/19/2022 19:25,,,renewal discussion
ACT-0002726,10555,Ticket,12/31/2022 18:04,,,monthly invoice
ACT-0002147,10442,Login,11/24/2019 10:01,,,escalated: parts delay
ACT-0004491,10908,Payment,2019-11-03T19:13:00Z,-,USD,
ACT-0000895,10184,Payment,2025-11-07 16:27:00-05:00,"1,250.00",USD,renewal discussion
ACT-0000723,10147,Payment,2024-10-27T08:04:00Z,-,USD,
ACT-0003527,10715,Login,01/27/2025 09:05,,,renewal discussion
ACT-0003235,10655,Login,2025-06-01 17:09:00-05:00,,,
ACT-0000126,10025,Payment,2019-03-01T17:15:00Z,-,USD,monthly invoice
ACT-0000984,10203,Login,2023-04-13T15:02:00Z,,,
ACT-0004608,10930,Login,2026-05-11T19:09:00Z,,,renewal discussion
ACT-0001504,10310,Payment,07/24/2020 08:30,-,USD,
ACT-0003224,10653,Login,08/30/2023 08:02,,,monthly invoice
ACT-0001338,10274,Ticket,2021-11-05 14:28:00-05:00,,,renewal discussion
ACT-0002305,10475,Invoice,2023-03-04T10:04:00Z,925.0,USD,renewal discussion
ACT-0003781,10765,Invoice,2021-03-15T07:37:00Z,-,USD,
ACT-0004148,10839,Invoice,2022-12-11T11:11:00Z,3300.0,USD,monthly invoice
ACT-0002816,10574,Invoice,09/27/2024 12:38,6500.0,USD,
ACT-0001231,10252,Invoice,2020-11-07T12:20:00Z,3800,USD,monthly invoice
ACT-0003590,10726,Invoice,07/03/2026 08:10,4300.0,USD,portal login
ACT-0002649,10539,Invoice,12/22/2020 07:55,-,USD,renewal discussion
ACT-0004946,10999,Payment,25-Apr-2021 04:52 PM,3275,USD,escalated: parts delay
ACT-0003014,10611,Ticket,2023-01-06 15:08:00-05:00,,,renewal discussion
ACT-0002994,10606,Ticket,02/19/2025 09:37,,,payment received
ACT-0002710,10551,Ticket,2023-02-17T18:44:00Z,,,escalated: parts delay
ACT-0001287,10265,Call,24-Jun-2022 03:05 PM,,,asked about seat pricing
ACT-0004806,10974,Call,05-Nov-2021 07:44 PM,,,renewal discussion
ACT-0004048,10819,Payment,01-Apr-2020 11:00 AM,"2,775.00",USD,renewal discussion
ACT-0000773,10158,Ticket,2019-11-12T16:39:00Z,,,asked about seat pricing
ACT-0003609,10730,Invoice,2024-12-23T11:17:00Z,2650.0,USD,
ACT-0004514,10912,INVOICE,12/11/2025 14:27,4400,USD,escalated: parts delay
ACT-0000193,10038,Invoice,07-Jan-2020 04:30 PM,-,USD,asked about seat pricing
ACT-0001204,10246,Payment,02/05/2026 19:01,2325.0,USD,
ACT-0003547,10719,Note,2025-09-22T18:31:00Z,,,payment received
ACT-0003331,10677,Invoice,2020-10-15 08:57:00-05:00,2350.0,USD,monthly invoice
ACT-0004029,10817,Ticket,03-Jan-2024 10:04 AM,,,escalated: parts delay
ACT-0003635,10735,Support Ticket,2026-04-04T08:39:00Z,,,
ACT-0001858,10383,Invoice,2025-08-11T16:19:00Z,5850,USD,portal login
ACT-0003927,10794,Note,03/05/2020 17:37,,,monthly invoice
ACT-0003874,10784,Call,08/08/2026 16:19,,,payment received
ACT-0000691,10142,Invoice,2019-10-08T19:08:00Z,"5,825.00",USD,escalated: parts delay
ACT-0002434,10500,Invoice,11/26/2023 09:14,2125,USD,
ACT-0002533,10518,Note,06-Oct-2019 12:51 PM,,,monthly invoice
ACT-0001678,10344,Login,12/28/2025 07:27,,,escalated: parts delay
ACT-0003078,10623,Payment,2021-04-29 08:06:00-05:00,9100,USD,asked about seat pricing
ACT-0001838,10378,Support Ticket,09-Feb-2022 12:04 PM,,,escalated: parts delay
ACT-0002184,10450,Support Ticket,02/23/2020 09:11,,,asked about seat pricing
ACT-0004738,10959,Invoice,2021-10-17T19:06:00Z,4800.0,USD,asked about seat pricing
ACT-0003050,10617,Invoice,10-Jul-2026 04:41 PM,8200.0,USD,
ACT-0004047,10819,Payment,11/10/2019 12:27,-,USD,renewal discussion
ACT-0002115,10437,Invoice,2019-11-26T13:24:00Z,"7,025.00",USD,escalated: parts delay
ACT-0004557,10921,INVOICE,03/20/2023 16:04,3975,USD,monthly invoice
ACT-0001028,10211,Ticket,2025-02-10T08:32:00Z,,,
ACT-0001463,10301,Payment,2023-04-18T07:43:00Z,-,USD,renewal discussion
ACT-0004291,10869,Note,2021-11-17T09:49:00Z,,,
ACT-0002708,10550,Login,2022-07-05T13:52:00Z,,,
ACT-0004377,10885,Invoice,19-Jul-2024 12:04 PM,3450.0,USD,escalated: parts delay
ACT-0002163,10446,INVOICE,04/05/2020 15:04,2025.0,USD,monthly invoice
ACT-0000661,10137,Payment,27-Oct-2021 09:04 AM,-,USD,renewal discussion
ACT-0004057,10821,Login,2021-09-19T09:09:00Z,,,
ACT-0003276,10665,Invoice,2025-07-11 12:57:00-05:00,8200,USD,
ACT-0003579,10725,Call,02/24/2026 07:24,,,portal login
ACT-0002253,10465,Invoice,2023-03-06 19:22:00-05:00,4925,USD,monthly invoice
ACT-0003777,10764,Payment,06/11/2026 12:49,"8,975.00",USD,renewal discussion
ACT-0000063,10013,Invoice,2019-03-02T15:09:00Z,2525.0,USD,monthly invoice
ACT-0003633,10734,Invoice,2023-01-25 16:59:00-05:00,325.00,USD,asked about seat pricing
ACT-0004788,10969,Login,05/02/2020 16:09,,,
ACT-0002553,10521,Payment,05/18/2020 15:29,"4,025.00",USD,portal login
ACT-0000181,10035,Invoice,08-Nov-2022 11:40 AM,-,USD,
ACT-0001391,10287,Invoice,07/11/2017 09:34,6200,USD,
ACT-0002152,10443,Payment,2018-05-15T13:18:00Z,50,USD,escalated: parts delay
ACT-0000231,10045,Note,2025-08-30T14:55:00Z,,,portal login
ACT-0000021,10004,Login,23-Mar-2024 06:45 PM,,,escalated: parts delay
ACT-0001749,10359,Invoice,2025-04-05T19:26:00Z,575.0,USD,portal login
ACT-0002164,10446,Ticket,12-May-2020 03:02 PM,,,monthly invoice
ACT-0004088,10828,Call,07/03/2022 16:04,,,escalated: parts delay
ACT-0003226,10653,Login,2023-03-07T17:52:00Z,,,
ACT-0002414,10496,Invoice,2026-06-26T17:10:00Z,5925,USD,escalated: parts delay
ACT-0001676,10344,Payment,2026-01-21T12:51:00Z,400.0,USD,asked about seat pricing
ACT-0000201,10039,Note,12/04/2024 12:38,,,asked about seat pricing
ACT-0000527,10107,Login,2022-05-02T19:59:00Z,,,monthly invoice
ACT-0003300,10669,Login,2021-05-29 07:13:00-05:00,,,
ACT-0000718,10146,Login,02/10/2018 16:55,,,portal login
ACT-0002593,10530,Login,2018-01-02T08:06:00Z,,,monthly invoice
ACT-0000592,10120,Payment,2026-03-28T18:47:00Z,2900,USD,escalated: parts delay
ACT-0003992,10809,Login,2022-03-12T12:33:00Z,,,asked about seat pricing
ACT-0003273,10664,Ticket,2025-06-30T16:54:00Z,,,
ACT-0004154,10840,Invoice,2026-09-08T18:42:00Z,5950.0,USD,portal login
ACT-0003197,10646,Payment,2024-11-03T07:40:00Z,175.0,USD,
ACT-0000532,10108,Login,2018-03-29T19:51:00Z,,,
ACT-0004504,10911,Payment,2022-03-30 14:14:00-05:00,-,USD,asked about seat pricing
ACT-0003564,10722,Login,22-May-2020 01:41 PM,,,portal login
ACT-0003975,10807,Support Ticket,2022-09-14T10:33:00Z,,,payment received
ACT-0000947,10194,Note,09/02/2021 09:04,,,
ACT-0003456,10701,Invoice,2021-10-19 14:38:00-05:00,-,USD,payment received
ACT-0000658,10136,Invoice,12/07/2025 16:14,4175,USD,monthly invoice
ACT-0001506,10310,Invoice,09/06/2018 16:18,"8,600.00",USD,escalated: parts delay
ACT-0001283,10264,Invoice,03-Mar-2023 07:03 PM,"9,975.00",USD,renewal discussion
ACT-0001513,10311,INVOICE,03/28/2017 14:55,9375.0,USD,
ACT-0003584,10725,Ticket,2026-08-14T13:11:00Z,,,payment received
ACT-0002009,10415,Ticket,2024-12-23T16:00:00Z,,,asked about seat pricing
ACT-0002103,10435,Payment,2025-03-13 19:32:00-05:00,5250.0,USD,monthly invoice
ACT-0002450,10503,Payment,2019-04-09T17:14:00Z,-,USD,asked about seat pricing
ACT-0001199,10244,Call,2021-02-24T16:53:00Z,,,asked about seat pricing
ACT-0000313,10062,Payment,2026-05-01T09:56:00Z,4800,USD,
ACT-0002619,10534,Login,2019-07-27T07:25:00Z,,,payment received
ACT-0002354,10486,Invoice,2017-09-09T12:14:00Z,"8,450.00",USD,renewal discussion
ACT-0002970,10603,Invoice,2019-12-04T09:53:00Z,"7,600.00",USD,renewal discussion
ACT-0000213,10041,Note,08/20/2020 11:31,,,renewal discussion
ACT-0004315,10873,Login,2019-05-17T08:49:00Z,,,monthly invoice
ACT-0003304,10670,Call,12/03/2025 08:47,,,
ACT-0004897,10990,Note,2019-01-04T07:32:00Z,,,renewal discussion
ACT-0004198,10849,Payment,2025-07-02T08:56:00Z,2150,USD,asked about seat pricing
ACT-0001908,10397,INVOICE,05/21/2025 11:45,850.00,USD,monthly invoice
ACT-0002598,10531,Login,05/31/2019 14:53,,,asked about seat pricing
ACT-0004297,10870,Invoice,2023-10-03T12:21:00Z,-,USD,
ACT-0002040,10422,Payment,09/08/2024 07:05,"3,200.00",USD,escalated: parts delay
ACT-0001087,10223,Login,2023-09-12T11:05:00Z,,,escalated: parts delay
ACT-0001558,10320,Payment,2022-08-24T11:13:00Z,-,USD,asked about seat pricing
ACT-0003656,10739,Payment,2021-08-08T07:33:00Z,-,USD,monthly invoice
ACT-0000480,10097,Ticket,2019-02-20T17:50:00Z,,,monthly invoice
ACT-0000175,10034,Invoice,06/22/2021 18:24,7175,USD,renewal discussion
ACT-0003503,10710,Note,2023-11-19 14:31:00-05:00,,,
ACT-0004330,10877,Ticket,03/28/2020 17:01,,,
ACT-0003486,10707,Ticket,10/22/2024 09:59,,,monthly invoice
ACT-0000473,10095,Invoice,2018-01-24 18:23:00-05:00,"7,275.00",USD,
ACT-0002119,10438,Support Ticket,2024-04-28T16:50:00Z,,,escalated: parts delay
ACT-0003368,10683,Login,2022-05-13 17:37:00-05:00,,,portal login
ACT-0003468,10704,Payment,11-May-2025 12:57 PM,-,USD,renewal discussion
ACT-0000301,10061,Payment,08/21/2020 15:31,2550.0,USD,portal login
ACT-0001048,10214,Invoice,2021-08-08T11:36:00Z,"4,750.00",USD,asked about seat pricing
ACT-0000934,10191,Support Ticket,2021-10-31T07:37:00Z,,,payment received
ACT-0003429,10696,Payment,2022-09-29T11:07:00Z,2350,USD,renewal discussion
ACT-0002820,10575,Invoice,2019-07-15T13:28:00Z,9950,USD,
ACT-0004350,10881,Payment,2021-03-09T17:11:00Z,4775.0,USD,escalated: parts delay
ACT-0003239,10657,Ticket,2022-05-18 09:18:00-05:00,,,
ACT-0000549,10112,Support Ticket,11-Dec-2024 12:50 PM,,,asked about seat pricing
ACT-0001321,10271,Note,2018-04-21T12:54:00Z,,,escalated: parts delay
ACT-0000755,10154,Note,08/04/2018 17:25,,,renewal discussion
ACT-0001304,10267,Payment,10/11/2021 19:53,-,USD,portal login
ACT-0004499,10911,Invoice,03/21/2022 12:25,"7,900.00",USD,
ACT-0000264,10052,Invoice,2021-03-12T11:52:00Z,"5,475.00",USD,monthly invoice
ACT-0002365,10488,Payment,2025-05-10 11:01:00-05:00,1850,USD,portal login
ACT-0003998,10811,Login,2022-08-13 10:01:00-05:00,,,portal login
ACT-0001058,10216,Ticket,09/13/2025 09:20,,,
ACT-0003354,10680,Payment,2026-04-05T11:07:00Z,-,USD,asked about seat pricing
ACT-0000268,10053,Payment,2024-05-23T08:35:00Z,5350.0,USD,escalated: parts delay
ACT-0003151,10638,Invoice,08/13/2025 18:22,5975,USD,portal login
ACT-0003856,10779,Support Ticket,22-Dec-2022 08:37 AM,,,
ACT-0001729,10355,Login,2019-05-29 09:07:00-05:00,,,
ACT-0002213,10456,Note,07/23/2023 12:35,,,
ACT-0001235,10253,Invoice,2022-01-08T11:47:00Z,-,USD,
ACT-0003435,10698,Payment,2023-12-03T15:21:00Z,5500,USD,
ACT-0000903,10185,Login,11/04/2022 14:31,,,payment received
ACT-0003670,10742,Payment,2024-03-18T15:51:00Z,5525,USD,
ACT-0002010,10415,Login,2025-03-04T17:36:00Z,,,
ACT-0000353,10074,Ticket,2024-11-18T19:13:00Z,,,renewal discussion
ACT-0000396,10080,Invoice,2018-11-17 07:01:00-05:00,-,USD,payment received
ACT-0001206,10246,Invoice,02/21/2026 16:50,5000,USD,escalated: parts delay
ACT-0002746,10559,Payment,04/29/2022 19:19,-,USD,renewal discussion
ACT-0003941,10798,Ticket,2023-09-24T15:23:00Z,,,
ACT-0001877,10388,Payment,30-Jul-2020 02:19 PM,"6,400.00",USD,renewal discussion
ACT-0003496,10709,Ticket,2019-10-29T15:35:00Z,,,
ACT-0000271,10054,Login,2019-10-07T15:45:00Z,,,renewal discussion
ACT-0001519,10312,Payment,2026-05-27T19:26:00Z,1125.0,USD,payment received
ACT-0002769,10566,INVOICE,03/22/2021 17:18,8275.0,USD,portal login
ACT-0000156,10030,Payment,04/28/2019 14:29,"2,250.00",USD,
ACT-0000960,10197,Payment,27-May-2022 03:41 PM,2400.0,USD,
ACT-0004862,10983,Payment,09/07/2020 09:32,4225,USD,
ACT-0000683,10141,INVOICE,2020-08-07T13:04:00Z,-,USD,asked about seat pricing
ACT-0003290,10668,Payment,2024-11-28 09:09:00-05:00,7325,USD,escalated: parts delay
ACT-0004474,10905,Payment,12-Jun-2023 07:15 AM,800.00,USD,asked about seat pricing
ACT-0003863,10781,Invoice,2024-11-12T07:07:00Z,5675,USD,renewal discussion
ACT-0001889,10391,Login,2025-05-29T08:19:00Z,,,monthly invoice
ACT-0003925,10794,Payment,2021-02-22T09:55:00Z,6925,USD,renewal discussion
ACT-0000735,10149,Call,2022-12-10T14:16:00Z,,,monthly invoice
ACT-0001576,10324,Call,10/15/2023 10:14,,,
ACT-0000207,10040,Note,2021-06-21T18:22:00Z,,,escalated: parts delay
ACT-0004421,10895,Login,2021-06-09T12:11:00Z,,,asked about seat pricing
ACT-0002856,10581,Payment,2026-04-18T18:29:00Z,1350,USD,monthly invoice
ACT-0001170,10238,Payment,2022-07-10 16:56:00-05:00,2500,USD,escalated: parts delay
ACT-0001184,10241,Support Ticket,02-Mar-2022 08:55 AM,,,
ACT-0001469,10303,Login,2021-05-30T08:43:00Z,,,portal login
ACT-0000551,10112,Invoice,02-Aug-2022 09:11 AM,7275,USD,portal login
ACT-0000033,10007,INVOICE,06-Nov-2025 07:42 AM,"5,725.00",USD,
ACT-0002357,10486,Ticket,2018-02-09T08:40:00Z,,,escalated: parts delay
ACT-0000377,10077,Invoice,10/02/2024 18:43,6425.0,USD,monthly invoice
ACT-0002242,10463,Note,2023-06-07T08:54:00Z,,,escalated: parts delay
ACT-0004845,10980,Invoice,2024-05-28 19:56:00-05:00,1125.0,USD,
ACT-0004342,10879,Invoice,09/05/2021 17:20,"3,675.00",USD,portal login
ACT-0002860,10582,Ticket,2022-06-29T15:48:00Z,,,asked about seat pricing
ACT-0003220,10652,Invoice,2019-04-01T10:28:00Z,8575.0,USD,escalated: parts delay
ACT-0001189,10242,Ticket,14-Mar-2022 02:24 PM,,,escalated: parts delay
ACT-0003581,10725,Ticket,03/24/2026 08:10,,,
ACT-0001884,10389,Login,2023-02-20T17:11:00Z,,,
ACT-0002567,10524,Login,23-Oct-2025 07:25 AM,,,
ACT-0000242,10047,Invoice,2022-12-16T12:45:00Z,4450,USD,
ACT-0003878,10784,Login,12/26/2025 14:19,,,asked about seat pricing
ACT-0003719,10752,Login,01/02/2026 14:08,,,
ACT-0004379,10886,Note,06/14/2021 07:14,,,renewal discussion
ACT-0003862,10781,Payment,2025-10-19T18:06:00Z,-,USD,renewal discussion
ACT-0003353,10680,Payment,2026-03-20T19:51:00Z,8975.0,USD,
ACT-0003587,10726,Payment,07/02/2026 12:40,-,USD,portal login
ACT-0000414,10083,Payment,2019-03-07T09:16:00Z,8075.0,USD,asked about seat pricing
ACT-0004150,10839,Login,2023-04-26T18:07:00Z,,,
ACT-0000797,10163,Invoice,05/28/2023 12:49,2000,USD,monthly invoice
ACT-0001698,10347,Payment,2025-07-12T15:48:00Z,6800,USD,monthly invoice
ACT-0003467,10703,Login,2025-12-08T15:13:00Z,,,monthly invoice
ACT-0004329,10877,Payment,2020-11-06T19:25:00Z,-,USD,escalated: parts delay
ACT-0003156,10639,Login,07/09/2023 16:09,,,
ACT-0002200,10453,Invoice,2018-12-30T08:35:00Z,1100.0,USD,renewal discussion
ACT-0001457,10301,INVOICE,2018-05-02T13:28:00Z,-,USD,monthly invoice
ACT-0002951,10598,Invoice,2020-07-20T12:03:00Z,8675,USD,renewal discussion
ACT-0000843,10173,Invoice,2025-03-28 14:06:00-05:00,6875,USD,asked about seat pricing
ACT-0001305,10268,Ticket,2023-07-22T19:26:00Z,,,monthly invoice
ACT-0003557,10720,Payment,2019-12-17T16:43:00Z,"3,625.00",USD,
ACT-0000052,10011,Ticket,2022-05-01T11:47:00Z,,,monthly invoice
ACT-0000315,10063,Payment,08/04/2019 13:39,-,USD,portal login
ACT-0003698,10749,Ticket,2019-07-09T10:29:00Z,,,
ACT-0000237,10046,Ticket,2024-08-24 19:33:00-05:00,,,escalated: parts delay
ACT-0003813,10771,Call,2024-12-25T18:18:00Z,,,escalated: parts delay
ACT-0000457,10091,Payment,2020-07-21T12:45:00Z,"7,575.00",USD,payment received
ACT-0003016,10611,Invoice,30-May-2023 07:12 AM,1575.0,USD,monthly invoice
ACT-0003561,10721,Support Ticket,02/26/2022 14:13,,,
ACT-0004851,10981,INVOICE,2022-03-26T15:08:00Z,6600.0,USD,monthly invoice
ACT-0000230,10045,INVOICE,2025-09-03T14:19:00Z,7300.0,USD,escalated: parts delay
ACT-0001521,10313,Payment,2023-02-22T18:23:00Z,-,USD,monthly invoice
ACT-0000240,10047,Login,2023-01-26 10:05:00-05:00,,,renewal discussion
ACT-0003898,10788,Note,2021-08-27T09:11:00Z,,,
ACT-0000637,10132,Invoice,2017-10-13T07:16:00Z,"9,025.00",USD,
ACT-0003761,10760,Invoice,18-Apr-2023 04:21 PM,2000.0,USD,monthly invoice
ACT-0004612,10931,Payment,2017-01-22T07:40:00Z,7150.0,USD,
ACT-0004195,10849,INVOICE,2025-03-29T18:39:00Z,-,USD,escalated: parts delay
ACT-0001465,10302,Ticket,2024-11-13 07:39:00-05:00,,,escalated: parts delay
ACT-0003680,10744,Login,11/14/2018 10:19,,,monthly invoice
ACT-0004228,10855,Note,12-Sep-2019 06:20 PM,,,payment received
ACT-0001583,10326,Ticket,2018-11-02T11:07:00Z,,,monthly invoice
ACT-0003648,10737,Payment,07/27/2019 11:42,1850,USD,
ACT-0004190,10848,Note,2022-11-02T15:40:00Z,,,renewal discussion
ACT-0004621,10932,Payment,2019-03-20T09:00:00Z,"1,175.00",USD,
ACT-0002138,10440,Payment,12/16/2019 16:19,2950.0,USD,renewal discussion
ACT-0004122,10833,Support Ticket,2021-07-02T11:52:00Z,,,payment received
ACT-0000210,10040,Login,2025-09-28 19:02:00-05:00,,,monthly invoice
ACT-0003430,10697,Invoice,26-Mar-2022 10:59 AM,50.00,USD,monthly invoice
ACT-0003457,10702,Invoice,2022-10-17T08:40:00Z,7400.0,USD,escalated: parts delay
ACT-0000817,10167,Payment,2017-05-10T19:08:00Z,6750,USD,asked about seat pricing
ACT-0000308,10062,Payment,14-May-2026 10:56 AM,-,USD,asked about seat pricing
ACT-0004763,10963,Payment,04/29/2019 16:10,2200.0,USD,
ACT-0001036,10212,Support Ticket,2023-08-14T13:58:00Z,,,asked about seat pricing
ACT-0001091,10224,Invoice,2021-10-27T07:32:00Z,-,USD,payment received
ACT-0004711,10953,Invoice,22-Nov-2023 07:51 PM,-,USD,escalated: parts delay
ACT-0003887,10786,Ticket,08/22/2024 19:39,,,monthly invoice
ACT-0003567,10722,Invoice,02/08/2021 07:02,-,USD,
ACT-0003641,10736,Payment,01/04/2023 10:55,"3,450.00",USD,escalated: parts delay
ACT-0001958,10405,Invoice,2025-03-07T16:21:00Z,6675,USD,renewal discussion
ACT-0001784,10368,INVOICE,2020-04-20T17:55:00Z,"2,675.00",USD,portal login
ACT-0001933,10401,Payment,12-Jul-2023 02:52 PM,"9,600.00",USD,renewal discussion
ACT-0003900,10789,Login,2023-08-14T09:02:00Z,,,payment received
ACT-0003389,10688,Payment,2018-04-05T07:15:00Z,"1,100.00",USD,asked about seat pricing
ACT-0001250,10256,Login,08/03/2022 12:35,,,
ACT-0001712,10351,Payment,2025-07-10T12:10:00Z,3200.0,USD,
ACT-0001373,10283,Payment,2020-01-15T17:13:00Z,"4,550.00",USD,
ACT-0003652,10738,Payment,2025-11-25T07:34:00Z,-,USD,payment received
ACT-0001424,10296,Login,2021-10-07T16:53:00Z,,,asked about seat pricing
ACT-0001505,10310,Ticket,2020-08-11T07:07:00Z,,,
ACT-0004687,10948,Ticket,2024-07-06T10:58:00Z,,,
ACT-0004800,10972,Payment,2023-12-19T16:27:00Z,1625,USD,asked about seat pricing
ACT-0004428,10896,Payment,2025-01-30T10:45:00Z,-,USD,asked about seat pricing
ACT-0003622,10732,Login,2025-12-13T07:10:00Z,,,escalated: parts delay
ACT-0003115,10632,Login,2019-10-03 12:04:00-05:00,,,
ACT-0000105,10021,Invoice,2026-05-05T18:55:00Z,2000,USD,
ACT-0002298,10474,Login,2021-12-17T17:28:00Z,,,asked about seat pricing
ACT-0000855,10176,Payment,2025-12-18T11:56:00Z,-,USD,renewal discussion
ACT-0002346,10484,Ticket,03/17/2026 09:19,,,
ACT-0001966,10406,Note,2017-07-14T10:06:00Z,,,
ACT-0002652,10540,Payment,2025-01-04T07:21:00Z,-,USD,escalated: parts delay
ACT-0002512,10514,Support Ticket,2019-11-21T08:17:00Z,,,
ACT-0003703,10750,Invoice,02-Apr-2022 08:21 AM,-,USD,portal login
ACT-0000863,10179,INVOICE,2022-06-19T14:46:00Z,-,USD,
ACT-0000468,10094,Note,2025-09-07T11:24:00Z,,,asked about seat pricing
ACT-0000326,10065,Note,2025-04-28 13:47:00-05:00,,,
ACT-0002678,10545,Payment,2024-10-02T17:38:00Z,6425,USD,asked about seat pricing
ACT-0000449,10090,Ticket,06/15/2021 10:16,,,portal login
ACT-0001662,10341,Login,10/07/2025 09:13,,,escalated: parts delay
ACT-0000800,10164,Invoice,2020-07-15T09:41:00Z,-,USD,renewal discussion
ACT-0000556,10114,Invoice,2024-01-04 15:56:00-05:00,4450,USD,renewal discussion
ACT-0003401,10691,Payment,2025-04-10T17:34:00Z,2125,USD,monthly invoice
ACT-0001254,10257,Note,12/04/2022 13:43,,,monthly invoice
ACT-0004813,10975,Ticket,2020-08-05 13:19:00-05:00,,,asked about seat pricing
ACT-0001023,10210,Login,2024-11-24T14:43:00Z,,,portal login
ACT-0002062,10426,Invoice,2026-01-16T09:45:00Z,-,USD,payment received
ACT-0001544,10317,Payment,2026-04-18 17:33:00-05:00,-,USD,portal login
ACT-0001931,10400,Note,06/13/2022 13:34,,,asked about seat pricing
ACT-0000010,10002,Login,26-Sep-2017 12:09 PM,,,payment received
ACT-0002369,10488,Login,10/21/2023 08:15,,,portal login
ACT-0004043,10819,Invoice,2020-11-25T13:54:00Z,"4,425.00",USD,monthly invoice
ACT-0000273,10054,Payment,2020-01-10T12:49:00Z,3300,USD,asked about seat pricing
ACT-0001883,10389,INVOICE,2020-10-23 12:15:00-05:00,9450.0,USD,
ACT-0002636,10537,Ticket,18-Dec-2022 07:29 PM,,,renewal discussion
ACT-0000904,10185,Login,2024-08-29T15:37:00Z,,,
ACT-0003869,10782,Ticket,2020-04-07 14:45:00-05:00,,,portal login
ACT-0002443,10502,Support Ticket,02/28/2021 10:43,,,portal login
ACT-0003211,10650,Note,11/30/2020 17:41,,,monthly invoice
ACT-0002931,10594,Login,2018-02-26T10:26:00Z,,,payment received
ACT-0002612,10533,Payment,02/25/2022 10:09,-,USD,payment received
ACT-0001329,10272,Note,09-Feb-2023 05:45 PM,,,escalated: parts delay
ACT-0003529,10715,Invoice,2025-02-18T18:43:00Z,-,USD,payment received
ACT-0004798,10971,Ticket,2019-12-11 08:17:00-05:00,,,monthly invoice
ACT-0000123,10025,Login,07/14/2019 12:26,,,
ACT-0002977,10603,Invoice,07/16/2020 09:43,5175.0,USD,
ACT-0004643,10936,Support Ticket,2023-09-08T16:44:00Z,,,portal login
ACT-0004938,10998,INVOICE,2022-02-01T17:45:00Z,3300.0,USD,monthly invoice
ACT-0001819,10374,Invoice,10-Jul-2025 12:45 PM,7750.0,USD,payment received
ACT-0001473,10303,Invoice,09/12/2021 08:02,"2,925.00",USD,asked about seat pricing
ACT-0000379,10078,Invoice,01/15/2026 19:42,"3,225.00",USD,renewal discussion
ACT-0003299,10669,Login,02/19/2022 13:12,,,
ACT-0000784,10160,Ticket,2026-02-01T19:51:00Z,,,
ACT-0001717,10351,Login,2025-10-22T09:10:00Z,,,
ACT-0004803,10973,Ticket,03-Feb-2023 07:23 AM,,,monthly invoice
ACT-0001213,10248,Ticket,01/06/2025 09:22,,,renewal discussion
ACT-0000806,10164,Note,29-Aug-2023 07:59 AM,,,escalated: parts delay
ACT-0003087,10627,Invoice,2019-07-06T15:09:00Z,-,USD,asked about seat pricing
ACT-0002246,10463,Support Ticket,2024-01-21T09:29:00Z,,,escalated: parts delay
ACT-0002095,10433,Ticket,09/30/2019 17:19,,,
ACT-0002568,10524,Invoice,2026-02-26T19:00:00Z,9250,USD,
ACT-0000883,10183,Login,10/08/2025 14:29,,,
ACT-0002091,10432,Invoice,2023-03-01T14:11:00Z,"3,150.00",USD,
ACT-0004222,10854,Ticket,2024-11-10 19:15:00-05:00,,,monthly invoice
ACT-0003631,10734,Login,16-Feb-2023 06:56 PM,,,asked about seat pricing
ACT-0000876,10181,Invoice,2025-08-12T11:42:00Z,550.00,USD,renewal discussion
ACT-0001167,10237,Note,2024-03-30T07:48:00Z,,,
ACT-0004416,10893,Payment,2020-04-22T17:57:00Z,-,USD,payment received
ACT-0002739,10557,Support Ticket,08/29/2023 17:42,,,payment received
ACT-0001047,10213,Login,2019-09-22T09:38:00Z,,,
ACT-0000262,10051,Login,2024-07-16T19:33:00Z,,,portal login
ACT-0002679,10545,Invoice,2024-11-20T09:11:00Z,-,USD,renewal discussion
ACT-0004639,10934,INVOICE,15-Dec-2019 12:10 PM,9175,USD,monthly invoice
ACT-0004541,10918,Invoice,11/23/2019 19:07,3975,USD,renewal discussion
ACT-0003257,10660,Support Ticket,08/23/2020 12:35,,,
ACT-0000816,10166,Payment,2024-12-17T09:52:00Z,25,USD,escalated: parts delay
ACT-0003427,10696,Ticket,12/19/2020 15:44,,,
ACT-0000430,10087,Login,02/13/2023 14:59,,,renewal discussion
ACT-0000290,10058,Payment,2021-10-09T16:39:00Z,-,USD,renewal discussion
ACT-0002786,10569,Login,2024-02-25T13:24:00Z,,,payment received
ACT-0004386,10887,Login,03/29/2019 14:52,,,
ACT-0004109,10831,Payment,2019-05-08 13:32:00-05:00,-,USD,
ACT-0000482,10098,Invoice,2023-04-13 15:52:00-05:00,7750,USD,
ACT-0001879,10388,Invoice,12/15/2020 13:59,"5,025.00",USD,renewal discussion
ACT-0004828,10977,Payment,2021-04-26T12:55:00Z,-,USD,payment received
ACT-0000786,10160,Ticket,02/02/2026 08:58,,,payment received
ACT-0001059,10216,Support Ticket,03/04/2025 18:49,,,payment received
ACT-0003800,10768,Ticket,2020-02-04T15:00:00Z,,,renewal discussion
ACT-0002753,10561,Login,2019-02-12T08:20:00Z,,,payment received
ACT-0000423,10085,Call,2023-01-17T13:15:00Z,,,escalated: parts delay
ACT-0001127,10229,Invoice,2022-07-05T18:40:00Z,-,USD,monthly invoice
ACT-0000909,10186,Payment,2023-02-15T11:14:00Z,"6,700.00",USD,asked about seat pricing
ACT-0002741,10557,Payment,2021-04-28T17:20:00Z,"5,750.00",USD,payment received
ACT-0000576,10117,Invoice,2019-11-26T16:39:00Z,-,USD,
ACT-0003841,10776,Ticket,09/17/2024 19:43,,,monthly invoice
ACT-0001212,10247,Payment,2021-01-19T09:16:00Z,5950.0,USD,
ACT-0004036,10818,Invoice,07/23/2022 09:38,6550.0,USD,renewal discussion
ACT-0001796,10370,Login,08/26/2026 19:00,,,
ACT-0002550,10521,Login,12-Apr-2020 12:26 PM,,,escalated: parts delay
ACT-0000965,10198,Note,2022-09-18T07:42:00Z,,,payment received
ACT-0001471,10303,Invoice,2022-12-12T16:44:00Z,-,USD,portal login
ACT-0001539,10315,Invoice,2021-07-18T16:54:00Z,-,USD,escalated: parts delay
ACT-0002507,10514,Support Ticket,2018-09-05 16:53:00-05:00,,,portal login
ACT-0000656,10136,INVOICE,12/16/2025 08:01,"2,050.00",USD,
ACT-0002344,10484,Invoice,2025-06-17T18:34:00Z,-,USD,portal login
ACT-0004251,10860,Invoice,2024-10-24T08:36:00Z,9425.0,USD,asked about seat pricing
ACT-0000862,10178,Ticket,2024-10-04T18:14:00Z,,,asked about seat pricing
ACT-0001029,10211,Payment,2024-12-31T08:17:00Z,"6,825.00",USD,payment received
ACT-0004789,10969,Invoice,2020-06-28T19:39:00Z,9350.0,USD,monthly invoice
ACT-0004114,10832,Payment,2025-09-04T10:44:00Z,4825.0,USD,portal login
ACT-0001688,10346,Note,03-Aug-2025 02:50 PM,,,monthly invoice
ACT-0000988,10203,Payment,05/11/2025 17:50,-,USD,escalated: parts delay
ACT-0001524,10313,Login,18-Jan-2023 03:39 PM,,,escalated: parts delay
ACT-0002104,10435,Invoice,2025-10-21 13:03:00-05:00,"6,425.00",USD,
ACT-0001383,10285,Invoice,10-May-2021 06:14 PM,7900.0,USD,renewal discussion
ACT-0000490,10100,Call,15-Aug-2025 07:54 AM,,,portal login
ACT-0000582,10118,Payment,04/08/2025 09:56,1425.0,USD,escalated: parts delay
ACT-0000008,10002,Ticket,06/16/2018 09:12,,,renewal discussion
ACT-0004419,10894,Ticket,12/04/2025 14:03,,,
ACT-0000744,10151,Support Ticket,2025-04-01 17:09:00-05:00,,,portal login
ACT-0001129,10229,Invoice,2021-02-23T17:04:00Z,3925.0,USD,
ACT-0000228,10044,Payment,05-Jan-2026 11:02 AM,175,USD,
ACT-0000091,10019,Login,2025-03-15 19:34:00-05:00,,,
ACT-0003498,10709,Login,04/30/2019 10:55,,,
ACT-0000168,10033,Invoice,17-Dec-2022 03:18 PM,6625,USD,
ACT-0004691,10949,Support Ticket,04-Mar-2026 07:31 AM,,,escalated: parts delay
ACT-0004833,10978,INVOICE,2018-03-08T11:59:00Z,"2,900.00",USD,asked about seat pricing
ACT-0004503,10911,Invoice,03/15/2022 11:26,-,USD,monthly invoice
ACT-0000740,10150,Invoice,02/06/2024 12:36,2425.0,USD,asked about seat pricing
ACT-0002339,10482,Payment,10/31/2018 11:53,-,USD,portal login
ACT-0003483,10707,Payment,2024-10-04 18:52:00-05:00,"5,225.00",USD,payment received
ACT-0001750,10359,INVOICE,12/20/2023 11:39,"8,375.00",USD,portal login
ACT-0001425,10296,Note,07/28/2021 12:24,,,renewal discussion
ACT-0002307,10475,Note,2022-12-25T08:17:00Z,,,escalated: parts delay
ACT-0003302,10670,Invoice,2024-05-26T10:10:00Z,5900.0,USD,renewal discussion
ACT-0003046,10616,Ticket,03/19/2024 09:44,,,payment received
ACT-0001738,10356,Login,01/26/2022 17:02,,,escalated: parts delay
ACT-0001813,10373,Note,2024-08-14T18:19:00Z,,,asked about seat pricing
ACT-0003515,10712,Payment,2024-07-31T18:09:00Z,-,USD,portal login
ACT-0002604,10532,Payment,2026-01-29T12:13:00Z,150,USD,payment received
ACT-0004524,10915,Invoice,2024-11-07T09:18:00Z,7725,USD,monthly invoice
ACT-0001019,10209,Ticket,2024-10-11T14:06:00Z,,,escalated: parts delay
ACT-0004606,10930,Payment,2026-07-30T11:07:00Z,7700.0,USD,renewal discussion
ACT-0004139,10837,Payment,12-Sep-2023 06:55 PM,6350.0,USD,
ACT-0002300,10475,Payment,12/24/2022 17:03,3825,USD,asked about seat pricing
ACT-0004218,10854,Support Ticket,11/01/2024 12:20,,,payment received
ACT-0004814,10975,Ticket,06/12/2021 08:08,,,escalated: parts delay
ACT-0003752,10759,Invoice,2020-07-22T18:33:00Z,7525,USD,renewal discussion
ACT-0002050,10425,Payment,27-Nov-2024 03:36 PM,4800.0,USD,
ACT-0002387,10492,Invoice,11/16/2019 13:10,8825.0,USD,portal login
ACT-0002523,10517,Support Ticket,2024-11-21T13:25:00Z,,,
ACT-0002415,10496,Invoice,2026-06-09 11:05:00-05:00,"6,450.00",USD,
ACT-0001658,10340,Login,2018-10-21T18:07:00Z,,,asked about seat pricing
ACT-0003258,10661,Support Ticket,2023-10-27T14:35:00Z,,,renewal discussion
ACT-0001130,10229,INVOICE,06/27/2022 07:49,775.0,USD,escalated: parts delay
ACT-0004587,10927,Login,14-Nov-2025 02:50 PM,,,payment received
ACT-0001533,10315,Support Ticket,2020-11-27T17:14:00Z,,,asked about seat pricing
ACT-0001633,10335,INVOICE,09/18/2020 15:44,1050.0,USD,portal login
ACT-0004682,10946,Support Ticket,10/18/2023 10:46,,,
ACT-0001083,10222,Ticket,2023-05-29T12:03:00Z,,,payment received
ACT-0002879,10586,Invoice,24-Nov-2023 06:18 PM,"3,350.00",USD,
ACT-0001381,10284,Note,2019-09-28T11:04:00Z,,,monthly invoice
ACT-0001981,10409,Note,2018-03-12 19:32:00-05:00,,,payment received
ACT-0000754,10153,Invoice,2023-02-14 14:50:00-05:00,7125,USD,renewal discussion
ACT-0002717,10552,Support Ticket,2026-05-21T10:26:00Z,,,payment received
ACT-0000358,10074,Login,2023-12-04 10:02:00-05:00,,,renewal discussion
ACT-0001041,10212,Login,2024-02-05T12:53:00Z,,,asked about seat pricing
ACT-0004478,10906,Payment,2026-02-05T19:39:00Z,-,USD,
ACT-0003916,10792,Invoice,23-Aug-2023 08:33 AM,4075,USD,payment received
ACT-0000546,10111,Payment,2020-05-18T16:05:00Z,750.00,USD,escalated: parts delay
ACT-0003737,10757,Call,10-Jul-2025 02:23 PM,,,asked about seat pricing
ACT-0004023,10816,Invoice,2023-09-11T10:27:00Z,"1,850.00",USD,
ACT-0004017,10815,INVOICE,08/25/2019 18:15,300,USD,renewal discussion
ACT-0002536,10519,Support Ticket,06/01/2023 17:16,,,
ACT-0003357,10681,Call,2023-03-01T13:45:00Z,,,renewal discussion
ACT-0000844,10173,Invoice,2025-03-13 09:12:00-05:00,"9,800.00",USD,asked about seat pricing
ACT-0004865,10984,Invoice,2025-10-23T08:51:00Z,-,USD,escalated: parts delay
ACT-0004391,10888,Invoice,2024-06-07T11:24:00Z,3725.0,USD,monthly invoice
ACT-0000520,10106,Support Ticket,12/15/2021 08:05,,,
ACT-0004892,10989,Payment,2025-11-17 15:05:00-05:00,4350.0,USD,escalated: parts delay
ACT-0002966,10602,Login,2019-05-04 17:14:00-05:00,,,asked about seat pricing
ACT-0000971,10199,Invoice,12/14/2024 18:33,"3,825.00",USD,
ACT-0000711,10145,Login,06-Oct-2022 11:30 AM,,,portal login
ACT-0004584,10926,INVOICE,02/12/2022 19:58,9575,USD,escalated: parts delay
ACT-0003454,10700,Support Ticket,2024-03-23T16:07:00Z,,,escalated: parts delay
ACT-0004403,10892,INVOICE,2024-06-13T08:57:00Z,7175,USD,
ACT-0001903,10395,Login,2026-01-20T15:30:00Z,,,renewal discussion
ACT-0004393,10889,INVOICE,03/19/2025 13:20,6350,USD,asked about seat pricing
ACT-0000172,10033,Invoice,17-Feb-2023 12:57 PM,5675,USD,payment received
ACT-0000194,10038,Invoice,06-Dec-2022 10:19 AM,6950,USD,
ACT-0000633,10131,Payment,2023-02-23T16:53:00Z,-,USD,payment received
ACT-0004794,10970,Ticket,2017-12-10 11:29:00-05:00,,,monthly invoice
ACT-0003138,10636,Payment,2025-09-19T08:29:00Z,5000.0,USD,portal login
ACT-0002013,10416,Call,26-Jul-2025 08:33 AM,,,payment received
ACT-0000012,10003,Payment,14-Oct-2019 03:15 PM,-,USD,portal login
ACT-0000129,10026,Support Ticket,2023-03-17T19:13:00Z,,,escalated: parts delay
ACT-0004376,10885,Payment,03/06/2024 19:45,"2,725.00",USD,renewal discussion
ACT-0000048,10010,Ticket,10/31/2020 08:21,,,
ACT-0000328,10066,Invoice,27-Oct-2018 10:54 AM,4500.0,USD,renewal discussion
ACT-0004567,10923,Payment,2024-10-05T09:04:00Z,1250,USD,
ACT-0000341,10070,Login,19-Jan-2018 07:55 PM,,,
ACT-0000836,10171,Ticket,2026-05-11T08:15:00Z,,,renewal discussion
ACT-0004569,10923,Payment,2024-12-21T16:11:00Z,8100,USD,payment received
ACT-0004580,10924,Invoice,2022-10-10T12:12:00Z,"1,725.00",USD,portal login
ACT-0001857,10382,Support Ticket,13-Nov-2019 01:32 PM,,,asked about seat pricing
ACT-0001751,10359,Support Ticket,2023-06-01T10:10:00Z,,,
ACT-0001621,10332,INVOICE,2021-03-07T09:03:00Z,"7,475.00",USD,
ACT-0002689,10547,Support Ticket,27-Jan-2023 07:29 PM,,,escalated: parts delay
ACT-0004772,10966,Invoice,13-Jan-2026 05:08 PM,"7,725.00",USD,escalated: parts delay
ACT-0002510,10514,INVOICE,2020-08-22T15:07:00Z,"7,025.00",USD,
ACT-0002993,10606,INVOICE,25-Jun-2025 12:27 PM,-,USD,monthly invoice
ACT-0003924,10793,Ticket,12/07/2025 07:17,,,
ACT-0003133,10635,Ticket,2026-03-13T19:52:00Z,,,asked about seat pricing
ACT-0000578,10118,Support Ticket,2025-09-30 07:16:00-05:00,,,escalated: parts delay
ACT-0001854,10382,Invoice,07-Apr-2020 01:25 PM,3525.0,USD,
ACT-0003185,10644,Note,2025-05-07T11:18:00Z,,,portal login
ACT-0004118,10832,Invoice,2025-06-27T09:09:00Z,-,USD,portal login
ACT-0004880,10987,Login,25-Aug-2024 01:30 PM,,,portal login
ACT-0004769,10965,Ticket,2023-05-23T10:07:00Z,,,monthly invoice
ACT-0000515,10105,Payment,2020-05-31T12:51:00Z,325.00,USD,payment received
ACT-0000878,10181,Invoice,04/21/2025 12:01,"6,700.00",USD,escalated: parts delay
ACT-0001775,10366,Invoice,2026-02-10T13:48:00Z,9875.0,USD,portal login
ACT-0001938,10402,Invoice,04/20/2026 15:18,-,USD,monthly invoice
ACT-0004778,10966,Note,2026-02-16T14:20:00Z,,,escalated: parts delay
ACT-0003884,10785,Invoice,2025-04-01T16:27:00Z,-,USD,escalated: parts delay
ACT-0003939,10797,Payment,2019-12-29T09:11:00Z,5675,USD,payment received
ACT-0004456,10901,Payment,04-Oct-2023 11:03 AM,"4,775.00",USD,portal login
ACT-0000284,10057,Support Ticket,01-Feb-2020 02:17 PM,,,renewal discussion
ACT-0000847,10174,Invoice,2023-11-20 07:43:00-05:00,"4,875.00",USD,payment received
ACT-0000511,10105,Ticket,05/16/2018 15:40,,,renewal discussion
ACT-0002618,10534,Support Ticket,2018-06-21T17:52:00Z,,,renewal discussion
ACT-0004496,10910,Invoice,2023-06-22T16:40:00Z,6250.0,USD,portal login
ACT-0003820,10772,Payment,2020-04-13T11:39:00Z,-,USD,asked about seat pricing
ACT-0003233,10654,Login,2026-06-09T13:37:00Z,,,payment received
ACT-0000040,10008,Invoice,2021-09-17T14:08:00Z,1000,USD,
ACT-0003424,10696,Ticket,2020-04-28 17:02:00-05:00,,,
ACT-0004408,10892,Login,2024-10-04T17:58:00Z,,,monthly invoice
ACT-0004602,10929,Note,05/11/2024 17:24,,,escalated: parts delay
ACT-0000216,10042,Login,05/01/2023 15:26,,,asked about seat pricing
ACT-0001547,10318,Login,2024-03-23T13:07:00Z,,,escalated: parts delay
ACT-0000857,10177,Note,2023-12-14 10:03:00-05:00,,,portal login
ACT-0001115,10227,Ticket,01/26/2026 19:39,,,asked about seat pricing
ACT-0004520,10914,Login,2022-03-31T14:12:00Z,,,portal login
ACT-0000347,10072,Ticket,02-Dec-2020 07:07 PM,,,asked about seat pricing
ACT-0004533,10916,Note,2024-03-21T10:14:00Z,,,monthly invoice
ACT-0003025,10612,Ticket,2022-01-01 14:23:00-05:00,,,escalated: parts delay
ACT-0001421,10294,Invoice,05/30/2020 18:35,6625.0,USD,escalated: parts delay
ACT-0004783,10968,Payment,2018-12-31T13:14:00Z,8300.0,USD,monthly invoice
ACT-0002540,10519,Payment,06/11/2023 17:49,-,USD,portal login
ACT-0004000,10811,Ticket,2019-10-21T07:15:00Z,,,portal login
ACT-0004756,10962,Call,10/22/2019 12:27,,,monthly invoice
ACT-0004313,10873,Invoice,03-Mar-2023 07:06 PM,5050.0,USD,escalated: parts delay
ACT-0000368,10076,Payment,2025-09-23T14:32:00Z,6950,USD,
ACT-0002805,10573,Invoice,2024-06-07T07:20:00Z,2575,USD,monthly invoice
ACT-0001005,10207,Payment,11/05/2021 17:40,"8,800.00",USD,
ACT-0004425,10895,Payment,2020-08-26T16:06:00Z,"9,900.00",USD,
ACT-0003812,10771,Support Ticket,2025-02-01T09:17:00Z,,,escalated: parts delay
ACT-0003742,10758,Call,2020-07-22 15:12:00-05:00,,,portal login
ACT-0000249,10049,Payment,08/22/2024 08:21,2425.0,USD,payment received
ACT-0001694,10346,Support Ticket,12/02/2025 16:33,,,monthly invoice
ACT-0003827,10773,Payment,16-Dec-2022 04:44 PM,2175.0,USD,escalated: parts delay
ACT-0001948,10404,Support Ticket,2026-02-23 18:47:00-05:00,,,renewal discussion
ACT-0004368,10884,Invoice,2025-06-13T14:22:00Z,8400.0,USD,monthly invoice
ACT-0000699,10143,Payment,2025-06-14T13:49:00Z,"6,850.00",USD,portal login
ACT-0000354,10074,Note,04/19/2023 10:46,,,escalated: parts delay
ACT-0000199,10039,Note,2024-12-04 09:34:00-05:00,,,portal login
ACT-0000703,10144,Support Ticket,28-Apr-2025 01:52 PM,,,renewal discussion
ACT-0002514,10515,Login,2023-08-07T07:18:00Z,,,portal login
ACT-0002991,10605,Invoice,09/02/2020 19:47,-,USD,escalated: parts delay
ACT-0002440,10502,Invoice,2020-05-11 09:11:00-05:00,5625,USD,escalated: parts delay
ACT-0000939,10192,Ticket,2021-06-09T08:42:00Z,,,portal login
ACT-0002372,10489,Call,2022-01-25T09:12:00Z,,,monthly invoice
ACT-0001018,10209,Invoice,2025-03-08T17:41:00Z,1400.0,USD,escalated: parts delay
ACT-0004059,10821,Ticket,30-Jun-2021 11:23 AM,,,portal login
ACT-0003573,10723,Support Ticket,24-Jul-2025 05:46 PM,,,escalated: parts delay
ACT-0002873,10585,Note,2026-04-20T08:54:00Z,,,
ACT-0004884,10988,Login,02-Oct-2024 03:04 PM,,,escalated: parts delay
ACT-0000491,10100,Payment,2025-06-01T18:08:00Z,8650,USD,
ACT-0002122,10438,Note,2024-01-01T12:11:00Z,,,asked about seat pricing
ACT-0002157,10444,Payment,2023-01-22 16:03:00-05:00,3575,USD,monthly invoice
ACT-0000566,10115,Login,2022-10-12 11:50:00-05:00,,,asked about seat pricing
ACT-0002983,10604,Note,01/15/2026 16:51,,,renewal discussion
ACT-0004809,10974,Ticket,01-Nov-2021 08:42 AM,,,monthly invoice
ACT-0002037,10422,Ticket,2024-08-05T19:15:00Z,,,asked about seat pricing
ACT-0001125,10228,Invoice,2025-07-18T11:59:00Z,"8,650.00",USD,portal login
ACT-0002333,10481,INVOICE,2018-03-04T10:23:00Z,-,USD,monthly invoice
ACT-0000478,10096,Payment,2022-04-03 11:13:00-05:00,-,USD,asked about seat pricing
ACT-0003866,10782,Invoice,2021-09-09T10:26:00Z,"2,075.00",USD,escalated: parts delay
ACT-0003433,10697,Ticket,2024-01-04T11:47:00Z,,,escalated: parts delay
ACT-0003509,10711,Ticket,11/09/2022 10:32,,,
ACT-0000486,10099,Payment,2025-06-11T18:06:00Z,1375,USD,escalated: parts delay
ACT-0000792,10161,Payment,02/16/2022 18:51,1075,USD,portal login
ACT-0000352,10073,Login,2021-06-15T10:52:00Z,,,portal login
ACT-0003441,10698,Support Ticket,01-Jul-2022 01:05 PM,,,asked about seat pricing
ACT-0000299,10060,INVOICE,2019-05-27T09:23:00Z,2975,USD,monthly invoice
ACT-0003714,10751,Note,12/17/2024 19:24,,,portal login
ACT-0002183,10450,Payment,2019-11-01T12:12:00Z,9600,USD,asked about seat pricing
ACT-0004509,10912,Payment,2026-04-25T13:53:00Z,7650.0,USD,monthly invoice
ACT-0004623,10932,Payment,2023-08-04T09:39:00Z,-,USD,portal login
ACT-0000624,10129,Invoice,09/03/2024 13:09,-,USD,portal login
ACT-0000822,10168,Note,2024-09-09T17:32:00Z,,,monthly invoice
ACT-0002235,10461,Payment,2020-09-24T14:45:00Z,"5,750.00",USD,
ACT-0003751,10759,Payment,2021-06-27 09:55:00-05:00,8975.0,USD,escalated: parts delay
ACT-0002548,10520,Note,2019-12-08 16:00:00-05:00,,,asked about seat pricing
ACT-0004830,10977,Invoice,2020-04-21T07:11:00Z,7650.0,USD,
ACT-0004850,10981,Login,2022-04-09T19:40:00Z,,,portal login
ACT-0000841,10173,INVOICE,2024-12-25T10:34:00Z,3925.0,USD,portal login
ACT-0002016,10416,Login,2025-09-24T12:14:00Z,,,escalated: parts delay
ACT-0001893,10391,Payment,14-May-2025 05:01 PM,400.00,USD,payment received
ACT-0001591,10328,Ticket,12/29/2018 14:25,,,
ACT-0002366,10488,Support Ticket,05-Feb-2024 07:44 AM,,,monthly invoice
ACT-0003175,10643,Ticket,04/21/2022 19:08,,,portal login
ACT-0004674,10945,Payment,2021-06-06 13:03:00-05:00,-,USD,
ACT-0000999,10206,Invoice,2025-10-06T10:11:00Z,"9,725.00",USD,portal login
ACT-0003917,10792,Payment,2023-08-19 15:51:00-05:00,4700.0,USD,renewal discussion
ACT-0004485,10908,Ticket,2019-12-11 07:18:00-05:00,,,renewal discussion
ACT-0002472,10507,Payment,03/16/2023 14:39,-,USD,monthly invoice
ACT-0001611,10331,Login,2023-08-07T14:33:00Z,,,
ACT-0000006,10001,Invoice,04-Oct-2022 04:07 PM,1950.0,USD,
ACT-0000458,10092,Login,2022-06-23T12:59:00Z,,,portal login
ACT-0003167,10641,Login,26-Feb-2021 10:20 AM,,,
ACT-0003766,10761,Payment,12/22/2022 07:03,-,USD,renewal discussion
ACT-0003666,10742,Invoice,2024-11-29T12:45:00Z,-,USD,payment received
ACT-0004100,10830,Invoice,2022-02-02T08:20:00Z,"2,725.00",USD,
ACT-0004317,10874,Invoice,2023-03-31T14:05:00Z,3700,USD,renewal discussion
ACT-0004874,10986,Payment,2021-11-25T16:39:00Z,-,USD,portal login
ACT-0001527,10313,Note,2023-04-07 17:52:00-05:00,,,asked about seat pricing
ACT-0004217,10854,Payment,2023-12-28T07:40:00Z,3075.0,USD,renewal discussion
ACT-0004846,10980,Invoice,2024-06-23T09:50:00Z,1950.0,USD,monthly invoice
ACT-0003044,10616,Payment,04/27/2024 14:52,9100,USD,
ACT-0000570,10116,Invoice,2025-12-22T16:05:00Z,1775.0,USD,renewal discussion
ACT-0003918,10792,Payment,2023-08-20T19:59:00Z,6175,USD,renewal discussion
ACT-0000858,10177,Login,2023-06-24T14:53:00Z,,,renewal discussion
ACT-0000573,10117,Login,01-Apr-2017 12:47 PM,,,payment received
ACT-0002380,10491,Login,2025-01-24T12:44:00Z,,,payment received
ACT-0002677,10545,Payment,2024-08-11T15:28:00Z,1925,USD,portal login
ACT-0001322,10271,Login,07/18/2018 19:19,,,escalated: parts delay
ACT-0004037,10818,INVOICE,2022-08-26T18:13:00Z,-,USD,asked about seat pricing
ACT-0003817,10771,Invoice,09-Feb-2025 06:27 PM,6350,USD,monthly invoice
ACT-0000727,10147,Invoice,2024-12-17T19:02:00Z,9325,USD,escalated: parts delay
ACT-0001690,10346,Login,2026-03-31T14:15:00Z,,,escalated: parts delay
ACT-0000164,10032,Note,11-Dec-2021 01:16 PM,,,monthly invoice
ACT-0002777,10567,Note,2023-01-13T07:37:00Z,,,payment received
ACT-0004123,10833,Payment,2021-12-04T15:47:00Z,-,USD,renewal discussion
ACT-0003923,10793,Payment,12/07/2025 12:10,"9,075.00",USD,payment received
ACT-0002166,10447,Invoice,04/16/2025 18:35,4600.0,USD,
ACT-0002713,10551,Payment,08-Mar-2023 04:03 PM,5300.0,USD,escalated: parts delay
ACT-0000145,10028,Payment,08/11/2025 08:22,"5,650.00",USD,asked about seat pricing
ACT-0001410,10292,INVOICE,28-Aug-2022 09:17 AM,7400,USD,portal login
ACT-0001822,10375,Payment,2021-06-25 18:19:00-05:00,9650.0,USD,renewal discussion
ACT-0002967,10602,Support Ticket,2020-03-30T08:00:00Z,,,portal login
ACT-0004410,10893,Note,25-Jun-2021 12:26 PM,,,
ACT-0002247,10463,Login,2023-12-01T13:51:00Z,,,asked about seat pricing
ACT-0004740,10959,Support Ticket,05/30/2023 08:07,,,asked about seat pricing
ACT-0004246,10860,Invoice,2023-08-22T10:22:00Z,5925,USD,renewal discussion
ACT-0002757,10563,Invoice,06-Apr-2025 07:56 PM,-,USD,payment received
ACT-0001661,10341,Payment,04/28/2026 17:49,-,USD,monthly invoice
ACT-0002898,10589,Invoice,2024-10-14T18:06:00Z,5450,USD,asked about seat pricing
ACT-0004103,10830,Note,2022-10-05T19:14:00Z,,,portal login
ACT-0002452,10503,Call,2025-01-29T14:33:00Z,,,
ACT-0001543,10317,Payment,2026-04-07T17:31:00Z,"5,925.00",USD,
ACT-0000957,10196,Support Ticket,2022-01-03T17:45:00Z,,,renewal discussion
ACT-0000134,10027,Invoice,2023-08-21 18:51:00-05:00,6225.0,USD,renewal discussion
ACT-0000407,10082,Note,2026-06-05T13:42:00Z,,,payment received
ACT-0004618,10931,Invoice,02/04/2017 17:09,5475.0,USD,escalated: parts delay
ACT-0002976,10603,Login,2020-01-20T17:01:00Z,,,
ACT-0002640,10537,Invoice,2021-01-01 10:50:00-05:00,-,USD,portal login
ACT-0004465,10904,Invoice,2021-01-06T19:35:00Z,"6,875.00",USD,asked about seat pricing
ACT-0001352,10277,Note,2024-07-28T11:56:00Z,,,portal login
ACT-0004779,10967,INVOICE,2025-08-21T07:59:00Z,250,USD,portal login
ACT-0000558,10114,Payment,04/28/2024 13:31,"8,400.00",USD,monthly invoice
ACT-0003769,10762,Login,2023-02-21T09:51:00Z,,,escalated: parts delay
ACT-0003416,10693,Support Ticket,15-Apr-2018 02:00 PM,,,renewal discussion
ACT-0000889,10183,Invoice,06-Sep-2025 09:04 AM,1825.0,USD,escalated: parts delay
ACT-0001397,10289,Login,04-May-2026 06:00 PM,,,escalated: parts delay
ACT-0003852,10778,Note,09/17/2024 07:21,,,portal login
ACT-0002385,10491,Payment,2022-01-24T11:59:00Z,-,USD,
ACT-0001195,10243,Ticket,07/04/2020 12:03,,,portal login
ACT-0002125,10439,Note,2025-01-23T19:00:00Z,,,
ACT-0004737,10959,Login,02/20/2021 10:41,,,renewal discussion
ACT-0002665,10543,Ticket,2024-12-30T10:36:00Z,,,asked about seat pricing
ACT-0001912,10398,Login,2025-10-02T11:08:00Z,,,payment received
ACT-0001653,10340,Ticket,2018-12-10 13:52:00-05:00,,,
ACT-0000383,10078,Payment,2026-01-17T17:22:00Z,"6,025.00",USD,renewal discussion
ACT-0004412,10893,Invoice,02/19/2023 14:44,"1,175.00",USD,payment received
ACT-0001241,10254,Payment,2025-04-08 14:57:00-05:00,9325,USD,renewal discussion
ACT-0000155,10030,Ticket,21-Nov-2019 06:53 PM,,,renewal discussion
ACT-0000912,10187,Support Ticket,2019-09-27T12:03:00Z,,,escalated: parts delay
ACT-0001672,10343,Call,2026-06-26T14:33:00Z,,,
ACT-0003274,10665,Payment,2024-11-13 11:01:00-05:00,"4,425.00",USD,monthly invoice
ACT-0002956,10599,Note,2022-03-01 19:09:00-05:00,,,
ACT-0003329,10676,Payment,07/06/2022 13:05,"5,775.00",USD,renewal discussion
ACT-0003585,10726,INVOICE,2026-06-28T13:26:00Z,5300,USD,portal login
ACT-0000659,10136,INVOICE,01/20/2026 15:21,7125,USD,
ACT-0003345,10679,Invoice,2021-06-03T13:41:00Z,"5,850.00",USD,monthly invoice
ACT-0001057,10216,Call,03/19/2025 16:29,,,monthly invoice
ACT-0001458,10301,Payment,14-Mar-2023 03:28 PM,8225,USD,monthly invoice
ACT-0000635,10132,Invoice,2017-07-24T15:50:00Z,425.00,USD,
ACT-0004362,10883,Invoice,12/03/2019 12:30,-,USD,monthly invoice
ACT-0001492,10307,Call,2026-02-08T19:21:00Z,,,escalated: parts delay
ACT-0001520,10312,Payment,11/27/2025 10:24,3300,USD,
ACT-0002917,10592,Invoice,2017-06-14T15:11:00Z,8125.0,USD,escalated: parts delay
ACT-0001160,10236,Ticket,2025-10-22T15:59:00Z,,,renewal discussion
ACT-0001709,10350,Payment,2017-12-18T15:12:00Z,400.0,USD,portal login
ACT-0000867,10180,Ticket,2022-10-18T12:52:00Z,,,portal login
ACT-0000720,10146,Invoice,06/05/2018 14:55,1600.0,USD,
ACT-0001154,10235,Invoice,2025-12-17T15:55:00Z,9125.0,USD,renewal discussion
ACT-0003141,10637,Invoice,2026-03-12T10:01:00Z,"3,000.00",USD,
ACT-0001636,10335,Ticket,2020-05-27T11:36:00Z,,,portal login
ACT-0004131,10834,Payment,2018-08-10T18:37:00Z,1325,USD,monthly invoice
ACT-0004045,10819,Support Ticket,10-Jun-2020 05:51 PM,,,payment received
ACT-0003280,10666,Invoice,2024-12-16 14:47:00-05:00,750.0,USD,asked about seat pricing
ACT-0002807,10573,Note,09/04/2022 07:49,,,asked about seat pricing
ACT-0003208,10649,Ticket,02/02/2025 10:57,,,
ACT-0002999,10608,INVOICE,2021-02-23T19:43:00Z,"9,925.00",USD,asked about seat pricing
ACT-0000411,10083,INVOICE,18-Oct-2020 07:17 PM,1575,USD,
ACT-0004940,10998,Login,23-Jan-2022 07:03 AM,,,
ACT-0000643,10133,Ticket,2023-07-24T15:30:00Z,,,escalated: parts delay
ACT-0000166,10033,Invoice,07/11/2021 17:51,"1,200.00",USD,portal login
ACT-0004358,10883,Invoice,05/17/2021 12:43,"6,450.00",USD,payment received
ACT-0004426,10896,Invoice,02/24/2024 16:28,4350,USD,asked about seat pricing
ACT-0004398,10890,Payment,06/08/2025 18:03,"6,200.00",USD,escalated: parts delay
ACT-0001617,10332,Ticket,2020-07-27T09:17:00Z,,,monthly invoice
ACT-0001599,10329,Payment,01/14/2026 11:03,"1,825.00",USD,
ACT-0000030,10005,Payment,2026-04-21T10:13:00Z,4450.0,USD,asked about seat pricing
ACT-0003738,10757,Payment,22-Jul-2025 12:44 PM,3000.0,USD,renewal discussion
ACT-0003417,10693,Payment,2018-04-16 09:18:00-05:00,-,USD,
ACT-0003571,10723,Invoice,2025-06-22T16:38:00Z,-,USD,monthly invoice
ACT-0003451,10700,Login,03-May-2024 02:42 PM,,,monthly invoice
ACT-0001954,10405,Call,28-Aug-2023 08:56 AM,,,payment received
ACT-0001121,10228,Payment,2025-09-15T10:52:00Z,"3,150.00",USD,portal login
ACT-0004527,10915,Login,2025-05-16T07:50:00Z,,,
ACT-0003383,10686,Ticket,2018-01-27T11:38:00Z,,,renewal discussion
ACT-0001039,10212,Support Ticket,2024-10-21T07:17:00Z,,,asked about seat pricing
ACT-0000095,10019,Invoice,2024-09-19 16:55:00-05:00,575,USD,monthly invoice
ACT-0001993,10411,Payment,2024-04-24T08:34:00Z,-,USD,portal login
ACT-0001760,10361,Payment,2025-01-18T07:06:00Z,775.00,USD,asked about seat pricing
ACT-0002992,10605,Payment,2018-06-16T10:26:00Z,-,USD,escalated: parts delay
ACT-0001772,10365,Ticket,2021-01-16 07:07:00-05:00,,,escalated: parts delay
ACT-0004537,10917,Note,2023-03-29T08:05:00Z,,,monthly invoice
ACT-0001865,10386,Invoice,2024-05-16T08:45:00Z,2125.0,USD,asked about seat pricing
ACT-0000254,10050,Invoice,09/17/2022 14:51,375.00,USD,payment received
ACT-0003494,10708,Payment,2026-06-10T08:16:00Z,-,USD,escalated: parts delay
ACT-0004265,10863,Invoice,20-Jan-2020 12:31 PM,"9,500.00",USD,escalated: parts delay
ACT-0001060,10216,Login,2025-06-09T09:24:00Z,,,
ACT-0000154,10030,Invoice,02-Jan-2021 07:16 PM,-,USD,
ACT-0003943,10799,Note,2024-12-28T16:12:00Z,,,
ACT-0003012,10611,INVOICE,2023-10-23T09:09:00Z,"9,875.00",USD,portal login
ACT-0004438,10897,Login,02-Jun-2019 07:25 PM,,,
ACT-0004380,10886,Ticket,2019-12-11T15:38:00Z,,,renewal discussion
ACT-0000620,10128,Note,29-Mar-2023 09:20 AM,,,renewal discussion
ACT-0001316,10270,Payment,14-Jan-2024 03:25 PM,"3,275.00",USD,renewal discussion
ACT-0004941,10998,Invoice,2022-09-06T13:24:00Z,"9,100.00",USD,renewal discussion
ACT-0003218,10652,INVOICE,09/03/2019 15:20,4675.0,USD,monthly invoice
ACT-0003838,10775,Payment,2024-10-04T10:54:00Z,-,USD,
ACT-0003439,10698,Invoice,2022-02-15T08:51:00Z,-,USD,payment received
ACT-0004881,10987,Note,2021-02-26T19:15:00Z,,,asked about seat pricing
ACT-0002488,10510,Invoice,2023-02-21 16:38:00-05:00,9400.0,USD,
ACT-0004792,10970,Login,11/28/2018 10:00,,,payment received
ACT-0003212,10650,Ticket,16-Mar-2023 08:33 AM,,,
ACT-0000726,10147,Call,2024-12-10T10:07:00Z,,,payment received
ACT-0000893,10184,Support Ticket,03/23/2026 12:16,,,monthly invoice
ACT-0004506,10911,Login,2022-03-15T13:08:00Z,,,renewal discussion
ACT-0002120,10438,Payment,07/13/2024 19:14,550.00,USD,asked about seat pricing
ACT-0004866,10985,Invoice,2025-04-05T15:39:00Z,"2,350.00",USD,
ACT-0003223,10652,INVOICE,15-Nov-2019 03:45 PM,3500.0,USD,payment received
ACT-0001067,10218,Payment,2024-05-19T16:47:00Z,7950,USD,renewal discussion
ACT-0000409,10083,Invoice,2021-09-21T16:09:00Z,"6,450.00",USD,
ACT-0002542,10519,Support Ticket,05/24/2023 19:20,,,
ACT-0001393,10287,Invoice,2018-05-06T09:08:00Z,9350.0,USD,payment received
ACT-0003052,10618,Payment,2019-12-12T19:51:00Z,-,USD,escalated: parts delay
ACT-0001315,10270,Invoice,2023-10-12T10:42:00Z,9200,USD,escalated: parts delay
ACT-0002436,10500,Support Ticket,29-Oct-2020 03:48 PM,,,
ACT-0001982,10409,Login,2018-08-17T10:25:00Z,,,payment received
ACT-0000043,10008,Ticket,07/24/2021 13:38,,,renewal discussion
ACT-0000689,10141,Invoice,2019-12-26T18:49:00Z,8125,USD,monthly invoice
ACT-0000100,10020,Payment,2023-12-05 15:02:00-05:00,8125,USD,payment received
ACT-0003839,10776,Support Ticket,07-Sep-2024 04:47 PM,,,escalated: parts delay
ACT-0004321,10874,Invoice,2023-12-02T09:05:00Z,2475,USD,
ACT-0003244,10658,Invoice,02/03/2023 17:53,-,USD,
ACT-0001998,10412,Payment,2023-02-23T08:59:00Z,-,USD,
ACT-0001050,10214,Ticket,2021-12-06T15:58:00Z,,,monthly invoice
ACT-0003126,10633,Note,2024-02-05T09:25:00Z,,,portal login
ACT-0004062,10822,Payment,2018-08-15T12:47:00Z,-,USD,portal login
ACT-0003111,10631,Login,04/02/2026 17:32,,,portal login
ACT-0004247,10860,Login,2022-07-29T10:25:00Z,,,
ACT-0004545,10918,Payment,06/18/2019 16:03,-,USD,
ACT-0000418,10084,Invoice,2024-08-27 08:45:00-05:00,"7,575.00",USD,
ACT-0000333,10068,Payment,2021-03-25T12:44:00Z,-,USD,payment received
ACT-0000039,10007,Invoice,2025-09-20T11:36:00Z,"9,775.00",USD,portal login
ACT-0004663,10942,Payment,07/13/2021 13:36,7225.0,USD,
ACT-0001914,10398,Payment,2026-01-30T08:24:00Z,1125,USD,portal login
ACT-0002469,10507,Invoice,12-Mar-2022 03:08 PM,100.0,USD,
ACT-0004518,10914,Payment,07/10/2024 16:10,8225,USD,
ACT-0001245,10255,Invoice,2025-06-15T16:24:00Z,8975,USD,portal login
ACT-0001601,10330,Call,06-Sep-2022 10:19 AM,,,escalated: parts delay
ACT-0000550,10112,Invoice,2023-10-06T17:47:00Z,-,USD,payment received
ACT-0004243,10859,Ticket,06-Aug-2021 07:31 AM,,,
ACT-0004401,10892,Support Ticket,08/10/2024 15:13,,,
ACT-0000041,10008,Login,2021-09-02T18:35:00Z,,,portal login
ACT-0004684,10947,Invoice,2022-04-17T11:56:00Z,9650,USD,escalated: parts delay
ACT-0000139,10028,Ticket,2025-07-14T13:47:00Z,,,asked about seat pricing
ACT-0001000,10206,Ticket,2024-12-19T10:57:00Z,,,
ACT-0001447,10299,Payment,2019-12-16T12:06:00Z,-,USD,
ACT-0003746,10758,Login,2021-08-30T13:02:00Z,,,
ACT-0001848,10381,Call,2023-03-26T19:56:00Z,,,
ACT-0004071,10824,Invoice,05-Nov-2024 04:54 PM,-,USD,renewal discussion
ACT-0004591,10927,Call,2026-03-09T08:12:00Z,,,
ACT-0004469,10904,Ticket,24-Aug-2022 11:55 AM,,,portal login
ACT-0002485,10510,Login,2026-04-09T11:56:00Z,,,asked about seat pricing
ACT-0002789,10570,Payment,2019-12-06T07:53:00Z,-,USD,monthly invoice
ACT-0002260,10466,INVOICE,2026-05-23T09:44:00Z,2475.0,USD,
ACT-0003688,10747,INVOICE,2026-01-07T18:40:00Z,2200,USD,asked about seat pricing
ACT-0002674,10544,Note,2021-01-18T11:51:00Z,,,payment received
ACT-0004388,10887,Support Ticket,2019-04-03T08:13:00Z,,,payment received
ACT-0001224,10251,Payment,11/20/2020 17:36,"7,625.00",USD,renewal discussion
ACT-0002850,10580,Support Ticket,2019-06-29T14:16:00Z,,,monthly invoice
ACT-0001622,10333,Note,2025-07-15T11:34:00Z,,,asked about seat pricing
ACT-0000837,10171,Payment,2026-03-01T08:01:00Z,125,USD,escalated: parts delay
ACT-0004212,10852,Invoice,03/02/2021 07:29,2275,USD,asked about seat pricing
ACT-0001313,10269,Ticket,23-Jul-2022 07:42 PM,,,
ACT-0004883,10988,Invoice,2024-10-02T11:44:00Z,-,USD,
ACT-0004730,10958,INVOICE,2022-06-30T16:18:00Z,8975,USD,monthly invoice
ACT-0000530,10108,Invoice,2018-05-09 18:50:00-05:00,-,USD,portal login
ACT-0000288,10057,Ticket,31-Jul-2023 09:34 AM,,,portal login
ACT-0003465,10703,Ticket,03/13/2026 15:17,,,
ACT-0001382,10285,INVOICE,17-May-2020 07:30 AM,"6,100.00",USD,portal login
ACT-0001086,10223,Payment,2022-08-10 07:07:00-05:00,"8,600.00",USD,escalated: parts delay
ACT-0001740,10356,Login,2020-09-30T12:54:00Z,,,
ACT-0003962,10804,Invoice,11-Aug-2026 05:48 PM,"3,575.00",USD,portal login
ACT-0004552,10919,Support Ticket,2025-03-23T08:22:00Z,,,payment received
ACT-0001442,10299,Call,12/25/2019 16:21,,,
ACT-0001139,10231,Invoice,09/17/2024 12:46,8975,USD,escalated: parts delay
ACT-0002843,10578,Call,2025-01-11T19:17:00Z,,,portal login
ACT-0002854,10580,Payment,2019-04-11T14:30:00Z,-,USD,renewal discussion
ACT-0004025,10816,Invoice,30-Jan-2023 08:46 AM,-,USD,
ACT-0000287,10057,Invoice,09/02/2023 12:57,6325,USD,asked about seat pricing
ACT-0000067,10014,Login,30-May-2024 11:17 AM,,,portal login
ACT-0000590,10120,Login,2026-04-22T07:14:00Z,,,portal login
ACT-0003565,10722,Invoice,2021-03-18T13:31:00Z,-,USD,portal login
ACT-0000602,10123,Login,2025-05-05T08:56:00Z,,,portal login
ACT-0002530,10518,Invoice,2020-08-20T14:44:00Z,7300.0,USD,asked about seat pricing
ACT-0000609,10125,Ticket,06/10/2024 13:44,,,asked about seat pricing
ACT-0004337,10878,Note,2017-11-28T14:13:00Z,,,escalated: parts delay
ACT-0002781,10568,Invoice,2025-05-11T16:58:00Z,-,USD,
ACT-0001246,10256,Login,08/13/2022 16:54,,,
ACT-0004041,10818,Ticket,20-Apr-2022 06:38 PM,,,renewal discussion
ACT-0000560,10115,Payment,2022-07-04T08:59:00Z,8350.0,USD,payment received
ACT-0001675,10344,Invoice,2026-02-02T18:48:00Z,-,USD,asked about seat pricing
ACT-0003640,10736,Login,2025-04-02T17:22:00Z,,,monthly invoice
ACT-0001001,10206,Payment,03/08/2026 15:19,"3,825.00",USD,
ACT-0004239,10858,Payment,07/31/2026 13:58,-,USD,
ACT-0002740,10557,Invoice,2023-12-19T19:23:00Z,-,USD,monthly invoice
ACT-0000461,10092,Payment,2021-05-27T11:44:00Z,"8,650.00",USD,escalated: parts delay
ACT-0000851,10175,Support Ticket,2021-04-12T08:19:00Z,,,payment received
ACT-0004747,10961,Payment,2025-04-29T08:21:00Z,3675,USD,monthly invoice
ACT-0004876,10986,Call,2023-11-07T14:07:00Z,,,renewal discussion
ACT-0003950,10801,Call,2023-04-07T18:47:00Z,,,escalated: parts delay
ACT-0002403,10494,Login,11-Apr-2026 04:14 PM,,,asked about seat pricing
ACT-0003149,10638,Login,2024-08-25T08:41:00Z,,,payment received
ACT-0002900,10589,Support Ticket,18-Jan-2026 05:46 PM,,,monthly invoice
ACT-0001210,10247,Support Ticket,2021-11-13T08:30:00Z,,,payment received
ACT-0003728,10754,Invoice,27-Mar-2021 08:29 AM,-,USD,asked about seat pricing
ACT-0003021,10612,Note,2024-03-22T15:33:00Z,,,monthly invoice
ACT-0003706,10750,Note,09/04/2020 13:49,,,
ACT-0002480,10509,Call,01/26/2023 11:23,,,escalated: parts delay
ACT-0002108,10436,Invoice,2025-04-14T09:47:00Z,"4,775.00",USD,
ACT-0001590,10327,Login,2026-05-06T16:51:00Z,,,asked about seat pricing
ACT-0000009,10002,Call,2018-07-26T15:45:00Z,,,renewal discussion
ACT-0004130,10834,Invoice,10/16/2018 13:47,-,USD,escalated: parts delay
ACT-0004495,10910,Support Ticket,05/04/2023 16:03,,,
ACT-0000507,10104,Payment,2020-11-03 16:11:00-05:00,8825,USD,portal login
ACT-0000799,10163,Note,2023-05-22T10:32:00Z,,,
ACT-0001081,10222,Login,2023-08-26T11:45:00Z,,,payment received
ACT-0001369,10282,Call,2023-06-15T09:41:00Z,,,escalated: parts delay
ACT-0003528,10715,Login,01/10/2025 11:22,,,monthly invoice
ACT-0001062,10217,Login,2023-11-26T13:26:00Z,,,escalated: parts delay
ACT-0003560,10720,Invoice,2020-12-09T17:41:00Z,2650,USD,payment received
ACT-0003727,10754,INVOICE,14-Jul-2021 05:04 PM,1625.0,USD,
ACT-0004826,10977,Ticket,2019-07-12 17:52:00-05:00,,,portal login
ACT-0003033,10613,Support Ticket,11/04/2022 19:25,,,payment received
ACT-0002945,10597,Call,11/09/2024 15:25,,,
ACT-0002055,10425,Ticket,2025-06-19 15:56:00-05:00,,,
ACT-0003583,10725,Ticket,05/03/2026 13:27,,,
ACT-0002742,10557,Ticket,2022-08-06T10:52:00Z,,,asked about seat pricing
ACT-0000634,10132,Ticket,14-Jul-2017 07:54 PM,,,
ACT-0003829,10773,Login,2021-02-25T15:49:00Z,,,renewal discussion
ACT-0000389,10079,Call,2017-03-17T12:06:00Z,,,payment received
ACT-0003255,10659,Invoice,2023-07-10 16:13:00-05:00,1475.0,USD,escalated: parts delay
ACT-0004106,10831,Payment,2018-09-12T15:10:00Z,"4,450.00",USD,portal login
ACT-0003624,10733,Invoice,2022-02-12T07:17:00Z,2975.0,USD,escalated: parts delay
ACT-0002458,10505,Payment,2025-09-06T11:13:00Z,-,USD,renewal discussion
ACT-0000054,10011,Payment,2023-08-07T10:15:00Z,"7,100.00",USD,asked about seat pricing
ACT-0003832,10774,Invoice,2018-11-16T18:07:00Z,725.00,USD,
ACT-0001781,10368,Login,17-May-2019 12:27 PM,,,portal login
ACT-0002795,10571,Login,2019-07-13T17:32:00Z,,,asked about seat pricing
ACT-0000071,10014,Payment,15-Feb-2024 07:36 AM,9000,USD,payment received
ACT-0000601,10123,Ticket,06/26/2025 16:07,,,renewal discussion
ACT-0001755,10360,Login,07-Nov-2021 11:30 AM,,,payment received
ACT-0003654,10738,Payment,21-Nov-2025 09:10 AM,9900.0,USD,
ACT-0000420,10084,Invoice,2024-06-13T15:23:00Z,-,USD,monthly invoice
ACT-0003428,10696,Invoice,2021-03-12T08:36:00Z,"2,650.00",USD,payment received
ACT-0000185,10036,Ticket,2025-11-04T10:49:00Z,,,
ACT-0004067,10822,Invoice,10/07/2018 09:31,-,USD,escalated: parts delay
ACT-0004929,10996,Payment,10-Aug-2022 07:53 AM,2800,USD,escalated: parts delay
ACT-0001832,10377,Invoice,2017-12-05T14:46:00Z,-,USD,portal login
ACT-0001773,10365,Invoice,18-Dec-2020 07:48 PM,8750.0,USD,escalated: parts delay
ACT-0003808,10770,Support Ticket,2021-10-15T11:17:00Z,,,payment received
ACT-0001837,10378,Payment,01/16/2022 10:16,-,USD,asked about seat pricing
ACT-0002799,10572,Payment,2026-01-29T19:01:00Z,975.00,USD,portal login
ACT-0001453,10300,Payment,20-Jan-2021 10:46 AM,700.0,USD,
ACT-0002378,10490,Ticket,05/09/2022 18:04,,,monthly invoice
ACT-0004895,10990,Support Ticket,07/04/2018 18:06,,,
ACT-0000427,10086,Payment,2026-02-13T19:53:00Z,2125,USD,
ACT-0003785,10766,Invoice,2023-09-20 19:59:00-05:00,-,USD,renewal discussion
ACT-0002274,10468,Payment,2019-11-29T07:56:00Z,"5,475.00",USD,escalated: parts delay
ACT-0003705,10750,Payment,27-Jul-2022 12:07 PM,2400.0,USD,monthly invoice
ACT-0003146,10637,Invoice,09/07/2023 14:40,3750,USD,escalated: parts delay
ACT-0001482,10306,Support Ticket,29-Dec-2025 03:49 PM,,,
ACT-0003281,10666,Invoice,2022-10-13T14:51:00Z,-,USD,monthly invoice
ACT-0003691,10747,Payment,2025-12-29T10:40:00Z,7325,USD,payment received
ACT-0001126,10228,Ticket,2025-07-22T08:39:00Z,,,renewal discussion
ACT-0002084,10430,Note,2024-04-23T16:50:00Z,,,escalated: parts delay
ACT-0001554,10320,Invoice,2022-08-11T12:17:00Z,2725,USD,asked about seat pricing
ACT-0003610,10730,Payment,2025-01-03T08:40:00Z,-,USD,
ACT-0001818,10374,Payment,11-Jul-2025 05:33 PM,9025.0,USD,
ACT-0001560,10321,Payment,16-Sep-2022 09:26 AM,8375.0,USD,monthly invoice
ACT-0001587,10327,Invoice,2026-02-16T15:40:00Z,9800,USD,renewal discussion
ACT-0001523,10313,Payment,01/06/2023 07:50,-,USD,renewal discussion
ACT-0004279,10866,Payment,2026-03-12T11:19:00Z,6250.0,USD,escalated: parts delay
ACT-0000432,10088,Login,2023-12-20 13:41:00-05:00,,,asked about seat pricing
ACT-0003718,10752,Login,2025-01-24T08:01:00Z,,,asked about seat pricing
ACT-0001869,10387,Login,16-Apr-2025 02:50 PM,,,payment received
ACT-0003760,10760,Login,02/14/2023 10:58,,,escalated: parts delay
ACT-0000142,10028,Invoice,2025-10-16T13:51:00Z,"5,200.00",USD,portal login
ACT-0004699,10950,INVOICE,12/15/2025 15:12,8775,USD,monthly invoice
ACT-0000062,10012,Invoice,2017-01-24T08:39:00Z,7625,USD,renewal discussion
ACT-0002139,10440,Payment,2021-04-21T14:41:00Z,-,USD,asked about seat pricing
ACT-0001451,10300,Login,2020-09-01T11:00:00Z,,,renewal discussion
ACT-0000604,10124,Invoice,2021-07-26 09:15:00-05:00,-,USD,payment received
ACT-0003337,10678,Invoice,05/11/2021 19:46,9900,USD,portal login
ACT-0004349,10881,Ticket,19-Jun-2023 07:08 AM,,,
ACT-0002023,10419,Login,10/06/2022 15:16,,,payment received
ACT-0004590,10927,Invoice,2025-11-17T14:29:00Z,8475,USD,asked about seat pricing
ACT-0001927,10400,Invoice,2022-01-26T09:36:00Z,825.0,USD,escalated: parts delay
ACT-0003109,10631,Invoice,03/08/2026 17:57,-,USD,portal login
ACT-0004210,10851,Invoice,2017-07-03T19:36:00Z,-,USD,monthly invoice
ACT-0003475,10705,Login,08/06/2023 17:15,,,asked about seat pricing
ACT-0004008,10813,Ticket,2023-05-07T08:09:00Z,,,monthly invoice
ACT-0004191,10848,Support Ticket,2022-11-20T09:05:00Z,,,monthly invoice
ACT-0004529,10915,Invoice,2025-04-16T11:22:00Z,3825.0,USD,payment received
ACT-0001707,10349,Invoice,02-Apr-2019 09:48 AM,"2,125.00",USD,asked about seat pricing
ACT-0003940,10798,Ticket,04-Aug-2023 04:56 PM,,,asked about seat pricing
ACT-0000209,10040,Ticket,2024-11-18T17:43:00Z,,,renewal discussion
ACT-0000382,10078,Invoice,2026-01-16 15:38:00-05:00,-,USD,portal login
ACT-0001940,10402,Payment,2025-08-28T07:36:00Z,3625,USD,
ACT-0004578,10924,Ticket,2020-12-22T13:49:00Z,,,asked about seat pricing
ACT-0001965,10406,Payment,11/07/2019 18:28,"2,650.00",USD,payment received
ACT-0000537,10110,Login,20-Feb-2025 12:21 PM,,,escalated: parts delay
ACT-0004596,10928,Note,2021-06-16T18:14:00Z,,,monthly invoice
ACT-0003842,10776,Ticket,30-Mar-2024 01:09 PM,,,monthly invoice
ACT-0003713,10751,Payment,2023-12-06T13:01:00Z,-,USD,portal login
ACT-0002020,10418,Invoice,04/14/2025 16:28,-,USD,portal login
ACT-0001973,10407,Invoice,20-Jun-2020 06:58 PM,-,USD,payment received
ACT-0002499,10512,Login,2022-06-12T18:18:00Z,,,monthly invoice
ACT-0003058,10619,Payment,2022-05-31 12:00:00-05:00,-,USD,payment received
ACT-0000351,10073,Ticket,11/22/2022 15:30,,,renewal discussion
ACT-0002664,10543,Ticket,2025-07-18 10:26:00-05:00,,,renewal discussion
ACT-0003754,10759,Ticket,2025-05-23T08:33:00Z,,,payment received
ACT-0002500,10512,Payment,2020-03-27T11:58:00Z,-,USD,monthly invoice
ACT-0001013,10208,Call,2022-09-29T17:28:00Z,,,portal login
ACT-0003266,10662,Support Ticket,2025-09-07T12:13:00Z,,,portal login
ACT-0002001,10412,Payment,2024-11-25T13:26:00Z,8025,USD,payment received
ACT-0004030,10817,Payment,2024-01-25T15:53:00Z,"2,250.00",USD,renewal discussion
ACT-0001686,10345,Invoice,2025-02-18T08:07:00Z,-,USD,portal login
ACT-0002869,10585,Invoice,2025-04-28T17:16:00Z,"5,025.00",USD,
ACT-0003099,10628,Invoice,2025-07-11T16:33:00Z,2775.0,USD,
ACT-0001415,10293,Login,2019-02-18T11:10:00Z,,,portal login
ACT-0001098,10224,Invoice,2020-05-27T19:21:00Z,"8,500.00",USD,payment received
ACT-0001099,10225,Note,2023-06-03 07:45:00-05:00,,,portal login
ACT-0002940,10596,Invoice,2022-11-13T13:04:00Z,9350.0,USD,
ACT-0000159,10031,INVOICE,2023-10-04T11:00:00Z,350.00,USD,monthly invoice
ACT-0003060,10620,Payment,24-Apr-2018 02:11 PM,-,USD,renewal discussion
ACT-0003356,10681,Invoice,2022-10-11T18:22:00Z,8300,USD,asked about seat pricing
ACT-0001372,10283,Login,2017-07-23T11:20:00Z,,,portal login
ACT-0000081,10017,Login,2022-09-29T17:57:00Z,,,
ACT-0000944,10193,Support Ticket,07/08/2024 09:02,,,monthly invoice
ACT-0004433,10896,Login,2023-08-01T12:51:00Z,,,
ACT-0002191,10451,Login,2024-05-29T13:13:00Z,,,renewal discussion
ACT-0003659,10740,Invoice,2025-11-09T11:42:00Z,"9,625.00",USD,escalated: parts delay
ACT-0000497,10102,Payment,2024-05-10T14:19:00Z,1250,USD,portal login
ACT-0001861,10384,Note,2017-11-14T07:11:00Z,,,renewal discussion
ACT-0003318,10674,Payment,04/13/2021 07:14,"3,175.00",USD,renewal discussion
ACT-0002899,10589,INVOICE,2024-03-28T09:36:00Z,550.0,USD,asked about seat pricing
ACT-0001459,10301,Login,09/12/2018 15:18,,,renewal discussion
ACT-0000618,10128,Ticket,2023-03-12T16:43:00Z,,,payment received
ACT-0004177,10846,Invoice,25-Aug-2025 08:37 AM,9500,USD,renewal discussion
ACT-0001271,10261,Ticket,11-Jan-2025 04:43 PM,,,portal login
ACT-0001959,10405,Support Ticket,23-Oct-2024 06:04 PM,,,
ACT-0000605,10124,Invoice,02/15/2021 18:36,775.00,USD,
ACT-0004051,10820,Support Ticket,03/10/2026 13:35,,,renewal discussion
ACT-0003339,10678,INVOICE,06/08/2024 12:56,8425,USD,escalated: parts delay
ACT-0001049,10214,Ticket,2022-06-08T16:27:00Z,,,renewal discussion
ACT-0000399,10080,Ticket,12/02/2020 12:03,,,
ACT-0000734,10149,Call,21-Jan-2024 05:41 PM,,,portal login
ACT-0003118,10632,Payment,2019-09-12T11:55:00Z,900.00,USD,payment received
ACT-0002052,10425,Note,2025-05-28 07:52:00-05:00,,,
ACT-0003202,10647,Payment,2022-09-05T12:39:00Z,-,USD,renewal discussion
ACT-0004725,10956,INVOICE,23-May-2025 02:44 PM,-,USD,renewal discussion
ACT-0001839,10379,Invoice,2018-05-07T10:08:00Z,"1,175.00",USD,
ACT-0002319,10478,INVOICE,04-Jun-2024 11:19 AM,3150.0,USD,escalated: parts delay
ACT-0004397,10890,Login,2023-05-22 12:41:00-05:00,,,asked about seat pricing
ACT-0002405,10495,Call,2019-04-06 13:41:00-05:00,,,portal login
ACT-0001296,10266,Ticket,2026-01-31T09:45:00Z,,,monthly invoice
ACT-0002185,10450,Ticket,04/14/2020 19:21,,,portal login
ACT-0003510,10711,Invoice,08-Jul-2023 05:14 PM,"6,100.00",USD,monthly invoice
ACT-0004235,10857,Payment,2022-03-13T17:18:00Z,3100,USD,
ACT-0002705,10550,Invoice,07/17/2021 15:54,7600,USD,
ACT-0001706,10349,Payment,03/07/2018 19:59,-,USD,monthly invoice
ACT-0000838,10172,Invoice,2024-09-23T16:11:00Z,"2,525.00",USD,
ACT-0002098,10434,Payment,2024-06-06T16:46:00Z,1925,USD,monthly invoice
ACT-0001917,10399,Login,2020-05-14 14:59:00-05:00,,,
ACT-0003484,10707,Call,2025-09-26T08:12:00Z,,,renewal discussion
ACT-0000036,10007,Support Ticket,01/25/2026 16:13,,,monthly invoice
ACT-0001562,10322,Payment,2020-05-24T16:07:00Z,"9,475.00",USD,
ACT-0002421,10497,Ticket,2026-07-10T08:38:00Z,,,payment received
ACT-0001268,10261,Invoice,2023-12-16T07:15:00Z,"8,850.00",USD,renewal discussion
ACT-0000304,10061,Invoice,2019-05-22T13:57:00Z,5225.0,USD,payment received
ACT-0004214,10853,Login,17-Mar-2022 06:09 PM,,,
ACT-0004536,10917,Note,14-Jul-2023 05:36 PM,,,renewal discussion
ACT-0000163,10032,Invoice,2021-12-27T16:38:00Z,2225.0,USD,asked about seat pricing
ACT-0002995,10606,Invoice,2025-06-22T08:05:00Z,8700,USD,
ACT-0003685,10745,Payment,12/28/2018 13:21,7650.0,USD,payment received
ACT-0002986,10605,Payment,26-Jan-2024 01:11 PM,3700,USD,
ACT-0001960,10405,Ticket,2022-02-18T07:48:00Z,,,asked about seat pricing
ACT-0002345,10484,Invoice,2024-12-24T15:19:00Z,"4,875.00",USD,payment received
ACT-0004244,10859,Payment,03/25/2023 10:23,7175,USD,portal login
ACT-0001625,10333,Payment,2025-03-17T08:01:00Z,5825,USD,monthly invoice
ACT-0000443,10089,Invoice,09/28/2024 17:41,5200,USD,portal login
ACT-0002780,10568,Ticket,03/01/2025 07:55,,,escalated: parts delay
ACT-0004262,10862,Invoice,2020-02-14T07:59:00Z,4425,USD,asked about seat pricing
ACT-0000914,10187,Invoice,2019-09-15T13:34:00Z,-,USD,
ACT-0004744,10960,Payment,2023-09-13T10:32:00Z,"9,350.00",USD,escalated: parts delay
ACT-0000474,10095,Payment,06/07/2018 07:56,6425.0,USD,portal login
ACT-0003740,10757,INVOICE,2025-06-22 12:29:00-05:00,"1,500.00",USD,escalated: parts delay
ACT-0004679,10946,Ticket,2023-06-30T14:41:00Z,,,payment received
ACT-0002212,10456,Ticket,2025-09-14T16:24:00Z,,,monthly invoice
ACT-0000241,10047,Note,2022-12-11T18:50:00Z,,,payment received
ACT-0003536,10717,Login,2022-09-19T15:24:00Z,,,renewal discussion
ACT-0004432,10896,Note,11-Jun-2022 01:23 PM,,,renewal discussion
ACT-0004354,10882,Payment,2019-01-05T09:57:00Z,-,USD,payment received
ACT-0000367,10076,Support Ticket,2025-10-14T09:32:00Z,,,renewal discussion
ACT-0002309,10476,Invoice,07/23/2026 12:33,"5,350.00",USD,escalated: parts delay
ACT-0003028,10613,Invoice,2023-08-14T16:04:00Z,"4,625.00",USD,asked about seat pricing
ACT-0002363,10487,Invoice,2022-10-12T10:50:00Z,"3,500.00",USD,monthly invoice
ACT-0004840,10979,Payment,2025-09-23T08:03:00Z,"2,975.00",USD,
ACT-0001051,10214,Invoice,23-Feb-2021 08:37 AM,"5,600.00",USD,asked about seat pricing
ACT-0001570,10323,Support Ticket,2018-09-06T11:56:00Z,,,escalated: parts delay
ACT-0001875,10388,Ticket,19-Jul-2020 03:10 PM,,,renewal discussion
ACT-0000700,10143,Note,01/16/2025 14:17,,,
ACT-0000547,10111,Invoice,2020-07-11 18:42:00-05:00,6900,USD,
ACT-0002551,10521,Payment,2019-04-03T13:25:00Z,3075,USD,
ACT-0004816,10975,Ticket,2021-05-14T12:30:00Z,,,renewal discussion
ACT-0000244,10048,Ticket,2024-10-04T13:31:00Z,,,portal login
ACT-0004782,10968,Login,2018-12-21T10:28:00Z,,,renewal discussion
ACT-0001145,10233,Note,2024-10-28T15:23:00Z,,,renewal discussion
ACT-0003778,10764,Ticket,08/17/2026 13:46,,,escalated: parts delay
ACT-0004281,10867,Ticket,16-Nov-2023 01:44 PM,,,
ACT-0004009,10813,Invoice,2020-12-16 10:45:00-05:00,7725,USD,
ACT-0002106,10435,INVOICE,07/29/2025 19:31,3325.0,USD,
ACT-0002910,10591,Ticket,2020-11-12T13:35:00Z,,,payment received
ACT-0002728,10555,Support Ticket,2022-10-22T11:04:00Z,,,payment received
ACT-0002733,10556,Login,04/18/2018 19:17,,,asked about seat pricing
ACT-0001536,10315,Note,01/04/2021 10:40,,,renewal discussion
ACT-0001713,10351,Note,2025-06-20 17:09:00-05:00,,,renewal discussion
ACT-0003139,10636,Payment,10-Jul-2025 10:23 AM,"2,275.00",USD,portal login
ACT-0003053,10618,Invoice,2019-11-01T17:25:00Z,"7,400.00",USD,
ACT-0001053,10214,Payment,2021-01-05T17:29:00Z,"7,425.00",USD,asked about seat pricing
ACT-0004724,10956,Invoice,2025-08-19T11:00:00Z,9500,USD,payment received
ACT-0003419,10694,Login,2022-11-07T16:05:00Z,,,escalated: parts delay
ACT-0004716,10954,Invoice,2021-07-11T09:58:00Z,-,USD,renewal discussion
ACT-0001657,10340,Call,04/23/2018 11:54,,,portal login
ACT-0004588,10927,Ticket,2025-09-13T13:05:00Z,,,
ACT-0000503,10103,Ticket,2021-06-17T16:45:00Z,,,renewal discussion
ACT-0000215,10042,INVOICE,05/15/2023 17:23,1275,USD,
ACT-0002049,10425,Support Ticket,2025-01-12T19:35:00Z,,,portal login
ACT-0000834,10170,Ticket,2024-12-27T12:39:00Z,,,
ACT-0004887,10989,Ticket,2025-05-16 13:31:00-05:00,,,portal login
ACT-0001976,10408,Ticket,2023-12-09T14:02:00Z,,,escalated: parts delay
ACT-0004577,10924,Payment,24-May-2022 11:43 AM,7950,USD,escalated: parts delay
ACT-0002506,10513,INVOICE,2025-06-17T09:38:00Z,-,USD,monthly invoice
ACT-0002651,10539,Call,2021-01-17T14:24:00Z,,,asked about seat pricing
ACT-0001134,10231,Invoice,20-Mar-2025 10:11 AM,-,USD,escalated: parts delay
ACT-0000018,10004,Ticket,2024-11-18T15:21:00Z,,,portal login
ACT-0003406,10692,Invoice,10/26/2023 13:38,2175,USD,escalated: parts delay
ACT-0000657,10136,Call,2026-02-14T08:25:00Z,,,portal login
ACT-0002266,10467,Login,2023-03-27T15:57:00Z,,,
ACT-0003287,10667,Login,2024-04-22T11:07:00Z,,,renewal discussion
ACT-0002114,10437,Support Ticket,20-Nov-2024 12:41 PM,,,escalated: parts delay
ACT-0002916,10592,Login,2019-02-02T18:19:00Z,,,escalated: parts delay
ACT-0003289,10668,Login,2024-10-02T07:06:00Z,,,asked about seat pricing
ACT-0004060,10821,Call,2021-06-07T13:30:00Z,,,
ACT-0003615,10731,Ticket,2023-04-13T17:22:00Z,,,monthly invoice
ACT-0003364,10682,Invoice,2018-12-24T14:26:00Z,4150,USD,portal login
ACT-0001522,10313,Payment,2023-02-10T11:41:00Z,"6,300.00",USD,monthly invoice
ACT-0002980,10604,Note,01/08/2026 07:29,,,escalated: parts delay
ACT-0004068,10822,Login,2018-10-18 17:37:00-05:00,,,portal login
ACT-0002279,10469,Payment,2025-08-06 11:00:00-05:00,1950,USD,asked about seat pricing
ACT-0000926,10189,Payment,2017-12-04T17:31:00Z,-,USD,escalated: parts delay
ACT-0001766,10363,Invoice,12/13/2021 11:03,"7,950.00",USD,monthly invoice
ACT-0003933,10796,Call,2021-12-22T07:32:00Z,,,escalated: parts delay
ACT-0002188,10450,Payment,11/09/2019 17:16,5375.0,USD,renewal discussion
ACT-0003388,10688,Invoice,12-Feb-2018 02:19 PM,"6,075.00",USD,renewal discussion
ACT-0003695,10748,Payment,2017-09-27T15:56:00Z,-,USD,
ACT-0003306,10670,INVOICE,2024-06-29T14:15:00Z,9400.0,USD,
ACT-0004542,10918,Support Ticket,2019-01-15T19:29:00Z,,,
ACT-0002280,10470,Call,2024-09-15T11:44:00Z,,,
ACT-0003628,10733,Note,20-Jul-2021 12:31 PM,,,portal login
ACT-0001056,10216,Ticket,2025-04-13T18:03:00Z,,,
ACT-0004282,10867,Support Ticket,2024-07-12T15:35:00Z,,,portal login
ACT-0004666,10943,Invoice,24-Jun-2021 03:45 PM,"3,625.00",USD,monthly invoice
ACT-0000059,10012,Payment,14-Jul-2017 01:49 PM,4750.0,USD,
ACT-0002210,10456,Invoice,2026-04-22 19:05:00-05:00,8650,USD,payment received
ACT-0002697,10548,Payment,2025-10-02 10:52:00-05:00,8200,USD,
ACT-0000302,10061,Login,2020-01-26T13:52:00Z,,,portal login
ACT-0000521,10106,Support Ticket,09/10/2021 10:46,,,escalated: parts delay
ACT-0004194,10849,Invoice,2025-05-30T08:11:00Z,1750.0,USD,renewal discussion
ACT-0002835,10577,Login,2025-05-18T08:09:00Z,,,
ACT-0003252,10659,Payment,2023-04-29T18:44:00Z,6025.0,USD,
ACT-0003542,10718,Invoice,25-Aug-2026 06:51 PM,400.0,USD,
ACT-0000636,10132,Payment,2017-08-09T07:26:00Z,2500.0,USD,portal login
ACT-0001864,10385,Invoice,04/24/2019 19:36,-,USD,asked about seat pricing
ACT-0003338,10678,Payment,2022-06-04T10:15:00Z,-,USD,payment received
ACT-0002393,10492,Ticket,2025-01-11T11:22:00Z,,,renewal discussion
ACT-0003241,10657,Invoice,2023-04-14T10:38:00Z,9300.0,USD,payment received
ACT-0000780,10159,Invoice,2025-01-17T09:09:00Z,2225.0,USD,asked about seat pricing
ACT-0002738,10557,INVOICE,2022-08-12T08:14:00Z,9550,USD,renewal discussion
ACT-0000642,10133,Login,11/17/2022 15:20,,,payment received
ACT-0001961,10405,Invoice,2024-07-14T08:59:00Z,3650,USD,escalated: parts delay
ACT-0000860,10178,Invoice,09/22/2024 10:59,-,USD,escalated: parts delay
ACT-0003594,10727,Payment,02-May-2026 05:48 PM,3925,USD,payment received
ACT-0000655,10135,Payment,2017-04-15T14:02:00Z,6350,USD,
ACT-0004550,10919,Payment,2025-03-29T11:27:00Z,"1,300.00",USD,payment received
ACT-0001229,10252,Invoice,2022-01-07T15:09:00Z,"7,350.00",USD,monthly invoice
ACT-0001386,10286,Invoice,2024-07-19T19:26:00Z,6150,USD,monthly invoice
ACT-0001045,10213,Ticket,2021-08-30T12:48:00Z,,,escalated: parts delay
ACT-0001221,10250,Invoice,02/17/2024 13:57,8200,USD,renewal discussion
ACT-0002502,10513,Invoice,17-May-2025 03:56 PM,"3,175.00",USD,portal login
ACT-0003080,10624,Call,2022-01-01T14:34:00Z,,,
ACT-0004182,10847,Invoice,2020-01-10 10:25:00-05:00,9875,USD,payment received
ACT-0000905,10186,Note,2023-02-15T18:41:00Z,,,portal login
ACT-0000832,10170,Ticket,01/29/2025 16:46,,,payment received
ACT-0000116,10024,Login,2019-03-07T09:33:00Z,,,
ACT-0003462,10703,Support Ticket,11/25/2025 18:11,,,monthly invoice
ACT-0003305,10670,Support Ticket,2025-05-26T14:39:00Z,,,
ACT-0003853,10778,Payment,12/08/2024 19:04,"5,250.00",USD,
ACT-0004781,10967,Invoice,2025-12-14T15:32:00Z,5900.0,USD,asked about seat pricing
ACT-0001731,10355,Support Ticket,11-Mar-2019 09:05 AM,,,renewal discussion
ACT-0001878,10388,INVOICE,01/04/2022 19:50,-,USD,renewal discussion
ACT-0000376,10077,Invoice,2023-10-26T18:22:00Z,4825,USD,asked about seat pricing
ACT-0004231,10856,Invoice,16-Mar-2024 11:11 AM,4875,USD,asked about seat pricing
ACT-0004916,10993,Ticket,2019-02-12 09:42:00-05:00,,,
ACT-0000094,10019,Payment,31-May-2025 07:53 PM,-,USD,renewal discussion
ACT-0000680,10140,Login,2018-03-15 10:03:00-05:00,,,monthly invoice
ACT-0000272,10054,Invoice,2020-01-21T10:41:00Z,4900.0,USD,asked about seat pricing
ACT-0001577,10325,Support Ticket,2021-08-02T19:27:00Z,,,renewal discussion
ACT-0001429,10296,Payment,2021-03-18T15:18:00Z,5950,USD,asked about seat pricing
ACT-0002634,10536,Invoice,02/24/2020 18:13,3075.0,USD,asked about seat pricing
ACT-0000553,10113,Payment,17-Aug-2025 06:33 PM,4825,USD,
ACT-0003038,10614,Invoice,2022-08-20T15:40:00Z,6975.0,USD,monthly invoice
ACT-0004829,10977,Invoice,2019-07-12T12:21:00Z,2475,USD,payment received
ACT-0003296,10669,Ticket,2021-06-18T16:54:00Z,,,
ACT-0000206,10040,Invoice,23-Oct-2021 01:43 PM,9525,USD,monthly invoice
ACT-0003847,10777,Payment,30-Oct-2018 08:29 AM,5050,USD,escalated: parts delay
ACT-0003075,10623,Invoice,2019-12-04T07:41:00Z,6275.0,USD,monthly invoice
ACT-0000082,10017,Note,2023-10-16T18:34:00Z,,,renewal discussion
ACT-0001850,10381,Login,23-Oct-2021 12:06 PM,,,escalated: parts delay
ACT-0000583,10118,Invoice,07/18/2025 07:50,"3,750.00",USD,monthly invoice
ACT-0002360,10486,Ticket,09/15/2017 16:24,,,escalated: parts delay
ACT-0003209,10649,Call,2025-05-17T16:53:00Z,,,escalated: parts delay
ACT-0001788,10369,Ticket,2020-10-24T19:55:00Z,,,renewal discussion
ACT-0001932,10400,Payment,2021-10-28T16:39:00Z,-,USD,escalated: parts delay
ACT-0001238,10253,Login,2021-06-24T11:51:00Z,,,payment received
ACT-0001666,10342,Call,15-Jul-2026 04:16 PM,,,renewal discussion
ACT-0000980,10202,Support Ticket,2023-08-17T19:59:00Z,,,renewal discussion
ACT-0001628,10334,Login,2023-04-27T11:47:00Z,,,
ACT-0003034,10613,Payment,2024-01-09T13:51:00Z,2350,USD,renewal discussion
ACT-0000941,10192,Payment,2020-09-05T10:38:00Z,2975,USD,monthly invoice
ACT-0002461,10505,Invoice,01/16/2026 13:06,8775,USD,
ACT-0000940,10192,Invoice,2024-01-26 16:57:00-05:00,5075,USD,renewal discussion
ACT-0001148,10234,Invoice,2023-11-24T11:13:00Z,-,USD,
ACT-0000722,10147,INVOICE,2024-10-28T11:40:00Z,"6,625.00",USD,escalated: parts delay
ACT-0004822,10976,Payment,2023-03-28T08:48:00Z,9425.0,USD,payment received
ACT-0003084,10626,Ticket,2021-07-31T18:52:00Z,,,monthly invoice
ACT-0000819,10167,INVOICE,01/23/2024 10:48,"7,825.00",USD,escalated: parts delay
ACT-0000400,10081,Login,2026-01-27T08:22:00Z,,,
ACT-0002657,10541,Support Ticket,2019-06-13T14:29:00Z,,,
ACT-0001918,10399,Login,2020-03-22T09:54:00Z,,,escalated: parts delay
ACT-0003637,10735,Call,2025-10-21T10:42:00Z,,,renewal discussion
ACT-0001217,10249,Payment,2024-08-11T11:34:00Z,"2,625.00",USD,payment received
ACT-0003770,10762,Payment,09/05/2023 12:32,-,USD,portal login
ACT-0004664,10942,Invoice,18-Apr-2020 10:14 AM,-,USD,renewal discussion
ACT-0003049,10617,Payment,2026-06-30T08:02:00Z,"5,175.00",USD,escalated: parts delay
ACT-0004095,10829,Ticket,2021-09-01T16:38:00Z,,,escalated: parts delay
ACT-0004284,10867,Note,2024-04-05T11:43:00Z,,,monthly invoice
ACT-0003234,10655,Note,2025-05-30 09:14:00-05:00,,,payment received
ACT-0000305,10061,Payment,2020-12-04T17:24:00Z,4150.0,USD,
ACT-0000974,10201,Note,01/20/2026 15:58,,,payment received
ACT-0004460,10903,Ticket,27-Feb-2025 10:53 AM,,,asked about seat pricing
ACT-0001277,10262,Ticket,07/06/2019 08:31,,,monthly invoice
ACT-0002151,10443,Support Ticket,07/28/2017 18:44,,,asked about seat pricing
ACT-0000751,10153,Note,03/30/2022 18:35,,,monthly invoice
ACT-0000037,10007,Login,12/09/2025 10:02,,,renewal discussion
ACT-0003570,10723,Call,2025-08-31T08:01:00Z,,,
ACT-0003148,10638,Login,09-Nov-2019 03:41 PM,,,asked about seat pricing
ACT-0000057,10011,Payment,2022-11-20T10:45:00Z,5700,USD,escalated: parts delay
ACT-0000595,10120,Invoice,2025-10-04T16:29:00Z,7725.0,USD,monthly invoice
ACT-0004110,10831,Payment,2018-08-05T12:45:00Z,"10,000.00",USD,payment received
ACT-0002189,10450,Invoice,2021-05-03T13:14:00Z,25.00,USD,
ACT-0004754,10962,Ticket,2019-07-03T11:07:00Z,,,
ACT-0002336,10482,INVOICE,2017-04-01T19:23:00Z,500,USD,renewal discussion
ACT-0004007,10813,INVOICE,2023-06-03T19:56:00Z,-,USD,renewal discussion
ACT-0003240,10657,Ticket,30-Oct-2019 10:13 AM,,,portal login
ACT-0004167,10843,Note,2022-03-04T18:27:00Z,,,asked about seat pricing
ACT-0000106,10021,Login,2025-06-10 16:13:00-05:00,,,
ACT-0003919,10792,Support Ticket,2023-08-26T09:57:00Z,,,
ACT-0002465,10506,Invoice,08/07/2021 08:49,-,USD,
ACT-0000581,10118,Support Ticket,06/02/2025 18:15,,,
ACT-0002310,10476,Invoice,2026-04-07T11:56:00Z,"5,750.00",USD,
ACT-0002515,10515,Payment,2020-01-03T12:58:00Z,-,USD,escalated: parts delay
ACT-0004615,10931,Ticket,01/18/2017 11:02,,,portal login
ACT-0002955,10599,Payment,16-Sep-2022 08:51 AM,-,USD,renewal discussion
ACT-0001545,10318,Invoice,2024-05-10T15:33:00Z,"8,050.00",USD,payment received
ACT-0004090,10828,Note,08/13/2019 09:03,,,asked about seat pricing
ACT-0003805,10770,Ticket,26-Oct-2021 08:58 AM,,,renewal discussion
ACT-0002448,10503,Support Ticket,2018-07-07T14:21:00Z,,,
ACT-0001765,10363,Invoice,14-Aug-2022 08:40 AM,1875.0,USD,
ACT-0000567,10115,Payment,2021-06-30T15:11:00Z,-,USD,portal login
ACT-0000118,10024,Payment,06-Feb-2019 04:14 PM,"4,700.00",USD,
ACT-0004303,10871,Invoice,2019-10-07T19:03:00Z,-,USD,
ACT-0003420,10694,Note,12/11/2022 13:00,,,escalated: parts delay
ACT-0002758,10563,Payment,2025-06-12T07:30:00Z,925,USD,escalated: parts delay
ACT-0002141,10441,Login,04-Oct-2024 09:55 AM,,,renewal discussion
ACT-0000031,10006,Invoice,2024-11-08T18:22:00Z,-,USD,portal login
ACT-0003395,10689,Payment,2021-10-07T18:14:00Z,-,USD,renewal discussion
ACT-0002564,10523,Payment,2025-12-11T07:36:00Z,"3,400.00",USD,portal login
ACT-0002175,10448,Call,2017-11-29T14:32:00Z,,,
ACT-0000622,10129,Invoice,2024-12-12T07:34:00Z,-,USD,portal login
ACT-0002262,10466,Invoice,28-May-2026 07:37 PM,"8,275.00",USD,monthly invoice
ACT-0000078,10016,Invoice,2024-01-12T14:16:00Z,7950,USD,
ACT-0004140,10837,Login,13-Jan-2024 07:16 PM,,,asked about seat pricing
ACT-0003229,10654,Ticket,2026-06-20T18:07:00Z,,,renewal discussion
ACT-0000371,10076,Invoice,16-Sep-2025 07:45 PM,5500.0,USD,asked about seat pricing
ACT-0004490,10908,Support Ticket,2019-04-26 13:50:00-05:00,,,
ACT-0001027,10210,Invoice,03/28/2025 07:14,9050,USD,renewal discussion
ACT-0004360,10883,Payment,2019-08-22T14:23:00Z,4975,USD,monthly invoice
ACT-0001280,10263,Invoice,2021-11-05T09:43:00Z,9125.0,USD,monthly invoice
ACT-0004930,10996,Payment,10/02/2022 17:04,-,USD,
ACT-0001133,10230,Login,2022-01-14T17:16:00Z,,,escalated: parts delay
ACT-0004431,10896,Ticket,2022-10-21T16:56:00Z,,,
ACT-0002836,10577,Payment,2025-09-07T16:21:00Z,6300,USD,portal login
ACT-0001035,10211,Call,23-Nov-2025 01:00 PM,,,
ACT-0000217,10042,Support Ticket,06/09/2023 07:37,,,renewal discussion
ACT-0004706,10952,Payment,2024-04-19T12:49:00Z,-,USD,portal login
ACT-0000408,10083,Payment,2021-05-09T08:09:00Z,"9,775.00",USD,monthly invoice
ACT-0003749,10759,Login,21-Dec-2019 11:23 AM,,,
ACT-0003376,10684,Ticket,06-Nov-2024 05:13 PM,,,asked about seat pricing
ACT-0004183,10847,Call,04-Apr-2020 05:14 PM,,,portal login
ACT-0002417,10497,Note,2026-01-23T12:08:00Z,,,monthly invoice
ACT-0003721,10753,Note,05/02/2020 17:18,,,monthly invoice
ACT-0003481,10706,Support Ticket,12/25/2024 12:05,,,payment received
ACT-0002632,10536,Payment,02/07/2020 17:52,"2,050.00",USD,
ACT-0000173,10034,Ticket,2020-11-30T12:23:00Z,,,renewal discussion
ACT-0004121,10833,Invoice,2020-08-11T07:37:00Z,-,USD,escalated: parts delay
ACT-0000074,10015,Invoice,2021-09-21 08:32:00-05:00,"5,325.00",USD,escalated: parts delay
ACT-0002539,10519,Call,09-Jun-2023 10:43 AM,,,asked about seat pricing
ACT-0003219,10652,Login,2019-07-12T18:27:00Z,,,
ACT-0002109,10436,Ticket,06-Oct-2024 07:52 PM,,,escalated: parts delay
ACT-0001895,10392,Call,09/26/2022 18:35,,,
ACT-0000433,10088,Note,2022-05-17T14:23:00Z,,,escalated: parts delay
ACT-0002895,10589,Support Ticket,2025-01-21T10:37:00Z,,,escalated: parts delay
ACT-0000571,10117,Ticket,2018-05-20T07:21:00Z,,,payment received
ACT-0002554,10521,Login,06/06/2018 13:01,,,escalated: parts delay
ACT-0002083,10430,Invoice,09-Mar-2024 08:13 AM,-,USD,escalated: parts delay
ACT-0004094,10829,Note,2021-10-26T12:25:00Z,,,monthly invoice
ACT-0000234,10046,Login,28-Apr-2023 07:21 AM,,,asked about seat pricing
ACT-0004573,10923,Invoice,08/31/2024 14:22,"1,675.00",USD,
ACT-0000413,10083,Login,2022-11-12T08:05:00Z,,,monthly invoice
ACT-0002296,10473,Login,26-Jan-2026 08:26 AM,,,renewal discussion
ACT-0002804,10573,Payment,2024-03-25T17:25:00Z,4025.0,USD,asked about seat pricing
ACT-0001553,10320,Note,2021-06-18T10:39:00Z,,,
ACT-0000060,10012,Payment,2017-04-20T17:34:00Z,9800,USD,payment received
ACT-0003079,10624,Payment,2024-02-06T17:17:00Z,-,USD,monthly invoice
ACT-0000465,10093,Ticket,2021-05-12T09:27:00Z,,,monthly invoice
ACT-0002622,10535,Payment,2023-06-04T18:46:00Z,2100.0,USD,portal login
ACT-0001896,10392,Ticket,02/25/2023 10:56,,,
ACT-0001584,10326,Note,2018-11-12T15:35:00Z,,,escalated: parts delay
ACT-0003744,10758,Call,2020-01-19T08:04:00Z,,,monthly invoice
ACT-0003807,10770,Payment,2022-01-13T19:42:00Z,8200,USD,monthly invoice
ACT-0003083,10626,Support Ticket,2021-08-05T17:06:00Z,,,renewal discussion
ACT-0004124,10833,Login,2021-09-18T14:11:00Z,,,
ACT-0000584,10119,Call,2021-07-03T14:57:00Z,,,portal login
ACT-0002014,10416,Invoice,2025-11-13 18:35:00-05:00,7750.0,USD,monthly invoice
ACT-0002374,10489,Payment,2021-09-02 14:13:00-05:00,8275.0,USD,escalated: parts delay
ACT-0003558,10720,Note,07/30/2021 09:58,,,payment received
ACT-0000421,10085,Support Ticket,2021-12-14T08:27:00Z,,,portal login
ACT-0002972,10603,Login,26-May-2021 06:54 PM,,,escalated: parts delay
ACT-0000693,10142,Ticket,04-Feb-2019 03:34 PM,,,renewal discussion
ACT-0002904,10590,Invoice,08/12/2018 11:10,4475.0,USD,payment received
ACT-0001532,10315,Login,2021-03-12T14:00:00Z,,,
ACT-0003712,10751,Payment,04/28/2024 07:54,975,USD,
ACT-0002701,10549,Payment,03-Jun-2026 04:31 PM,4150.0,USD,monthly invoice
ACT-0000475,10095,Payment,2018-08-08T13:40:00Z,-,USD,renewal discussion
ACT-0003256,10660,Ticket,05/05/2018 15:06,,,asked about seat pricing
ACT-0000864,10179,INVOICE,2022-03-04T14:19:00Z,"4,175.00",USD,
ACT-0004483,10907,Note,02-Jul-2026 12:38 PM,,,asked about seat pricing
ACT-0001516,10311,Call,03/09/2017 08:49,,,
ACT-0000380,10078,Invoice,01/15/2026 10:06,8500,USD,asked about seat pricing
ACT-0003657,10740,Payment,20-Aug-2025 03:11 PM,-,USD,portal login
ACT-0004436,10897,Note,2019-06-10T15:27:00Z,,,payment received
ACT-0001787,10369,Invoice,2020-10-27T10:23:00Z,2300.0,USD,payment received
ACT-0003310,10672,Ticket,05/31/2019 15:32,,,monthly invoice
ACT-0003387,10687,Invoice,12/19/2025 11:02,5250,USD,payment received
ACT-0002775,10567,Invoice,2021-10-15T07:41:00Z,3275,USD,payment received
ACT-0004857,10982,INVOICE,2021-08-17T09:11:00Z,650,USD,
ACT-0001748,10359,Invoice,2023-10-04T17:46:00Z,-,USD,renewal discussion
ACT-0002625,10535,Support Ticket,02/11/2025 16:00,,,escalated: parts delay
ACT-0004112,10832,Support Ticket,2026-02-23T15:10:00Z,,,
ACT-0004305,10871,Payment,2020-03-18T12:36:00Z,-,USD,portal login
ACT-0001964,10406,Support Ticket,2020-07-27T09:52:00Z,,,monthly invoice
ACT-0004158,10841,Note,2017-06-28T17:56:00Z,,,escalated: parts delay
ACT-0003327,10676,Payment,2022-12-10T18:46:00Z,9475,USD,monthly invoice
ACT-0003872,10783,Payment,10/25/2020 17:57,"2,750.00",USD,renewal discussion
ACT-0004927,10996,Invoice,03-Feb-2023 02:15 PM,"1,325.00",USD,payment received
ACT-0003880,10785,Login,2025-11-30T10:08:00Z,,,renewal discussion
ACT-0004261,10862,Ticket,04-May-2018 05:19 PM,,,
ACT-0004919,10994,Ticket,02-Dec-2025 02:58 PM,,,portal login
ACT-0002911,10591,Login,2021-09-07T10:19:00Z,,,portal login
ACT-0001249,10256,Support Ticket,2022-06-27T14:35:00Z,,,escalated: parts delay
ACT-0001143,10232,Invoice,09/18/2024 08:13,825,USD,
ACT-0004889,10989,Payment,06/10/2026 08:05,"2,825.00",USD,portal login
ACT-0004020,10815,Payment,2021-01-06T19:06:00Z,-,USD,payment received
ACT-0004202,10850,Support Ticket,2026-02-10 10:49:00-05:00,,,asked about seat pricing
ACT-0000579,10118,Payment,09-Aug-2025 10:35 AM,-,USD,portal login
ACT-0000929,10189,Login,2018-04-27T15:58:00Z,,,escalated: parts delay
ACT-0001185,10241,Login,17-Feb-2021 03:24 PM,,,renewal discussion
ACT-0003210,10649,Login,2024-09-18T09:37:00Z,,,
ACT-0004847,10980,Support Ticket,11/23/2023 09:37,,,payment received
ACT-0002785,10569,Invoice,2023-11-07T16:44:00Z,8775,USD,monthly invoice
ACT-0004085,10827,Login,2026-05-29T11:11:00Z,,,payment received
ACT-0001645,10338,Note,02/15/2025 14:04,,,portal login
ACT-0002543,10519,Login,06/30/2023 08:51,,,escalated: parts delay
ACT-0001361,10278,Support Ticket,22-Mar-2025 11:46 AM,,,
ACT-0004340,10879,Call,2021-10-28T13:16:00Z,,,renewal discussion
ACT-0001258,10258,Call,2024-12-03T12:23:00Z,,,
ACT-0001801,10371,Login,2025-05-15T15:09:00Z,,,escalated: parts delay
ACT-0000994,10205,INVOICE,05-Nov-2024 07:31 PM,6875,USD,escalated: parts delay
ACT-0000451,10091,Invoice,05/12/2020 14:34,"2,650.00",USD,
ACT-0002838,10578,Note,2025-09-21T10:04:00Z,,,asked about seat pricing
ACT-0003689,10747,Note,2026-01-15T07:32:00Z,,,asked about seat pricing
ACT-0003066,10621,Invoice,10-Oct-2025 01:36 PM,"8,650.00",USD,
ACT-0003497,10709,Ticket,2019-04-20T10:13:00Z,,,
ACT-0000373,10077,Payment,04-Jun-2022 11:36 AM,-,USD,
ACT-0003072,10623,Support Ticket,2024-01-02T17:09:00Z,,,escalated: parts delay
ACT-0003572,10723,Note,05/27/2025 13:14,,,renewal discussion
ACT-0001006,10207,Payment,2022-09-19T12:42:00Z,4475,USD,payment received
ACT-0004597,10928,Login,2021-06-09T15:10:00Z,,,
ACT-0001920,10399,Call,2020-10-21T18:47:00Z,,,
ACT-0004632,10933,Ticket,2022-05-20T09:06:00Z,,,renewal discussion
ACT-0000702,10144,Invoice,2024-08-25 14:44:00-05:00,6525,USD,monthly invoice
ACT-0002849,10580,Invoice,03/31/2019 18:33,-,USD,portal login
ACT-0000070,10014,Login,12-Mar-2024 07:09 PM,,,portal login
ACT-0001852,10381,Payment,10/26/2024 13:42,8000.0,USD,portal login
ACT-0000894,10184,Invoice,02/06/2026 16:30,3400,USD,renewal discussion
ACT-0001626,10333,Invoice,2025-12-02T09:11:00Z,-,USD,asked about seat pricing
ACT-0000736,10149,Support Ticket,11/28/2023 12:16,,,asked about seat pricing
ACT-0001941,10402,Payment,17-Jan-2023 11:21 AM,-,USD,portal login
ACT-0003948,10800,Invoice,03/20/2021 11:26,-,USD,asked about seat pricing
ACT-0004652,10940,Payment,2018-08-20T19:53:00Z,9750.0,USD,
ACT-0002644,10538,Note,2022-06-10T14:42:00Z,,,
ACT-0003816,10771,Payment,2025-01-15T12:01:00Z,6550.0,USD,
ACT-0001197,10243,Payment,01/04/2020 17:41,625.0,USD,asked about seat pricing
ACT-0001525,10313,Payment,2022-12-20T11:26:00Z,-,USD,
ACT-0004902,10990,Note,09-Aug-2017 08:47 AM,,,renewal discussion
ACT-0003665,10741,Invoice,2021-11-05T19:48:00Z,1350,USD,renewal discussion
ACT-0004512,10912,Ticket,2026-01-28T14:54:00Z,,,monthly invoice
ACT-0001033,10211,Invoice,2026-02-12T13:15:00Z,-,USD,
ACT-0002127,10439,Invoice,2025-02-08T15:27:00Z,-,USD,renewal discussion
ACT-0000007,10001,Payment,19-Nov-2022 11:41 AM,-,USD,monthly invoice
ACT-0004484,10907,Payment,2026-07-12T07:03:00Z,7600.0,USD,portal login
ACT-0003632,10734,Payment,17-Mar-2023 12:24 PM,-,USD,portal login
ACT-0000627,10130,Note,11/21/2023 09:43,,,escalated: parts delay
ACT-0004925,10996,Note,2023-03-08 19:20:00-05:00,,,asked about seat pricing
ACT-0003413,10693,Payment,04/14/2018 15:19,"9,275.00",USD,renewal discussion
ACT-0001596,10329,Invoice,2026-01-14T16:03:00Z,1950.0,USD,renewal discussion
ACT-0002764,10565,Invoice,03/05/2023 08:07,625,USD,renewal discussion
ACT-0000932,10190,Payment,2023-09-28T16:03:00Z,5875.0,USD,
ACT-0000938,10192,Invoice,23-Aug-2022 01:55 PM,-,USD,asked about seat pricing
ACT-0004188,10848,Payment,2022-11-03T13:03:00Z,7800,USD,
ACT-0001592,10328,Payment,2019-03-08T07:54:00Z,9975,USD,payment received
ACT-0000958,10196,Invoice,2022-01-03T12:53:00Z,"5,850.00",USD,asked about seat pricing
ACT-0000502,10102,Call,2022-08-24T15:13:00Z,,,asked about seat pricing
ACT-0004683,10947,Invoice,19-Aug-2020 04:27 PM,3775,USD,portal login
ACT-0000768,10156,Invoice,2022-08-27T12:17:00Z,"8,450.00",USD,monthly invoice
ACT-0003236,10656,Note,06/25/2022 15:27,,,escalated: parts delay
ACT-0002155,10444,INVOICE,01/24/2023 19:40,5550,USD,asked about seat pricing
ACT-0003791,10766,Invoice,01/27/2020 10:38,200,USD,escalated: parts delay
ACT-0002532,10518,Login,2021-02-07T15:57:00Z,,,portal login
ACT-0003394,10689,Ticket,2023-06-11T12:45:00Z,,,asked about seat pricing
ACT-0004285,10867,Note,2024-04-09T15:37:00Z,,,renewal discussion
ACT-0000603,10124,Invoice,08/17/2021 10:08,"1,950.00",USD,portal login
ACT-0004054,10820,Login,03/17/2026 09:02,,,monthly invoice
ACT-0001004,10206,Payment,08-May-2025 09:44 AM,6950,USD,monthly invoice
ACT-0003651,10737,Login,2020-11-03T08:52:00Z,,,portal login
ACT-0004229,10855,Login,2020-09-08T10:55:00Z,,,asked about seat pricing
ACT-0001610,10331,Payment,2023-07-06T14:38:00Z,"4,950.00",USD,escalated: parts delay
ACT-0004230,10855,Invoice,05/12/2019 14:48,-,USD,escalated: parts delay
ACT-0000996,10205,Ticket,11/24/2024 17:12,,,asked about seat pricing
ACT-0003485,10707,Note,07/26/2025 10:13,,,
ACT-0003325,10676,Support Ticket,2022-07-04T13:21:00Z,,,
ACT-0002578,10526,Ticket,09/04/2020 17:29,,,payment received
ACT-0001413,10292,Ticket,2023-06-26 14:30:00-05:00,,,asked about seat pricing
ACT-0001594,10329,INVOICE,14-Jan-2026 07:15 PM,4700,USD,renewal discussion
ACT-0002081,10429,Ticket,2021-06-12T14:04:00Z,,,
ACT-0001396,10288,Payment,2025-07-21T08:49:00Z,-,USD,
ACT-0001761,10362,Payment,2024-11-13T10:27:00Z,3525,USD,monthly invoice
ACT-0001355,10278,Note,02/14/2026 14:55,,,asked about seat pricing
ACT-0000312,10062,Login,2025-12-22T09:20:00Z,,,asked about seat pricing
ACT-0001911,10398,INVOICE,12-Jan-2026 03:32 PM,1675.0,USD,
ACT-0001608,10331,Login,31-May-2023 06:39 PM,,,
ACT-0001114,10227,Ticket,2026-02-16T07:40:00Z,,,escalated: parts delay
ACT-0002866,10584,Payment,2021-02-16T13:51:00Z,9775,USD,renewal discussion
ACT-0000275,10055,Invoice,11-Mar-2021 11:18 AM,5400.0,USD,escalated: parts delay
ACT-0002413,10496,Payment,2026-05-24T18:28:00Z,"7,875.00",USD,
ACT-0000713,10145,Payment,2024-01-22T10:09:00Z,-,USD,
ACT-0000708,10144,Login,2025-02-02T15:27:00Z,,,monthly invoice
ACT-0001842,10380,Login,10/03/2024 19:19,,,
ACT-0000871,10180,Note,03/31/2021 07:32,,,portal login
ACT-0004610,10930,Ticket,2026-07-09T16:18:00Z,,,escalated: parts delay
ACT-0003549,10719,Payment,2022-04-13 14:07:00-05:00,5250.0,USD,renewal discussion
ACT-0001066,10217,Ticket,2023-11-05T08:26:00Z,,,
ACT-0000327,10065,Payment,12/13/2023 14:59,500.00,USD,
ACT-0003958,10803,Login,2020-01-23T14:19:00Z,,,payment received
ACT-0003726,10754,Ticket,2020-07-19T14:59:00Z,,,escalated: parts delay
ACT-0003723,10753,Note,22-Oct-2019 10:24 AM,,,payment received
ACT-0002456,10504,Ticket,2024-02-11T11:07:00Z,,,asked about seat pricing
ACT-0003910,10790,Invoice,2020-06-03T12:21:00Z,-,USD,
ACT-0004338,10878,Invoice,01/28/2018 10:27,9800,USD,
ACT-0000716,10145,Support Ticket,11/23/2022 18:57,,,monthly invoice
ACT-0000790,10161,Ticket,2019-06-15T13:52:00Z,,,payment received
ACT-0000364,10076,Note,08/21/2025 07:14,,,payment received
ACT-0000600,10123,Payment,04-Jul-2025 10:40 AM,-,USD,escalated: parts delay
ACT-0000348,10072,Ticket,17-Mar-2021 02:09 PM,,,payment received
ACT-0001149,10234,Login,2023-10-12T09:31:00Z,,,payment received
ACT-0002572,10525,Payment,2026-06-29T14:39:00Z,-,USD,monthly invoice
ACT-0000873,10181,Invoice,2025-04-30T07:17:00Z,-,USD,escalated: parts delay
ACT-0001417,10293,Invoice,02/20/2019 16:11,-,USD,renewal discussion
ACT-0001288,10265,INVOICE,07/19/2021 15:11,"7,475.00",USD,
ACT-0003960,10803,Login,2020-01-06T12:01:00Z,,,payment received
ACT-0002330,10480,Invoice,23-Mar-2026 06:04 PM,-,USD,escalated: parts delay
ACT-0003448,10700,Invoice,09/15/2022 14:30,"8,250.00",USD,asked about seat pricing
ACT-0004622,10932,Ticket,02/25/2020 12:56,,,renewal discussion
ACT-0001975,10408,Invoice,2023-03-28 10:01:00-05:00,9675.0,USD,payment received
ACT-0003603,10729,Payment,06/03/2020 16:40,-,USD,renewal discussion
ACT-0004211,10852,Payment,2019-07-10T13:01:00Z,"4,400.00",USD,portal login
ACT-0000177,10035,Invoice,2023-03-09 16:19:00-05:00,6300,USD,asked about seat pricing
ACT-0000917,10187,Payment,08-Jul-2019 07:36 AM,3400.0,USD,renewal discussion
ACT-0002057,10426,Note,2025-12-31T19:31:00Z,,,renewal discussion
ACT-0001200,10244,Invoice,2022-07-13T08:56:00Z,-,USD,
ACT-0004677,10945,Login,2021-02-02 19:20:00-05:00,,,asked about seat pricing
ACT-0001844,10380,Payment,2023-07-06T15:54:00Z,8675.0,USD,portal login
ACT-0004437,10897,Invoice,06/06/2019 15:28,"8,500.00",USD,renewal discussion
ACT-0003596,10727,Support Ticket,2026-05-08T08:53:00Z,,,renewal discussion
ACT-0002909,10591,Payment,2022-01-09T18:51:00Z,2175,USD,renewal discussion
ACT-0004507,10912,Ticket,01/21/2026 16:11,,,
ACT-0002755,10562,Note,2019-04-23 10:28:00-05:00,,,renewal discussion
ACT-0003595,10727,Invoice,2026-06-05T17:05:00Z,9875,USD,payment received
ACT-0004609,10930,Invoice,2026-07-24T16:45:00Z,1150,USD,renewal discussion
ACT-0000390,10079,Invoice,02/24/2020 19:10,1350,USD,monthly invoice
ACT-0003607,10730,Invoice,11/30/2024 12:27,1400.0,USD,
ACT-0001499,10309,Ticket,05/09/2026 15:04,,,asked about seat pricing
ACT-0001052,10214,Payment,2020-05-06T12:55:00Z,"8,650.00",USD,asked about seat pricing
ACT-0004347,10880,Invoice,2026-01-09T16:15:00Z,-,USD,payment received
ACT-0003166,10641,Ticket,07/14/2021 08:12,,,renewal discussion
ACT-0001467,10302,Login,06/03/2025 16:46,,,payment received
ACT-0002162,10446,Call,2024-11-24T07:45:00Z,,,asked about seat pricing
ACT-0001567,10323,Payment,2020-08-21T10:59:00Z,3800,USD,portal login
ACT-0000807,10165,Note,12/15/2021 18:46,,,monthly invoice
ACT-0002796,10571,Ticket,06/11/2021 11:09,,,monthly invoice
ACT-0001293,10266,Support Ticket,01/11/2026 15:50,,,portal login
ACT-0000068,10014,Invoice,14-Mar-2024 08:12 AM,-,USD,renewal discussion
ACT-0003530,10715,Call,01/21/2025 09:31,,,monthly invoice
ACT-0004875,10986,Note,09/06/2022 17:17,,,escalated: parts delay
ACT-0000964,10198,Invoice,10/26/2021 07:04,1725,USD,portal login
ACT-0001165,10237,Login,06-Apr-2023 09:44 AM,,,renewal discussion
ACT-0004547,10918,Login,2018-12-19T09:31:00Z,,,portal login
ACT-0003524,10714,Ticket,2019-02-25T17:30:00Z,,,renewal discussion
ACT-0004654,10941,Payment,01-Sep-2025 01:57 PM,5250,USD,portal login
ACT-0004543,10918,Support Ticket,06/20/2018 12:41,,,asked about seat pricing
ACT-0004564,10922,Invoice,2026-04-17 07:20:00-05:00,4550.0,USD,
ACT-0002015,10416,Login,2026-04-24 10:35:00-05:00,,,escalated: parts delay
ACT-0001659,10341,Ticket,09-May-2026 02:47 PM,,,renewal discussion
ACT-0001390,10286,Invoice,09/12/2024 10:27,1425,USD,portal login
ACT-0003513,10712,Invoice,05/22/2023 16:52,1450.0,USD,asked about seat pricing
ACT-0001754,10360,Ticket,08/22/2020 18:20,,,
ACT-0004141,10837,Invoice,2023-09-12T18:16:00Z,"4,700.00",USD,payment received
ACT-0000719,10146,INVOICE,11-Mar-2018 12:27 PM,6625,USD,portal login
ACT-0004406,10892,Ticket,2024-06-27T12:05:00Z,,,
ACT-0004760,10963,Payment,2023-08-08T19:31:00Z,7575.0,USD,portal login
ACT-0000989,10204,Call,2021-01-21T18:52:00Z,,,asked about seat pricing
ACT-0003251,10659,Login,09/05/2023 16:55,,,
ACT-0003228,10653,Payment,04/28/2023 16:06,7850,USD,monthly invoice
ACT-0004232,10856,Call,2025-05-30T10:28:00Z,,,escalated: parts delay
ACT-0002941,10596,Payment,01-Oct-2022 02:58 PM,7975,USD,
ACT-0000752,10153,Invoice,2022-04-04T17:28:00Z,9800,USD,portal login
ACT-0001193,10243,Payment,03/11/2021 16:42,3675.0,USD,portal login
ACT-0003649,10737,Login,2019-07-02T18:20:00Z,,,
ACT-0002273,10468,Support Ticket,2021-01-20T08:43:00Z,,,monthly invoice
ACT-0003891,10787,Invoice,13-May-2023 01:39 PM,-,USD,escalated: parts delay
ACT-0001387,10286,Note,07/13/2024 18:41,,,monthly invoice
ACT-0004107,10831,Invoice,03/17/2019 12:27,"2,775.00",USD,portal login
ACT-0004886,10988,Ticket,2024-10-02T10:14:00Z,,,
ACT-0003000,10608,Ticket,03-Jan-2021 05:24 PM,,,portal login
ACT-0002338,10482,Ticket,2019-09-12T15:47:00Z,,,payment received
ACT-0001069,10219,Payment,2023-08-29T18:03:00Z,3850,USD,
ACT-0004500,10911,Payment,2022-03-15T14:09:00Z,-,USD,escalated: parts delay
ACT-0004353,10881,Invoice,06-Aug-2022 07:10 PM,"3,250.00",USD,renewal discussion
ACT-0003858,10780,Invoice,04/13/2025 08:52,-,USD,monthly invoice
ACT-0003092,10627,Invoice,07/28/2018 12:36,6075.0,USD,escalated: parts delay
ACT-0000574,10117,INVOICE,2020-07-25T10:23:00Z,5125.0,USD,escalated: parts delay
ACT-0002031,10420,Note,02/17/2023 11:06,,,escalated: parts delay
ACT-0004363,10883,Payment,05/07/2020 10:31,8100,USD,payment received
ACT-0003848,10778,Payment,2025-01-29T17:41:00Z,850.0,USD,portal login
ACT-0002172,10447,Payment,2023-07-17T08:40:00Z,"8,825.00",USD,
ACT-0003267,10662,Call,09/08/2025 07:22,,,
ACT-0002589,10529,Invoice,2025-12-11T14:44:00Z,"1,575.00",USD,escalated: parts delay
ACT-0000349,10073,Invoice,19-Mar-2020 06:40 PM,-,USD,
ACT-0002969,10602,Invoice,01/18/2020 12:13,-,USD,payment received
ACT-0001719,10352,Payment,2023-12-09 18:31:00-05:00,"1,525.00",USD,monthly invoice
ACT-0003263,10662,Invoice,2025-09-08T10:18:00Z,-,USD,monthly invoice
ACT-0001076,10220,Invoice,2021-08-25T14:43:00Z,2725.0,USD,portal login
ACT-0002018,10417,Payment,30-Mar-2020 02:05 PM,-,USD,
ACT-0004147,10838,Payment,2025-04-10T13:12:00Z,875.00,USD,payment received
ACT-0001825,10376,Invoice,2021-04-19T08:57:00Z,"2,200.00",USD,renewal discussion
ACT-0001989,10410,Ticket,2016-12-27T18:17:00Z,,,
ACT-0000869,10180,Ticket,2022-06-07T09:55:00Z,,,
ACT-0000757,10154,Invoice,10/13/2018 15:10,4125,USD,
ACT-0003110,10631,Ticket,2026-06-28T18:25:00Z,,,escalated: parts delay
ACT-0004710,10953,Invoice,2024-07-27T07:38:00Z,-,USD,monthly invoice
ACT-0000501,10102,Payment,11/02/2023 19:50,"8,700.00",USD,
ACT-0001650,10339,Call,19-Jan-2024 02:48 PM,,,asked about seat pricing
ACT-0000778,10159,Payment,04/25/2024 13:06,8850.0,USD,renewal discussion
ACT-0001803,10371,Ticket,2024-06-02T12:24:00Z,,,renewal discussion
ACT-0000438,10089,Invoice,2024-10-14T12:30:00Z,"7,075.00",USD,portal login
ACT-0000882,10182,Login,05/13/2024 14:05,,,payment received
ACT-0000770,10157,Call,2025-01-01T18:32:00Z,,,renewal discussion
ACT-0002646,10538,Note,01/30/2024 19:15,,,monthly invoice
ACT-0000818,10167,Payment,13-Sep-2021 07:46 AM,1150.0,USD,
ACT-0002431,10499,Invoice,05/13/2022 17:05,"4,775.00",USD,
ACT-0000047,10009,Login,31-Jan-2022 10:19 AM,,,monthly invoice
ACT-0002745,10559,Invoice,02/29/2024 10:48,"9,200.00",USD,asked about seat pricing
ACT-0001677,10344,Ticket,2026-01-10T11:36:00Z,,,portal login
ACT-0004636,10934,INVOICE,2019-12-25T09:04:00Z,1775,USD,renewal discussion
ACT-0004224,10855,Login,2020-02-03T13:13:00Z,,,renewal discussion
ACT-0004695,10950,Call,11-Jan-2026 10:30 AM,,,
ACT-0002382,10491,Ticket,2025-06-14T12:42:00Z,,,renewal discussion
ACT-0001609,10331,Login,11/17/2022 10:47,,,escalated: parts delay
ACT-0004296,10870,Payment,2023-11-21 13:02:00-05:00,675.0,USD,payment received
ACT-0000896,10184,Invoice,2026-04-04 10:39:00-05:00,"5,025.00",USD,payment received
ACT-0000406,10082,Login,2026-07-26T08:43:00Z,,,monthly invoice
ACT-0000467,10094,Invoice,08/23/2025 15:39,"5,050.00",USD,escalated: parts delay
ACT-0002352,10485,Support Ticket,04/29/2024 09:14,,,monthly invoice
ACT-0002327,10479,Login,2021-03-06 15:26:00-05:00,,,payment received
ACT-0003966,10804,Payment,2023-02-14T08:10:00Z,-,USD,asked about seat pricing
ACT-0004869,10985,Invoice,2025-02-14T16:34:00Z,-,USD,monthly invoice
ACT-0002257,10465,Invoice,02/26/2023 07:47,-,USD,asked about seat pricing
ACT-0002047,10424,Invoice,01/26/2025 19:44,-,USD,asked about seat pricing
ACT-0001077,10221,Invoice,09/09/2025 19:28,-,USD,asked about seat pricing
ACT-0002524,10517,Note,07/14/2022 17:38,,,escalated: parts delay
ACT-0003245,10658,Invoice,05/02/2023 07:35,5950,USD,monthly invoice
ACT-0000020,10004,Login,2022-05-21T08:22:00Z,,,monthly invoice
ACT-0003801,10769,Payment,2023-01-22T18:26:00Z,-,USD,asked about seat pricing
ACT-0000050,10010,Payment,2022-05-09T15:29:00Z,-,USD,escalated: parts delay
ACT-0002968,10602,Support Ticket,02/01/2021 12:44,,,asked about seat pricing
ACT-0004555,10920,Note,2017-05-26T19:14:00Z,,,
ACT-0004450,10900,Login,01/02/2026 07:18,,,renewal discussion
ACT-0003798,10768,Ticket,2020-01-06 14:01:00-05:00,,,asked about seat pricing
ACT-0001637,10336,Ticket,03/20/2023 07:41,,,
ACT-0004890,10989,Login,2025-05-20T13:09:00Z,,,renewal discussion
ACT-0001183,10241,Payment,05-Jun-2021 02:40 PM,"2,775.00",USD,monthly invoice
ACT-0001641,10337,Payment,19-Jul-2022 04:01 PM,"2,275.00",USD,
ACT-0004752,10962,Invoice,2018-05-31T19:06:00Z,9025.0,USD,escalated: parts delay
ACT-0002696,10548,Invoice,2025-10-06T17:45:00Z,"1,600.00",USD,portal login
ACT-0004464,10903,Payment,07/31/2025 15:08,6100,USD,monthly invoice
ACT-0001886,10390,Login,2025-10-04T19:29:00Z,,,renewal discussion
ACT-0004152,10840,Ticket,2026-06-11T15:18:00Z,,,
ACT-0003168,10641,Support Ticket,05/30/2020 18:08,,,payment received
ACT-0000979,10202,Invoice,10/06/2023 14:32,6675,USD,payment received
ACT-0001483,10306,Ticket,2025-12-28T09:50:00Z,,,payment received
ACT-0004168,10843,Invoice,2022-05-10T08:58:00Z,2950,USD,asked about seat pricing
ACT-0004458,10902,Payment,20-Apr-2026 01:02 PM,-,USD,portal login
ACT-0001593,10329,Payment,2026-01-15T07:27:00Z,6075.0,USD,escalated: parts delay
ACT-0003297,10669,Payment,2020-07-02T11:17:00Z,"9,475.00",USD,portal login
ACT-0002255,10465,Support Ticket,2023-09-04T12:34:00Z,,,
ACT-0000263,10052,Ticket,2023-01-13T10:20:00Z,,,escalated: parts delay
ACT-0003161,10640,Support Ticket,2019-10-07T18:31:00Z,,,
ACT-0000253,10050,Payment,2024-06-12T18:53:00Z,-,USD,portal login
ACT-0000541,10111,Invoice,2022-02-09T13:10:00Z,8100.0,USD,payment received
ACT-0001929,10400,Payment,2022-08-02T14:41:00Z,2425,USD,payment received
ACT-0002394,10493,Ticket,2023-04-16T10:18:00Z,,,portal login
ACT-0000334,10069,Payment,01/03/2019 17:04,-,USD,
ACT-0002880,10586,Login,2024-06-09T13:36:00Z,,,
ACT-0004914,10993,Payment,09/24/2021 16:01,-,USD,
ACT-0000232,10045,Payment,2025-09-17T09:54:00Z,-,USD,asked about seat pricing
ACT-0004797,10971,Note,2020-05-08T14:31:00Z,,,
ACT-0004461,10903,INVOICE,2025-05-21 18:04:00-05:00,-,USD,
ACT-0001363,10279,Payment,2018-11-23T19:40:00Z,-,USD,monthly invoice
ACT-0003271,10663,Support Ticket,05/20/2022 10:10,,,
ACT-0002143,10442,Login,10/29/2020 14:44,,,monthly invoice
ACT-0000102,10020,Invoice,2024-01-13T15:55:00Z,7900,USD,renewal discussion
ACT-0000920,10188,Payment,06/15/2020 16:31,"5,225.00",USD,monthly invoice
ACT-0000459,10092,Payment,04/13/2021 08:40,8650.0,USD,portal login
ACT-0002158,10445,Payment,2026-07-02T14:56:00Z,-,USD,
ACT-0004917,10994,Payment,12/13/2025 12:03,"4,750.00",USD,
ACT-0001498,10308,Invoice,2022-04-18T09:18:00Z,"9,250.00",USD,portal login
ACT-0003492,10708,INVOICE,2026-06-09T13:36:00Z,1775.0,USD,monthly invoice
ACT-0001037,10212,Note,12/12/2024 07:53,,,escalated: parts delay
ACT-0001853,10382,Payment,2018-11-25T15:52:00Z,8275.0,USD,monthly invoice
ACT-0004644,10937,Payment,05-Feb-2023 01:47 PM,5725.0,USD,monthly invoice
ACT-0001308,10268,Call,2024-08-08 12:30:00-05:00,,,escalated: parts delay
ACT-0003062,10620,Login,2023-03-06T15:55:00Z,,,asked about seat pricing
ACT-0000359,10074,Payment,2023-04-23T08:32:00Z,"5,975.00",USD,payment received
ACT-0003342,10678,Ticket,2025-03-28T10:51:00Z,,,monthly invoice
ACT-0003786,10766,Invoice,2020-05-03T12:08:00Z,5700,USD,escalated: parts delay
ACT-0000437,10089,Payment,17-Sep-2024 12:27 PM,9000,USD,
ACT-0003599,10728,Note,03/09/2019 15:22,,,monthly invoice
ACT-0000086,10017,Login,2022-09-08T19:21:00Z,,,
ACT-0003611,10730,Ticket,2025-01-16T16:24:00Z,,,escalated: parts delay
ACT-0004385,10887,Payment,2019-04-07T09:11:00Z,950.0,USD,monthly invoice
ACT-0003100,10628,Ticket,10-Jan-2026 02:58 PM,,,renewal discussion
ACT-0002353,10485,Payment,2024-03-20T18:47:00Z,-,USD,asked about seat pricing
ACT-0000879,10182,Ticket,03/05/2025 10:56,,,escalated: parts delay
ACT-0003324,10675,Payment,2022-06-29T11:42:00Z,-,USD,renewal discussion
ACT-0004420,10895,Login,04/17/2024 17:22,,,payment received
ACT-0003347,10679,Invoice,2021-06-26T19:07:00Z,-,USD,monthly invoice
ACT-0003009,10609,Login,08/20/2020 16:21,,,escalated: parts delay
ACT-0000133,10027,Note,2023-08-16T08:42:00Z,,,monthly invoice
ACT-0000489,10099,Ticket,07/26/2025 11:24,,,asked about seat pricing
ACT-0000309,10062,Ticket,2026-03-01 19:28:00-05:00,,,renewal discussion
ACT-0002082,10429,Login,2021-03-24T11:24:00Z,,,portal login
ACT-0003840,10776,Ticket,2024-10-09 08:43:00-05:00,,,monthly invoice
ACT-0002064,10426,Payment,2026-01-13T18:47:00Z,"3,050.00",USD,
ACT-0003580,10725,Invoice,01/11/2026 07:35,5350,USD,asked about seat pricing
ACT-0004649,10939,Ticket,2025-01-31T13:25:00Z,,,
ACT-0001262,10259,Ticket,2025-04-27 15:36:00-05:00,,,
ACT-0004227,10855,Login,2020-05-31T18:08:00Z,,,monthly invoice
ACT-0004497,10910,Invoice,2023-08-03T16:18:00Z,-,USD,escalated: parts delay
ACT-0000935,10191,Support Ticket,2022-04-01T17:36:00Z,,,portal login
ACT-0004033,10817,Payment,05/25/2024 08:55,"7,300.00",USD,
ACT-0004723,10956,Login,04/14/2025 10:27,,,
ACT-0003206,10648,Login,14-Jun-2024 05:38 PM,,,escalated: parts delay
ACT-0002267,10467,Invoice,2022-12-31T10:39:00Z,5925.0,USD,asked about seat pricing
ACT-0002496,10511,Login,06/07/2021 08:26,,,payment received
ACT-0001752,10360,Invoice,10/30/2021 14:38,4350,USD,portal login
ACT-0000112,10023,Invoice,2022-03-04T10:58:00Z,"6,725.00",USD,
ACT-0004366,10884,Ticket,2024-10-27T08:32:00Z,,,escalated: parts delay
ACT-0001615,10332,Support Ticket,2021-10-14 17:07:00-05:00,,,payment received
ACT-0001603,10330,Payment,2022-11-18T08:41:00Z,"5,650.00",USD,asked about seat pricing
ACT-0001728,10354,Invoice,2025-09-18T19:25:00Z,8850.0,USD,asked about seat pricing
ACT-0003059,10620,Support Ticket,07/03/2020 10:51,,,
ACT-0003965,10804,Invoice,03-Oct-2022 02:50 PM,7525.0,USD,portal login
ACT-0004027,10816,Support Ticket,2023-05-15T19:59:00Z,,,portal login
ACT-0003431,10697,Ticket,2023-09-17T17:41:00Z,,,
ACT-0001515,10311,Ticket,22-Jun-2018 01:44 PM,,,
ACT-0002094,10433,Payment,12-Sep-2019 10:22 AM,3550,USD,escalated: parts delay
ACT-0001163,10236,Invoice,2026-01-17T19:02:00Z,5375,USD,escalated: parts delay
ACT-0003180,10643,Ticket,10/13/2021 13:06,,,escalated: parts delay
ACT-0003227,10653,Support Ticket,2023-10-02T18:13:00Z,,,
ACT-0003861,10781,Invoice,2025-11-13T16:44:00Z,"5,375.00",USD,renewal discussion
ACT-0002466,10506,Login,2022-02-23 19:03:00-05:00,,,
ACT-0000760,10154,Login,2020-12-07T18:26:00Z,,,escalated: parts delay
ACT-0003204,10648,Login,2024-08-09T17:53:00Z,,,escalated: parts delay
ACT-0004761,10963,Call,06/29/2023 17:39,,,portal login
ACT-0001336,10273,Payment,09/09/2019 09:46,-,USD,portal login
ACT-0003077,10623,Login,2019-05-26T19:28:00Z,,,portal login
ACT-0002828,10576,Login,04/12/2024 08:50,,,monthly invoice
ACT-0001253,10257,Ticket,2023-05-26T07:04:00Z,,,monthly invoice
ACT-0001529,10314,Call,2019-01-28T07:01:00Z,,,payment received
ACT-0001279,10262,Support Ticket,2022-08-07T10:47:00Z,,,asked about seat pricing
ACT-0000375,10077,Support Ticket,11/06/2023 16:03,,,renewal discussion
ACT-0002065,10427,Invoice,01/14/2024 11:14,9075.0,USD,payment received
ACT-0003860,10781,Call,02-Feb-2025 01:28 PM,,,
ACT-0003189,10645,Call,07/09/2020 15:33,,,renewal discussion
ACT-0002446,10502,Ticket,2020-02-04 13:47:00-05:00,,,monthly invoice
ACT-0001667,10343,Login,2026-06-23T11:41:00Z,,,
ACT-0002423,10497,Payment,2026-01-11T18:53:00Z,-,USD,portal login
ACT-0004440,10897,Login,03-Jun-2019 05:11 PM,,,portal login
ACT-0001996,10412,Payment,2022-08-28T16:23:00Z,-,USD,escalated: parts delay
ACT-0002684,10546,Invoice,03/04/2020 15:57,8025.0,USD,payment received
ACT-0003508,10710,Ticket,2023-10-08 08:36:00-05:00,,,
ACT-0003724,10753,Ticket,2019-12-03T08:52:00Z,,,payment received
ACT-0002704,10549,INVOICE,05/30/2026 08:42,"3,750.00",USD,escalated: parts delay
ACT-0000256,10050,Payment,12/07/2022 16:27,-,USD,
ACT-0004780,10967,Payment,12/23/2025 11:19,9375.0,USD,payment received
ACT-0003041,10615,Login,07-Feb-2024 09:34 AM,,,asked about seat pricing
ACT-0003902,10789,Payment,2024-02-01 11:08:00-05:00,-,USD,renewal discussion
ACT-0003122,10633,Invoice,2024-03-14T07:11:00Z,"8,950.00",USD,
ACT-0000061,10012,Support Ticket,2017-03-17T07:11:00Z,,,monthly invoice
ACT-0003010,10610,Login,12-Jun-2026 04:35 PM,,,
ACT-0002059,10426,Ticket,11/24/2025 08:37,,,payment received
ACT-0003482,10706,INVOICE,2018-08-01T14:45:00Z,1875,USD,
ACT-0001327,10271,Invoice,2026-05-08T09:19:00Z,-,USD,escalated: parts delay
ACT-0000402,10081,Note,2026-03-07T17:49:00Z,,,escalated: parts delay
ACT-0000845,10173,Invoice,12/11/2024 18:21,-,USD,renewal discussion
ACT-0001237,10253,INVOICE,2020-01-14T14:01:00Z,"8,575.00",USD,monthly invoice
ACT-0003783,10765,Invoice,2021-03-06T13:43:00Z,9025,USD,
ACT-0000485,10099,Login,07/16/2025 12:39,,,escalated: parts delay
ACT-0001935,10402,Login,2026-04-18T09:39:00Z,,,renewal discussion
ACT-0003588,10726,Note,06/21/2026 15:12,,,payment received
ACT-0002003,10413,Payment,10/21/2025 10:30,"1,225.00",USD,monthly invoice
ACT-0000004,10000,Ticket,2019-03-19T19:26:00Z,,,escalated: parts delay
ACT-0004707,10952,Payment,29-Aug-2023 12:41 PM,5775.0,USD,
ACT-0000785,10160,Call,2026-01-29T13:34:00Z,,,
ACT-0003369,10683,Support Ticket,2022-08-04T16:09:00Z,,,asked about seat pricing
ACT-0002809,10573,Payment,10/20/2024 09:58,"6,850.00",USD,monthly invoice
ACT-0002373,10489,Payment,2022-01-16T15:51:00Z,"5,600.00",USD,asked about seat pricing
ACT-0001651,10339,Login,2025-10-06T10:28:00Z,,,monthly invoice
ACT-0004860,10983,INVOICE,05/31/2019 15:47,"6,300.00",USD,
ACT-0002424,10498,Login,12-Jan-2022 11:40 AM,,,escalated: parts delay
ACT-0002427,10499,Ticket,2022-12-29T08:01:00Z,,,renewal discussion
ACT-0001774,10365,Payment,2021-09-20T13:47:00Z,-,USD,escalated: parts delay
ACT-0002445,10502,Login,2022-03-15T12:27:00Z,,,portal login
ACT-0003951,10802,Invoice,2025-03-22T16:05:00Z,-,USD,escalated: parts delay
ACT-0002032,10421,Invoice,2024-08-20T18:33:00Z,-,USD,escalated: parts delay
ACT-0002601,10531,Payment,2021-11-16T09:43:00Z,"4,875.00",USD,escalated: parts delay
ACT-0002179,10449,INVOICE,10/19/2025 18:30,5725,USD,asked about seat pricing
ACT-0004233,10856,Payment,2024-11-21T13:38:00Z,5175,USD,monthly invoice
ACT-0003930,10795,Payment,2023-09-30T18:48:00Z,"3,250.00",USD,portal login
ACT-0001634,10335,Invoice,09/20/2018 13:48,9050.0,USD,escalated: parts delay
ACT-0002130,10439,Payment,25-Jan-2025 06:50 PM,"5,250.00",USD,
ACT-0001572,10323,Login,08/20/2018 09:50,,,portal login
ACT-0001790,10369,Invoice,11/18/2020 10:42,"9,800.00",USD,payment received
ACT-0001937,10402,Note,2021-12-26 17:51:00-05:00,,,portal login
ACT-0001926,10400,Ticket,08/25/2022 07:30,,,escalated: parts delay
ACT-0000575,10117,Payment,2020-08-12T10:47:00Z,3525.0,USD,portal login
ACT-0002744,10558,Ticket,2024-09-03T11:01:00Z,,,
ACT-0004205,10850,Invoice,2026-03-20T08:20:00Z,6100.0,USD,escalated: parts delay
ACT-0000531,10108,Invoice,2017-12-01 12:43:00-05:00,6475.0,USD,monthly invoice
ACT-0000526,10107,Call,2024-04-25T09:08:00Z,,,
ACT-0001244,10255,Login,15-Oct-2024 03:44 PM,,,asked about seat pricing
ACT-0001814,10373,Login,2024-08-03T18:16:00Z,,,renewal discussion
ACT-0003188,10645,Invoice,2020-03-10T14:08:00Z,-,USD,
ACT-0003855,10779,Payment,2024-08-24T12:16:00Z,"6,200.00",USD,portal login
ACT-0001358,10278,Ticket,2025-10-29T14:48:00Z,,,renewal discussion
ACT-0004893,10989,Ticket,2026-07-19T19:51:00Z,,,escalated: parts delay
ACT-0004899,10990,Payment,2017-07-06 09:46:00-05:00,8175.0,USD,renewal discussion
ACT-0002063,10426,Invoice,2025-10-17T17:20:00Z,825,USD,escalated: parts delay
ACT-0001816,10373,Ticket,05-Mar-2026 07:56 PM,,,
ACT-0002495,10511,Support Ticket,2024-02-19T15:33:00Z,,,
ACT-0001102,10225,Payment,03-Dec-2022 08:16 AM,"7,375.00",USD,escalated: parts delay
ACT-0002579,10527,INVOICE,05-Sep-2025 12:09 PM,1975.0,USD,escalated: parts delay
ACT-0000034,10007,Invoice,02/24/2026 13:14,"2,850.00",USD,
ACT-0004697,10950,INVOICE,2025-11-12T11:36:00Z,7525.0,USD,asked about seat pricing
ACT-0002331,10480,Invoice,2026-03-17 10:49:00-05:00,6450.0,USD,monthly invoice
ACT-0001805,10371,Payment,2025-08-11T18:49:00Z,7900.0,USD,asked about seat pricing
ACT-0001968,10407,Invoice,2020-06-04T08:43:00Z,-,USD,renewal discussion
ACT-0002422,10497,Invoice,2026-02-19T19:50:00Z,-,USD,payment received
ACT-0003057,10619,Support Ticket,02/23/2022 18:50,,,portal login
ACT-0000615,10127,Invoice,2020-12-15T13:05:00Z,"7,750.00",USD,monthly invoice
ACT-0000174,10034,INVOICE,2021-02-26T15:25:00Z,-,USD,
ACT-0001598,10329,Login,2026-01-16T17:58:00Z,,,renewal discussion
ACT-0001757,10361,Payment,14-May-2025 05:00 PM,3075.0,USD,escalated: parts delay
ACT-0001345,10276,Login,2020-04-14T12:24:00Z,,,
ACT-0002355,10486,Invoice,12/06/2017 08:42,8625.0,USD,
ACT-0003362,10682,Note,09/05/2019 18:32,,,portal login
ACT-0004056,10820,Support Ticket,2026-06-10T15:49:00Z,,,renewal discussion
ACT-0002271,10467,Payment,2023-05-19T18:35:00Z,"2,750.00",USD,
ACT-0004659,10941,Ticket,01/14/2025 10:18,,,payment received
ACT-0004713,10953,Invoice,05/05/2022 15:26,-,USD,escalated: parts delay
ACT-0001909,10397,Payment,2025-07-18T11:31:00Z,8050,USD,renewal discussion
ACT-0002670,10543,Ticket,06/22/2025 16:55,,,renewal discussion
ACT-0001220,10250,Invoice,2023-12-25 14:16:00-05:00,1700.0,USD,monthly invoice
ACT-0001144,10233,Invoice,2024-01-29T13:22:00Z,-,USD,payment received
ACT-0003048,10617,Invoice,2026-08-05T10:37:00Z,"2,075.00",USD,escalated: parts delay
ACT-0002478,10508,Invoice,07-Mar-2023 06:46 PM,6150,USD,monthly invoice
ACT-0000076,10016,Ticket,2023-10-20 17:05:00-05:00,,,payment received
ACT-0003787,10766,Login,2019-06-13T16:57:00Z,,,
ACT-0002153,10443,Payment,2017-06-23 16:47:00-05:00,"7,675.00",USD,renewal discussion
ACT-0002088,10431,Invoice,2022-03-23T13:01:00Z,-,USD,asked about seat pricing
ACT-0000184,10036,Invoice,12/25/2025 13:55,3300,USD,
ACT-0004502,10911,Invoice,2022-03-15T13:39:00Z,3800,USD,escalated: parts delay
ACT-0000923,10189,Invoice,13-Sep-2018 01:42 PM,6975,USD,asked about seat pricing
ACT-0000188,10036,Note,2025-11-18T19:05:00Z,,,
ACT-0003422,10695,Invoice,01/29/2023 16:46,4350,USD,
ACT-0002303,10475,Invoice,2023-01-13T09:30:00Z,1050,USD,
ACT-0001354,10278,Login,03/04/2025 09:20,,,escalated: parts delay
ACT-0001431,10296,Invoice,08-Feb-2021 08:46 AM,-,USD,
ACT-0004424,10895,Login,2023-01-29T17:01:00Z,,,escalated: parts delay
ACT-0003578,10725,Payment,01/19/2026 07:23,"9,750.00",USD,portal login
ACT-0003973,10806,Ticket,2018-07-12T12:51:00Z,,,asked about seat pricing
ACT-0001320,10270,Note,2024-06-12T18:14:00Z,,,payment received
ACT-0000794,10162,Login,2025-12-29T10:01:00Z,,,
ACT-0000516,10105,Note,2019-11-17T19:34:00Z,,,
ACT-0004259,10862,Invoice,07/19/2020 11:24,5725.0,USD,escalated: parts delay
ACT-0001416,10293,Support Ticket,2018-08-10T12:36:00Z,,,escalated: parts delay
ACT-0004108,10831,Ticket,2019-10-25T08:25:00Z,,,renewal discussion
ACT-0002529,10518,Note,2019-11-12 18:52:00-05:00,,,asked about seat pricing
ACT-0001827,10377,Invoice,2017-10-09T10:39:00Z,1175,USD,portal login
ACT-0001880,10389,Invoice,03/29/2021 07:57,-,USD,portal login
ACT-0000424,10086,Note,2026-05-02T15:39:00Z,,,payment received
ACT-0001234,10253,Login,07/07/2020 12:16,,,
ACT-0003779,10765,Login,2022-01-22T10:40:00Z,,,asked about seat pricing
ACT-0003768,10762,Invoice,2023-09-18 18:28:00-05:00,475.0,USD,
ACT-0002308,10476,Login,2026-05-31T12:02:00Z,,,escalated: parts delay
ACT-0003834,10775,Payment,2024-11-07T08:04:00Z,9200,USD,monthly invoice
ACT-0004414,10893,Support Ticket,2022-07-22T19:13:00Z,,,payment received
ACT-0001401,10289,Ticket,04/06/2026 19:02,,,payment received
ACT-0001064,10217,Invoice,2024-01-16T19:38:00Z,"4,325.00",USD,portal login
ACT-0001673,10343,Invoice,01-Aug-2026 10:33 AM,3350.0,USD,payment received
ACT-0004206,10850,Ticket,2026-02-20 11:22:00-05:00,,,payment received
ACT-0001128,10229,Login,03/25/2017 17:39,,,portal login
ACT-0004669,10944,Payment,2024-05-04 16:07:00-05:00,-,USD,monthly invoice
ACT-0000471,10095,Payment,12/31/2017 14:45,5225,USD,portal login
ACT-0000572,10117,Invoice,2022-10-21T07:26:00Z,4925.0,USD,escalated: parts delay
ACT-0003921,10793,Login,2025-12-06T17:30:00Z,,,
ACT-0004240,10858,Invoice,02/25/2026 13:10,6925,USD,payment received
ACT-0004766,10963,Payment,2018-06-22T09:09:00Z,200,USD,escalated: parts delay
ACT-0002861,10583,Note,2025-04-05T11:55:00Z,,,escalated: parts delay
ACT-0004069,10823,Call,11-Jul-2026 07:30 AM,,,escalated: parts delay
ACT-0002029,10420,Note,09-Jul-2022 05:12 PM,,,renewal discussion
ACT-0002035,10421,Payment,2022-04-06T17:26:00Z,"6,025.00",USD,
ACT-0003991,10809,Invoice,2022-02-11T17:45:00Z,5975.0,USD,portal login
ACT-0002173,10448,Support Ticket,2025-01-19T15:58:00Z,,,portal login
ACT-0004319,10874,Payment,2023-10-08T12:39:00Z,8150,USD,portal login
ACT-0003165,10641,Call,26-Jul-2021 03:07 PM,,,escalated: parts delay
ACT-0002521,10516,Invoice,2021-10-06T13:36:00Z,"1,350.00",USD,asked about seat pricing
ACT-0004093,10828,Ticket,2020-10-27T13:08:00Z,,,renewal discussion
ACT-0002412,10495,Invoice,2018-06-20T09:58:00Z,9600.0,USD,payment received
ACT-0004817,10975,Invoice,2021-07-05 17:34:00-05:00,-,USD,renewal discussion
ACT-0000997,10206,Invoice,2025-10-13T16:22:00Z,5850.0,USD,escalated: parts delay
ACT-0004422,10895,INVOICE,2022-08-15T18:31:00Z,4325,USD,monthly invoice
ACT-0000747,10152,Invoice,2020-10-24T15:47:00Z,825.00,USD,
ACT-0004799,10972,Support Ticket,12/03/2024 10:37,,,portal login
ACT-0003789,10766,Call,2020-09-06T19:09:00Z,,,escalated: parts delay
ACT-0000803,10164,Login,2023-04-01T17:13:00Z,,,monthly invoice
ACT-0003372,10684,Payment,2024-10-02 17:11:00-05:00,"7,075.00",USD,
ACT-0002833,10577,Invoice,2025-10-26T15:32:00Z,9050,USD,
ACT-0000143,10028,Payment,2025-09-15T19:23:00Z,4075.0,USD,
ACT-0001142,10232,INVOICE,2024-05-17T12:28:00Z,7000.0,USD,escalated: parts delay
ACT-0003055,10619,Call,2021-08-10T17:25:00Z,,,escalated: parts delay
ACT-0002297,10473,Payment,02/10/2026 08:06,375.00,USD,
ACT-0000505,10103,Login,2021-03-30T16:21:00Z,,,
ACT-0003070,10622,Login,2020-09-30T18:34:00Z,,,asked about seat pricing
ACT-0000951,10194,Note,2017-12-03 13:07:00-05:00,,,asked about seat pricing
ACT-0001734,10355,Support Ticket,07/06/2019 13:41,,,renewal discussion
ACT-0000687,10141,Invoice,03/06/2020 08:19,"8,025.00",USD,
ACT-0000442,10089,Note,2024-08-20T16:58:00Z,,,portal login
ACT-0004010,10813,Invoice,2023-01-08 08:19:00-05:00,"6,425.00",USD,
ACT-0000344,10071,Support Ticket,05/24/2025 13:13,,,portal login
ACT-0000470,10095,Invoice,2018-06-27T16:09:00Z,-,USD,portal login
ACT-0000066,10014,Invoice,19-Dec-2023 07:30 PM,1975,USD,portal login
ACT-0003843,10776,Login,2024-03-28T19:17:00Z,,,
ACT-0001994,10412,Login,04/18/2024 10:24,,,
ACT-0001620,10332,Note,2019-06-03 09:43:00-05:00,,,portal login
ACT-0001588,10327,Payment,2026-06-27 14:49:00-05:00,-,USD,renewal discussion
ACT-0004842,10979,Login,2025-07-30T17:04:00Z,,,asked about seat pricing
ACT-0000292,10058,Login,11/03/2021 10:55,,,asked about seat pricing
ACT-0000303,10061,Invoice,2021-02-15T12:59:00Z,2950.0,USD,escalated: parts delay
ACT-0000119,10024,Invoice,03/20/2020 11:52,7300,USD,
ACT-0001448,10299,Call,2018-12-08T10:01:00Z,,,asked about seat pricing
ACT-0004544,10918,INVOICE,07-Oct-2018 01:14 PM,"4,700.00",USD,monthly invoice
ACT-0001703,10348,Support Ticket,2021-10-02 15:36:00-05:00,,,
ACT-0004016,10815,Support Ticket,2020-04-15T17:05:00Z,,,monthly invoice
ACT-0000291,10058,Support Ticket,06/16/2017 08:44,,,renewal discussion
ACT-0000392,10080,Ticket,2021-05-17T08:50:00Z,,,monthly invoice
ACT-0000586,10119,Payment,2021-12-08T15:38:00Z,"5,275.00",USD,
ACT-0002827,10576,Call,2024-05-03 13:01:00-05:00,,,portal login
ACT-0002080,10429,Payment,2024-04-30T18:31:00Z,"5,750.00",USD,escalated: parts delay
ACT-0000908,10186,INVOICE,2023-02-11T16:36:00Z,325,USD,payment received
ACT-0001209,10247,Invoice,06/16/2021 08:30,-,USD,monthly invoice
ACT-0002211,10456,Call,30-Oct-2023 04:24 PM,,,asked about seat pricing
ACT-0004344,10880,Invoice,08/12/2025 15:14,-,USD,
ACT-0000239,10046,Invoice,05/05/2024 11:58,7025,USD,monthly invoice
ACT-0002732,10556,Invoice,26-Oct-2020 07:35 AM,-,USD,renewal discussion
ACT-0000765,10155,Invoice,01/12/2025 15:23,4300,USD,portal login
ACT-0001422,10295,Support Ticket,24-May-2026 01:10 PM,,,escalated: parts delay
ACT-0003681,10745,Login,2017-12-05T19:13:00Z,,,portal login
ACT-0002410,10495,Login,2019-04-11T11:12:00Z,,,
ACT-0001791,10369,Invoice,2020-12-23 10:17:00-05:00,"1,800.00",USD,escalated: parts delay
ACT-0003073,10623,Login,2023-07-03 12:44:00-05:00,,,
ACT-0001030,10211,Invoice,10-Nov-2020 07:44 AM,6025,USD,asked about seat pricing
ACT-0003295,10669,Login,09/29/2020 10:51,,,escalated: parts delay
ACT-0002389,10492,Payment,10/10/2018 07:40,"3,850.00",USD,payment received
ACT-0002819,10575,Call,11/24/2020 18:44,,,portal login
ACT-0003700,10749,Invoice,2018-10-03T19:29:00Z,3425,USD,monthly invoice
ACT-0003988,10808,Invoice,2026-06-14T08:04:00Z,1325.0,USD,
ACT-0004336,10877,Invoice,2018-02-04 07:38:00-05:00,-,USD,
ACT-0000180,10035,Ticket,09-Mar-2023 03:16 PM,,,payment received
ACT-0001356,10278,Payment,2025-03-04T10:39:00Z,2450.0,USD,
ACT-0004918,10994,Invoice,2025-12-31T17:20:00Z,"4,400.00",USD,
ACT-0001152,10235,Payment,15-Nov-2025 08:53 AM,9475,USD,portal login
ACT-0002004,10413,Login,2026-01-01T07:47:00Z,,,portal login
ACT-0002318,10477,Invoice,2022-12-19T08:00:00Z,-,USD,renewal discussion
ACT-0004901,10990,Invoice,2018-08-15T08:26:00Z,"5,675.00",USD,renewal discussion
ACT-0001104,10225,Invoice,2019-06-24 17:06:00-05:00,6850.0,USD,monthly invoice
ACT-0004513,10912,Payment,2026-04-06T14:15:00Z,-,USD,renewal discussion
ACT-0004355,10882,Payment,2018-11-22T11:09:00Z,-,USD,renewal discussion
ACT-0002275,10468,Login,2020-06-11T13:44:00Z,,,monthly invoice
ACT-0004607,10930,Support Ticket,2026-06-14T13:42:00Z,,,renewal discussion
ACT-0002812,10574,Invoice,07/28/2026 10:00,"7,275.00",USD,renewal discussion
ACT-0002950,10598,Payment,2024-01-09T08:58:00Z,2700,USD,
ACT-0002301,10475,Invoice,2023-02-15T11:04:00Z,"2,825.00",USD,renewal discussion
ACT-0003121,10632,Note,03-Mar-2019 11:54 AM,,,renewal discussion
ACT-0000561,10115,Login,02/20/2022 08:34,,,renewal discussion
ACT-0004084,10827,Note,2026-05-29T07:53:00Z,,,portal login
ACT-0004473,10905,Invoice,2025-02-20T19:48:00Z,7775.0,USD,portal login
ACT-0001411,10292,Support Ticket,18-Jan-2023 02:52 PM,,,
ACT-0000647,10133,Payment,10/29/2023 14:41,3325.0,USD,
ACT-0004451,10900,Note,2026-02-25T16:27:00Z,,,
ACT-0000625,10129,Payment,2023-07-23 15:08:00-05:00,3850.0,USD,asked about seat pricing
ACT-0003986,10808,INVOICE,12-Jun-2026 03:48 PM,"4,775.00",USD,renewal discussion
ACT-0000684,10141,Invoice,08/15/2020 13:29,-,USD,portal login
ACT-0000828,10170,Note,01/09/2025 12:04,,,escalated: parts delay
ACT-0000884,10183,Payment,2025-09-27T19:34:00Z,-,USD,payment received
ACT-0002903,10590,Login,2024-07-14T07:21:00Z,,,payment received
ACT-0003447,10700,INVOICE,2024-09-04 17:43:00-05:00,8575,USD,renewal discussion
ACT-0003794,10767,Ticket,2019-10-31T17:25:00Z,,,
ACT-0003377,10685,Note,2021-11-28T08:51:00Z,,,renewal discussion
ACT-0002569,10525,Invoice,2026-07-01T14:23:00Z,9650,USD,monthly invoice
ACT-0000666,10137,Ticket,2022-06-15 12:23:00-05:00,,,monthly invoice
ACT-0004926,10996,Login,08/24/2022 10:41,,,escalated: parts delay
ACT-0003535,10717,Login,12/15/2022 11:01,,,escalated: parts delay
ACT-0004040,10818,Call,2022-05-27T12:58:00Z,,,asked about seat pricing
ACT-0002624,10535,INVOICE,17-Mar-2025 11:40 AM,9400.0,USD,portal login
ACT-0002334,10481,Payment,2021-08-27T15:05:00Z,225.0,USD,
ACT-0004179,10846,Login,2025-08-24T14:28:00Z,,,escalated: parts delay
ACT-0002574,10525,Note,19-Jun-2026 09:53 AM,,,renewal discussion
ACT-0003619,10731,Payment,2022-12-10T19:02:00Z,"7,600.00",USD,
ACT-0003397,10690,Ticket,22-Jan-2025 07:18 PM,,,
ACT-0004445,10898,Login,03/15/2021 19:42,,,portal login
ACT-0000103,10021,Support Ticket,12/21/2025 15:25,,,renewal discussion
ACT-0003105,10629,Support Ticket,2022-09-21T11:43:00Z,,,renewal discussion
ACT-0002194,10451,Payment,2021-05-01T17:42:00Z,"5,125.00",USD,monthly invoice
ACT-0004650,10939,Payment,20-Nov-2024 07:44 PM,"5,825.00",USD,escalated: parts delay
ACT-0000110,10023,Support Ticket,2023-02-17T15:18:00Z,,,
ACT-0003963,10804,Ticket,06-Feb-2024 01:13 PM,,,
ACT-0001862,10384,Login,2022-08-20T14:13:00Z,,,asked about seat pricing
ACT-0001924,10399,Invoice,12/26/2021 16:14,"3,200.00",USD,renewal discussion
ACT-0001978,10409,Note,2018-05-02T08:08:00Z,,,
ACT-0001863,10385,Payment,03/07/2019 13:18,3550.0,USD,monthly invoice
ACT-0000135,10027,Payment,05/30/2023 17:29,-,USD,portal login
ACT-0001150,10235,Ticket,2025-11-30T17:33:00Z,,,
ACT-0002383,10491,Ticket,11/27/2024 08:08,,,escalated: parts delay
ACT-0000887,10183,Login,18-Sep-2025 07:44 PM,,,monthly invoice
ACT-0002902,10590,Invoice,28-Dec-2024 01:05 PM,"7,675.00",USD,payment received
ACT-0002971,10603,Payment,2023-05-07T17:42:00Z,5550.0,USD,
ACT-0003627,10733,Login,2021-12-08T07:37:00Z,,,asked about seat pricing
ACT-0002889,10588,Note,03/23/2021 15:52,,,escalated: parts delay
ACT-0003040,10615,Ticket,2021-08-21T16:34:00Z,,,escalated: parts delay
ACT-0001758,10361,Invoice,12/28/2024 12:40,3925,USD,
ACT-0002834,10577,Payment,2025-05-04 11:01:00-05:00,5200,USD,portal login
ACT-0001644,10338,Login,2024-10-12T19:56:00Z,,,escalated: parts delay
ACT-0001207,10246,Ticket,2026-04-03T17:13:00Z,,,asked about seat pricing
ACT-0001684,10345,Note,2024-08-07T18:47:00Z,,,
ACT-0002343,10483,Invoice,29-Nov-2019 07:32 AM,8125.0,USD,monthly invoice
ACT-0004675,10945,Payment,28-Jan-2021 05:23 PM,8375.0,USD,escalated: parts delay
ACT-0002347,10485,Note,29-Aug-2024 07:47 AM,,,escalated: parts delay
ACT-0001669,10343,Invoice,02-Jul-2026 01:08 PM,4475,USD,renewal discussion
ACT-0004511,10912,Payment,2025-10-01 19:24:00-05:00,9400.0,USD,escalated: parts delay
ACT-0000051,10010,Invoice,2022-05-18 16:04:00-05:00,1200,USD,portal login
ACT-0000127,10025,Login,22-Aug-2019 07:17 AM,,,monthly invoice
ACT-0000495,10101,Ticket,2022-02-17T08:07:00Z,,,payment received
ACT-0000073,10015,Note,21-Jan-2022 03:55 PM,,,payment received
ACT-0001366,10281,Invoice,2018-03-11T08:46:00Z,-,USD,payment received
ACT-0003602,10729,Support Ticket,2020-02-03T08:54:00Z,,,portal login
ACT-0004155,10840,Ticket,07/28/2026 16:04,,,escalated: parts delay
ACT-0002695,10548,Login,10/11/2025 12:37,,,asked about seat pricing
ACT-0004324,10875,INVOICE,2022-03-13T11:52:00Z,7375,USD,renewal discussion
ACT-0001894,10392,Invoice,2022-11-24T19:39:00Z,200,USD,asked about seat pricing
ACT-0004625,10932,Payment,2020-06-29 12:31:00-05:00,3650.0,USD,monthly invoice
ACT-0004476,10905,Login,2025-03-26T08:23:00Z,,,escalated: parts delay
ACT-0002818,10575,Ticket,2021-03-24T18:54:00Z,,,monthly invoice
ACT-0002907,10590,Payment,2022-06-26 13:15:00-05:00,6575.0,USD,asked about seat pricing
ACT-0003385,10686,Payment,2019-04-20T18:00:00Z,2325.0,USD,
ACT-0003824,10772,Support Ticket,02/01/2018 12:52,,,asked about seat pricing
ACT-0000219,10042,Invoice,03-Jun-2023 11:07 AM,"4,100.00",USD,escalated: parts delay
ACT-0002107,10436,Login,04/08/2024 17:19,,,portal login
ACT-0003278,10665,Support Ticket,01/08/2025 13:19,,,portal login
ACT-0001186,10242,Invoice,2022-01-15T11:25:00Z,9425,USD,monthly invoice
ACT-0000029,10005,Note,11-Oct-2025 08:27 AM,,,
ACT-0001419,10294,Note,04/26/2019 11:20,,,monthly invoice
ACT-0004241,10858,Invoice,01-Aug-2026 09:54 AM,3150.0,USD,asked about seat pricing
ACT-0001726,10353,Payment,04-May-2026 04:43 PM,-,USD,
ACT-0003701,10750,Payment,01/07/2022 13:11,"2,500.00",USD,monthly invoice
ACT-0003987,10808,Invoice,2026-06-10T16:22:00Z,"7,275.00",USD,escalated: parts delay
ACT-0001180,10240,Call,10/25/2025 19:54,,,escalated: parts delay
ACT-0004531,10916,Invoice,06/24/2024 10:16,4325,USD,asked about seat pricing
ACT-0001441,10298,Invoice,22-Jul-2024 11:48 AM,6650,USD,escalated: parts delay
ACT-0002887,10588,Support Ticket,2020-12-04 19:34:00-05:00,,,renewal discussion
ACT-0000815,10166,Login,2025-07-14 09:58:00-05:00,,,asked about seat pricing
ACT-0000538,10110,Support Ticket,07-Apr-2025 01:40 PM,,,asked about seat pricing
ACT-0003319,10674,Login,2021-11-04T16:22:00Z,,,renewal discussion
ACT-0002614,10533,Login,2022-05-03 14:57:00-05:00,,,
ACT-0000477,10096,Login,2023-08-22T10:14:00Z,,,payment received
ACT-0004758,10962,Login,2021-01-30T07:23:00Z,,,monthly invoice
ACT-0001216,10249,Invoice,12/17/2025 09:41,7225.0,USD,
ACT-0001261,10258,Note,2025-07-30T16:53:00Z,,,renewal discussion
ACT-0002575,10525,Invoice,04/10/2026 16:29,"9,225.00",USD,asked about seat pricing
ACT-0001872,10387,Payment,2026-01-10 11:54:00-05:00,"2,675.00",USD,
ACT-0002398,10493,Note,2018-02-11 18:16:00-05:00,,,escalated: parts delay
ACT-0002418,10497,Login,08-Jan-2026 06:44 PM,,,payment received
ACT-0000131,10027,Call,2023-08-12T19:28:00Z,,,
ACT-0003098,10628,Invoice,2025-06-03T12:13:00Z,-,USD,asked about seat pricing
ACT-0001526,10313,INVOICE,2023-04-10 19:51:00-05:00,-,USD,renewal discussion
ACT-0001985,10409,Note,2019-10-07T15:26:00Z,,,renewal discussion
ACT-0000796,10163,Invoice,2023-03-24T15:39:00Z,-,USD,payment received
ACT-0002116,10437,Note,2020-08-05T13:20:00Z,,,escalated: parts delay
ACT-0003011,10610,Payment,11/18/2025 08:21,1725.0,USD,renewal discussion
ACT-0002718,10553,Invoice,08/30/2018 10:12,"5,875.00",USD,monthly invoice
ACT-0002837,10578,Ticket,2024-03-28T19:29:00Z,,,payment received
ACT-0003979,10807,Support Ticket,2022-12-08T13:45:00Z,,,portal login
ACT-0002285,10470,Ticket,06/12/2026 07:00,,,payment received
ACT-0004413,10893,Payment,2022-11-15T15:15:00Z,2425,USD,renewal discussion
ACT-0004201,10849,Ticket,03/28/2025 14:32,,,portal login
ACT-0002384,10491,Invoice,16-Jul-2022 11:08 AM,9525,USD,monthly invoice
ACT-0003008,10609,Invoice,2023-05-21 19:20:00-05:00,-,USD,monthly invoice
ACT-0002606,10532,Payment,11-Jan-2024 10:29 AM,-,USD,payment received
ACT-0003404,10691,Invoice,09/21/2025 19:55,1375.0,USD,renewal discussion
ACT-0002982,10604,Invoice,2025-12-29 08:43:00-05:00,-,USD,monthly invoice
ACT-0004928,10996,Support Ticket,09-Mar-2022 03:05 PM,,,payment received
ACT-0001876,10388,Payment,2021-03-05 18:59:00-05:00,"2,800.00",USD,
ACT-0001992,10411,Note,29-Jul-2023 12:25 PM,,,portal login
ACT-0004633,10933,Note,05-Jul-2021 07:57 AM,,,monthly invoice
ACT-0003997,10811,Invoice,2019-05-17 09:08:00-05:00,9875.0,USD,renewal discussion
ACT-0002913,10591,Ticket,2024-06-04T11:39:00Z,,,
ACT-0000278,10055,Ticket,02-Apr-2019 04:04 PM,,,portal login
ACT-0004058,10821,Note,30-Aug-2021 11:16 AM,,,escalated: parts delay
ACT-0001286,10265,Ticket,2023-07-07 07:34:00-05:00,,,monthly invoice
ACT-0004171,10844,Payment,2024-12-31T16:01:00Z,7700.0,USD,
ACT-0002580,10527,Note,12-Aug-2025 07:56 AM,,,renewal discussion
ACT-0002600,10531,Invoice,2018-10-31T19:55:00Z,-,USD,
ACT-0004640,10935,Ticket,2025-11-19T09:43:00Z,,,
ACT-0000261,10051,Support Ticket,2023-07-12T08:11:00Z,,,monthly invoice
ACT-0003270,10663,Invoice,2023-02-14T10:23:00Z,6300,USD,
ACT-0002558,10522,Invoice,25-Feb-2026 08:11 AM,"2,675.00",USD,asked about seat pricing
ACT-0002653,10540,Ticket,2025-01-05T11:35:00Z,,,monthly invoice
ACT-0002661,10542,Invoice,17-Apr-2020 07:39 AM,-,USD,renewal discussion
ACT-0000001,10000,Ticket,2018-09-06 10:55:00-05:00,,,monthly invoice
ACT-0004812,10975,Login,2021-10-13T16:59:00Z,,,
ACT-0004548,10918,Invoice,01/05/2019 09:29,"4,450.00",USD,
ACT-0004634,10934,Login,2019-12-12T10:37:00Z,,,
ACT-0002734,10556,Invoice,2018-09-21T18:30:00Z,-,USD,portal login
ACT-0000190,10037,Support Ticket,2021-08-17T17:45:00Z,,,payment received
ACT-0002263,10466,Payment,2026-06-08T09:27:00Z,5150.0,USD,payment received
ACT-0002571,10525,Ticket,2026-04-05T10:06:00Z,,,
ACT-0001132,10230,Payment,2022-05-31T19:59:00Z,"4,850.00",USD,payment received
ACT-0000316,10063,INVOICE,12/17/2020 17:29,3675,USD,
ACT-0004525,10915,Note,01/14/2026 08:11,,,monthly invoice
ACT-0004863,10984,Payment,10/22/2025 17:55,-,USD,renewal discussion
ACT-0000528,10107,Invoice,2023-08-29T18:31:00Z,7475.0,USD,
ACT-0000805,10164,Note,2024-02-02T07:31:00Z,,,escalated: parts delay
ACT-0003093,10628,Support Ticket,08/06/2024 11:12,,,payment received
ACT-0004472,10905,Payment,2022-12-17 16:28:00-05:00,"4,475.00",USD,portal login
ACT-0000447,10090,Payment,02/24/2024 19:52,850.00,USD,
ACT-0000136,10027,Note,2023-06-06T12:07:00Z,,,
ACT-0002690,10547,Payment,2022-11-22 08:18:00-05:00,-,USD,asked about seat pricing
ACT-0002747,10559,Payment,2023-01-19 08:54:00-05:00,3500,USD,
ACT-0002199,10453,Ticket,06/01/2019 14:01,,,payment received
ACT-0002075,10428,Note,08/12/2023 09:43,,,
ACT-0004877,10986,Payment,01/03/2022 14:28,775.00,USD,monthly invoice
ACT-0002768,10566,Ticket,24-Apr-2021 01:37 PM,,,escalated: parts delay
ACT-0000026,10005,Payment,2023-11-01T19:23:00Z,-,USD,monthly invoice
ACT-0002737,10556,Payment,2018-09-17T07:09:00Z,2400.0,USD,portal login
ACT-0000672,10139,Ticket,2019-09-21T18:43:00Z,,,renewal discussion
ACT-0001100,10225,Invoice,07/15/2020 17:07,-,USD,renewal discussion
ACT-0001466,10302,Invoice,2024-06-27T07:14:00Z,-,USD,
ACT-0004831,10978,Invoice,2019-06-16T13:06:00Z,1550,USD,payment received
ACT-0000401,10081,Invoice,10/18/2025 18:30,"3,550.00",USD,monthly invoice
ACT-0002924,10593,Invoice,2021-08-05T07:19:00Z,-,USD,renewal discussion
ACT-0003969,10804,Invoice,2022-05-22T10:03:00Z,3550,USD,
ACT-0000580,10118,Call,09/10/2025 15:03,,,
ACT-0002748,10559,Payment,2024-03-17T09:56:00Z,6300,USD,monthly invoice
ACT-0001450,10300,Support Ticket,07/13/2019 16:36,,,asked about seat pricing
ACT-0001433,10297,Invoice,2023-05-23T14:10:00Z,6700.0,USD,
ACT-0000416,10084,Support Ticket,2024-01-23T09:05:00Z,,,portal login
ACT-0004254,10861,Note,03/21/2025 13:37,,,monthly invoice
ACT-0002044,10423,Payment,04/25/2024 18:45,-,USD,payment received
ACT-0000987,10203,Payment,04/30/2026 08:09,3350.0,USD,renewal discussion
ACT-0001107,10226,Ticket,2020-10-29 08:18:00-05:00,,,monthly invoice
ACT-0002565,10523,Invoice,10/22/2025 17:04,-,USD,escalated: parts delay
ACT-0000927,10189,Invoice,2018-07-18 10:23:00-05:00,6100.0,USD,renewal discussion
ACT-0004598,10928,Invoice,06/23/2021 13:34,"2,500.00",USD,escalated: parts delay
ACT-0002265,10467,Payment,2023-03-06T17:09:00Z,200.00,USD,payment received
ACT-0000552,10112,Note,04/07/2024 19:05,,,
ACT-0003418,10693,Payment,2018-04-21T10:17:00Z,6350.0,USD,
ACT-0001460,10301,Payment,2022-12-21 11:21:00-05:00,4075.0,USD,
ACT-0004903,10991,Payment,03/21/2026 09:52,"9,225.00",USD,payment received
ACT-0000814,10166,Note,2025-07-12 17:07:00-05:00,,,
ACT-0000282,10056,Invoice,2020-08-07T12:55:00Z,9325.0,USD,
ACT-0002989,10605,Invoice,05/26/2020 11:01,-,USD,asked about seat pricing
ACT-0004199,10849,Payment,04/08/2025 08:52,1025.0,USD,renewal discussion
ACT-0004341,10879,Invoice,09/02/2021 17:21,1400.0,USD,payment received
ACT-0003106,10630,Payment,12-May-2019 07:39 AM,8600.0,USD,monthly invoice
ACT-0002292,10472,Invoice,2026-06-13T11:41:00Z,8000,USD,
ACT-0003806,10770,Note,2022-04-27T13:40:00Z,,,portal login
ACT-0003438,10698,Payment,11/14/2020 07:12,4350.0,USD,
ACT-0002467,10506,Login,2022-01-16 17:38:00-05:00,,,monthly invoice
ACT-0001476,10304,Invoice,2025-06-15 14:57:00-05:00,4550.0,USD,
ACT-0003598,10728,Call,10/13/2019 17:07,,,asked about seat pricing
ACT-0002954,10599,Login,19-Jun-2021 07:12 AM,,,
ACT-0003499,10709,Note,2019-08-20T12:16:00Z,,,asked about seat pricing
ACT-0000753,10153,Call,2023-03-09T12:18:00Z,,,renewal discussion
ACT-0000187,10036,Support Ticket,2025-11-15T13:01:00Z,,,escalated: parts delay
ACT-0001990,10410,Invoice,2016-12-07T15:12:00Z,-,USD,portal login
ACT-0001836,10378,Note,20-Oct-2022 07:43 AM,,,escalated: parts delay
ACT-0003288,10668,Payment,2025-03-10T19:52:00Z,-,USD,
ACT-0001946,10403,Invoice,2023-10-27T16:48:00Z,-,USD,asked about seat pricing
ACT-0001689,10346,Login,08/19/2025 16:46,,,asked about seat pricing
ACT-0002750,10560,Invoice,06/29/2026 13:50,2925.0,USD,escalated: parts delay
ACT-0003196,10646,Ticket,2024-09-12 19:06:00-05:00,,,renewal discussion
ACT-0003711,10751,Invoice,11-Aug-2024 05:09 PM,5725,USD,renewal discussion
ACT-0003162,10641,Invoice,2021-05-08T13:46:00Z,400.00,USD,portal login
ACT-0000281,10056,Invoice,2020-08-01T15:13:00Z,6475,USD,
ACT-0002392,10492,Ticket,2024-01-19T08:55:00Z,,,asked about seat pricing
ACT-0001384,10286,Ticket,15-Nov-2023 02:26 PM,,,
ACT-0004126,10833,Payment,2021-02-16T19:25:00Z,"9,950.00",USD,portal login
ACT-0004909,10991,Payment,2026-03-21 08:59:00-05:00,-,USD,
ACT-0000295,10059,Login,2026-05-28T10:01:00Z,,,
ACT-0003788,10766,Support Ticket,2020-03-27T13:12:00Z,,,payment received
ACT-0003668,10742,Payment,01/18/2025 09:31,4900.0,USD,
ACT-0004453,10900,Payment,2026-04-09T09:31:00Z,"9,200.00",USD,escalated: parts delay
ACT-0004517,10913,Payment,2023-02-11 15:08:00-05:00,2875,USD,asked about seat pricing
ACT-0003782,10765,Payment,11/26/2024 19:15,5550,USD,portal login
ACT-0001399,10289,Login,05/24/2026 18:22,,,portal login
ACT-0003410,10692,Support Ticket,2023-06-29 18:03:00-05:00,,,monthly invoice
ACT-0002150,10443,Note,2020-02-07T12:44:00Z,,,monthly invoice
ACT-0003759,10760,Payment,2022-05-30 10:42:00-05:00,-,USD,portal login
ACT-0003412,10693,Payment,2018-04-19 10:29:00-05:00,-,USD,monthly invoice
ACT-0000564,10115,Support Ticket,2022-05-03T16:38:00Z,,,
ACT-0004915,10993,Payment,2024-01-27T11:35:00Z,300.00,USD,
ACT-0001890,10391,Invoice,05/26/2025 17:12,-,USD,escalated: parts delay
ACT-0003915,10792,Payment,2023-08-27 10:35:00-05:00,"1,275.00",USD,
ACT-0000898,10185,Login,01-Feb-2020 06:52 PM,,,portal login
ACT-0000577,10117,Support Ticket,2019-03-31T14:36:00Z,,,renewal discussion
ACT-0002730,10555,Payment,2019-03-19T15:32:00Z,4000.0,USD,payment received
ACT-0002379,10490,INVOICE,2022-03-10T14:33:00Z,7125.0,USD,
ACT-0001270,10261,Invoice,01/04/2024 09:33,-,USD,monthly invoice
ACT-0000195,10038,Invoice,2021-09-30T12:01:00Z,5150.0,USD,payment received
ACT-0000653,10134,Login,31-Mar-2020 12:59 PM,,,monthly invoice
ACT-0003825,10772,Payment,2021-10-21T17:05:00Z,9775.0,USD,escalated: parts delay
ACT-0001022,10210,Payment,2025-01-09T09:27:00Z,7900.0,USD,
ACT-0002284,10470,Ticket,2018-09-14T09:14:00Z,,,renewal discussion
ACT-0004176,10846,Login,2025-08-25 17:38:00-05:00,,,escalated: parts delay
ACT-0004086,10827,Invoice,05/30/2026 15:46,"1,825.00",USD,
ACT-0000101,10020,Invoice,23-Aug-2024 04:39 PM,-,USD,payment received
ACT-0004415,10893,Invoice,2020-06-09T18:12:00Z,"5,075.00",USD,monthly invoice
ACT-0004878,10986,Invoice,2023-08-02T11:43:00Z,-,USD,
ACT-0004104,10831,Payment,17-Dec-2019 04:28 PM,8525.0,USD,
ACT-0001810,10372,Call,2021-01-11T15:10:00Z,,,payment received
ACT-0001963,10406,INVOICE,2018-07-27T09:52:00Z,5850.0,USD,portal login
ACT-0000269,10053,Note,26-Nov-2021 01:43 PM,,,
ACT-0000937,10191,Call,2022-02-13T17:33:00Z,,,
ACT-0000775,10158,Login,07/30/2017 16:34,,,escalated: parts delay
ACT-0003672,10743,Ticket,2021-03-14 18:42:00-05:00,,,payment received
ACT-0001910,10398,Login,06-Sep-2025 08:47 AM,,,
ACT-0003425,10696,Login,2023-02-14T14:49:00Z,,,
ACT-0003967,10804,Call,2024-09-21T08:26:00Z,,,
ACT-0004268,10863,Ticket,2020-05-03T17:02:00Z,,,monthly invoice
ACT-0000403,10081,INVOICE,2025-12-16T16:45:00Z,9450.0,USD,renewal discussion
ACT-0002731,10555,INVOICE,2021-08-25 19:09:00-05:00,3825,USD,escalated: parts delay
ACT-0001255,10257,Ticket,2025-02-28T14:44:00Z,,,renewal discussion
ACT-0002547,10520,Invoice,2020-11-30T18:27:00Z,"9,250.00",USD,
ACT-0004346,10880,Call,2026-02-15T19:58:00Z,,,monthly invoice
ACT-0001367,10281,Invoice,2019-05-20T12:37:00Z,6075,USD,escalated: parts delay
ACT-0004641,10935,Invoice,11-Feb-2026 10:47 AM,4925.0,USD,escalated: parts delay
ACT-0001347,10276,Login,03/30/2022 12:20,,,payment received
ACT-0003346,10679,Ticket,2021-08-10T12:51:00Z,,,renewal discussion
ACT-0000721,10146,Payment,2018-06-05T14:31:00Z,525.00,USD,portal login
ACT-0004715,10954,Payment,2019-01-01T12:48:00Z,4800.0,USD,monthly invoice
ACT-0000535,10109,Support Ticket,2018-10-30T07:49:00Z,,,monthly invoice
ACT-0002474,10507,Invoice,2022-05-12T17:40:00Z,"5,675.00",USD,monthly invoice
ACT-0001815,10373,Invoice,2024-09-16T15:28:00Z,1900.0,USD,asked about seat pricing
ACT-0001227,10251,Payment,01-Jan-2021 07:18 AM,2950.0,USD,portal login
ACT-0004559,10922,Support Ticket,2026-03-08T11:18:00Z,,,monthly invoice
ACT-0000963,10198,Login,13-Apr-2024 04:24 PM,,,portal login
ACT-0002234,10461,Payment,2020-09-07T17:23:00Z,6475,USD,monthly invoice
ACT-0000565,10115,Note,01/26/2021 07:21,,,payment received
ACT-0003471,10704,Login,2021-03-19T19:24:00Z,,,
ACT-0003069,10622,Payment,2021-11-09 17:16:00-05:00,"9,050.00",USD,escalated: parts delay
ACT-0000388,10079,Invoice,2020-05-15T13:41:00Z,-,USD,
ACT-0003349,10679,Payment,2021-10-23T15:35:00Z,"5,725.00",USD,monthly invoice
ACT-0001233,10253,Ticket,2019-06-24T08:54:00Z,,,
ACT-0003577,10724,Payment,2025-07-16T10:46:00Z,9550,USD,payment received
ACT-0001082,10222,Ticket,19-Sep-2024 06:36 PM,,,
ACT-0003870,10782,INVOICE,2019-07-27T10:15:00Z,-,USD,escalated: parts delay
ACT-0004882,10988,Invoice,2024-10-02T10:17:00Z,6850.0,USD,renewal discussion
ACT-0004405,10892,INVOICE,10/26/2024 15:52,"8,150.00",USD,
ACT-0001732,10355,INVOICE,2019-03-10T18:20:00Z,3275.0,USD,renewal discussion
ACT-0003507,10710,Support Ticket,2024-12-14T15:42:00Z,,,renewal discussion
ACT-0003799,10768,Invoice,02/25/2020 09:43,"5,975.00",USD,monthly invoice
ACT-0003650,10737,Invoice,2019-02-25 14:49:00-05:00,9500.0,USD,
ACT-0003875,10784,Payment,2025-12-20T08:00:00Z,"1,025.00",USD,escalated: parts delay
ACT-0003170,10642,Login,2024-12-03 19:33:00-05:00,,,
ACT-0001809,10372,Invoice,2019-05-16T09:27:00Z,9850,USD,
ACT-0002135,10440,Support Ticket,2020-10-03T08:14:00Z,,,renewal discussion
ACT-0000481,10097,Login,2020-11-29T12:47:00Z,,,renewal discussion
ACT-0003063,10620,Payment,2020-12-15T19:23:00Z,"6,575.00",USD,monthly invoice
ACT-0001618,10332,Login,2020-02-04T14:12:00Z,,,portal login
ACT-0001574,10324,INVOICE,2022-09-26T17:01:00Z,7600.0,USD,portal login
ACT-0004331,10877,Invoice,2019-01-01 13:26:00-05:00,200.00,USD,payment received
ACT-0004708,10953,Login,2022-11-02T13:58:00Z,,,portal login
ACT-0001581,10326,Call,2018-03-23 12:28:00-05:00,,,payment received
ACT-0003311,10672,Invoice,2021-10-28 12:01:00-05:00,6975.0,USD,
ACT-0001462,10301,INVOICE,2019-03-17T19:04:00Z,"7,425.00",USD,
ACT-0000833,10170,Payment,2024-12-28T19:10:00Z,5450.0,USD,renewal discussion
ACT-0003445,10699,Invoice,2023-05-04T19:31:00Z,"8,950.00",USD,monthly invoice
ACT-0001486,10306,Ticket,2025-12-29T11:28:00Z,,,asked about seat pricing
ACT-0000543,10111,Payment,2020-08-09T07:49:00Z,1275,USD,
ACT-0003172,10642,Ticket,23-Jan-2025 10:10 AM,,,
ACT-0001885,10390,Invoice,2025-10-13T07:09:00Z,7425.0,USD,portal login
ACT-0003937,10797,Invoice,16-Apr-2020 12:57 PM,3225.0,USD,
ACT-0004430,10896,Support Ticket,08-Aug-2024 03:07 PM,,,
ACT-0000340,10070,Invoice,2018-08-04T08:10:00Z,-,USD,asked about seat pricing
ACT-0004429,10896,Note,2024-05-04 11:39:00-05:00,,,escalated: parts delay
ACT-0004193,10848,Invoice,10/31/2022 13:28,9200,USD,portal login
ACT-0002224,10458,Invoice,2019-05-29 08:08:00-05:00,700,USD,escalated: parts delay
ACT-0004726,10957,Ticket,2021-12-10T16:51:00Z,,,
ACT-0002930,10594,Login,08/10/2017 10:40,,,payment received
ACT-0002131,10439,INVOICE,2025-02-08T11:06:00Z,-,USD,portal login
ACT-0000946,10193,Invoice,2024-06-19T08:50:00Z,6975.0,USD,asked about seat pricing
ACT-0000998,10206,Payment,2025-01-08T09:49:00Z,9950.0,USD,
ACT-0004871,10985,Support Ticket,2025-06-09T16:38:00Z,,,renewal discussion
ACT-0003684,10745,Ticket,2017-07-06T15:35:00Z,,,portal login
ACT-0000260,10051,Invoice,01/09/2023 13:36,-,USD,escalated: parts delay
ACT-0001680,10344,Payment,2025-12-16T13:44:00Z,7875.0,USD,monthly invoice
ACT-0001137,10231,Note,2024-11-11T17:16:00Z,,,renewal discussion
ACT-0002462,10505,Support Ticket,2025-12-13T10:16:00Z,,,payment received
ACT-0001720,10352,Invoice,02-Apr-2024 10:42 AM,-,USD,renewal discussion
ACT-0003511,10712,Ticket,2021-07-28T18:43:00Z,,,monthly invoice
ACT-0000710,10145,Support Ticket,2024-01-17 07:28:00-05:00,,,renewal discussion
ACT-0002288,10471,INVOICE,2024-06-28T08:25:00Z,4800.0,USD,renewal discussion
ACT-0003119,10632,Payment,2021-01-22T18:15:00Z,"2,600.00",USD,payment received
ACT-0003518,10713,Call,07/08/2021 09:57,,,asked about seat pricing
ACT-0003155,10639,Invoice,2023-09-25T15:09:00Z,-,USD,escalated: parts delay
ACT-0003647,10737,Invoice,2020-04-12T07:33:00Z,"8,000.00",USD,portal login
ACT-0000746,10152,Invoice,2018-08-10 08:48:00-05:00,100,USD,renewal discussion
ACT-0003893,10787,Payment,05/05/2024 15:42,"9,625.00",USD,payment received
ACT-0001113,10227,Support Ticket,2026-03-17T08:09:00Z,,,renewal discussion
ACT-0001950,10404,Support Ticket,19-Aug-2025 07:44 AM,,,portal login
ACT-0002019,10418,Support Ticket,2025-03-26T18:28:00Z,,,
ACT-0000038,10007,Login,11/22/2025 10:09,,,payment received
ACT-0004731,10958,Call,2022-09-24T12:16:00Z,,,
ACT-0000924,10189,Payment,2018-04-07T15:35:00Z,"4,850.00",USD,escalated: parts delay
ACT-0000454,10091,Invoice,2020-01-13T17:29:00Z,"6,075.00",USD,
ACT-0003279,10666,Call,05-Sep-2022 12:35 PM,,,portal login
ACT-0001017,10209,Login,04-Jan-2026 12:09 PM,,,payment received
ACT-0002778,10568,Support Ticket,17-Apr-2025 04:59 PM,,,
ACT-0004172,10844,Note,02-May-2026 02:52 PM,,,
ACT-0001867,10387,Login,12/31/2024 18:47,,,portal login
ACT-0001379,10284,Invoice,14-Apr-2019 07:17 AM,6525,USD,asked about seat pricing
ACT-0002038,10422,Payment,2026-07-11T08:24:00Z,5775,USD,
ACT-0001096,10224,Invoice,10/30/2020 12:31,-,USD,renewal discussion
ACT-0004116,10832,Invoice,10/30/2025 19:47,"6,875.00",USD,portal login
ACT-0002760,10563,Support Ticket,01/25/2024 11:48,,,payment received
ACT-0002846,10579,Invoice,2021-11-13T13:15:00Z,-,USD,payment received
ACT-0004266,10863,Login,05/08/2020 07:42,,,renewal discussion
ACT-0001518,10311,Call,2017-08-31T08:55:00Z,,,payment received
ACT-0000479,10097,Payment,2020-01-06T15:34:00Z,8775,USD,
ACT-0000235,10046,Invoice,2024-04-23T09:32:00Z,1700,USD,payment received
ACT-0003844,10777,Ticket,01-May-2019 01:13 PM,,,renewal discussion
ACT-0000372,10077,Payment,2024-12-11T09:28:00Z,3150.0,USD,
ACT-0001362,10279,Invoice,28-Sep-2021 01:38 PM,475.00,USD,
ACT-0001269,10261,INVOICE,2024-01-23T09:27:00Z,"8,350.00",USD,
ACT-0000585,10119,Ticket,26-Feb-2022 09:32 AM,,,
ACT-0003946,10799,Login,2024-06-24T11:27:00Z,,,escalated: parts delay
ACT-0003747,10758,Support Ticket,2020-04-03 18:01:00-05:00,,,escalated: parts delay
ACT-0002952,10599,Support Ticket,2022-11-08T18:50:00Z,,,portal login
ACT-0003379,10685,Invoice,26-Aug-2020 07:34 AM,-,USD,asked about seat pricing
ACT-0001406,10291,Payment,2020-08-27T09:39:00Z,750.00,USD,monthly invoice
ACT-0003333,10677,Note,06-Sep-2022 10:22 AM,,,monthly invoice
ACT-0000824,10168,Ticket,2024-10-16 19:34:00-05:00,,,asked about seat pricing
ACT-0003446,10699,Invoice,12-Apr-2023 12:40 PM,500,USD,portal login
ACT-0002613,10533,Payment,2022-03-05T07:51:00Z,-,USD,escalated: parts delay
ACT-0003931,10796,Support Ticket,09/25/2021 10:08,,,
ACT-0000469,10094,Invoice,2025-09-02T14:08:00Z,3200.0,USD,payment received
ACT-0004690,10949,INVOICE,05-Oct-2025 11:17 AM,725.00,USD,monthly invoice
ACT-0004693,10950,Note,12/11/2025 09:42,,,portal login
ACT-0001443,10299,Payment,06/11/2021 14:40,9175,USD,escalated: parts delay
ACT-0000823,10168,Ticket,06/22/2024 18:29,,,
ACT-0001147,10234,Invoice,2024-01-02T14:45:00Z,"4,200.00",USD,payment received
ACT-0000085,10017,Login,2022-06-22T17:54:00Z,,,payment received
ACT-0004790,10969,Ticket,2020-09-14 12:12:00-05:00,,,escalated: parts delay
ACT-0001072,10219,Payment,10/10/2024 08:19,"4,150.00",USD,payment received
ACT-0002503,10513,Ticket,2025-07-24T13:11:00Z,,,portal login
ACT-0004870,10985,Ticket,2025-05-27 11:16:00-05:00,,,portal login
ACT-0002628,10535,Note,2023-05-01T18:04:00Z,,,renewal discussion
ACT-0003771,10763,Ticket,10/16/2021 11:22,,,renewal discussion
ACT-0002241,10463,Login,2024-02-02T12:57:00Z,,,
ACT-0004407,10892,Invoice,2024-08-02T08:12:00Z,"5,050.00",USD,monthly invoice
ACT-0003005,10609,Payment,2021-11-27T10:34:00Z,"1,025.00",USD,escalated: parts delay
ACT-0003533,10716,Login,2023-06-08T09:34:00Z,,,asked about seat pricing
ACT-0002349,10485,Ticket,2024-04-09T13:56:00Z,,,payment received
ACT-0000192,10037,Invoice,05/09/2021 10:55,"4,200.00",USD,asked about seat pricing
ACT-0002824,10575,Invoice,2022-12-15T12:51:00Z,-,USD,escalated: parts delay
ACT-0003608,10730,INVOICE,12/09/2024 12:34,3750.0,USD,
ACT-0000619,10128,Invoice,2023-03-21T16:10:00Z,3600,USD,payment received
ACT-0002531,10518,Payment,2019-10-11 14:15:00-05:00,-,USD,
ACT-0003386,10687,Ticket,2026-05-19T07:08:00Z,,,escalated: parts delay
ACT-0002844,10578,Login,2024-10-08T15:03:00Z,,,escalated: parts delay
ACT-0004208,10850,Invoice,01-Mar-2026 06:22 PM,-,USD,portal login
ACT-0000191,10037,Payment,06/12/2020 08:25,-,USD,portal login
ACT-0004668,10944,Invoice,2023-03-23T10:33:00Z,-,USD,renewal discussion
ACT-0002925,10593,Login,2022-04-01T10:38:00Z,,,payment received
ACT-0000087,10017,Invoice,2020-04-18 12:08:00-05:00,-,USD,monthly invoice
ACT-0003961,10803,Call,2020-01-27 18:47:00-05:00,,,payment received
ACT-0002237,10462,Invoice,2018-11-01T15:53:00Z,-,USD,asked about seat pricing
ACT-0003748,10759,Invoice,2019-08-29T14:29:00Z,"6,950.00",USD,
ACT-0000885,10183,Invoice,08/29/2025 19:34,"7,325.00",USD,
ACT-0001623,10333,Support Ticket,2024-08-16 18:39:00-05:00,,,asked about seat pricing
ACT-0002905,10590,Ticket,08/15/2024 18:25,,,asked about seat pricing
ACT-0000945,10193,Invoice,2024-07-10 13:36:00-05:00,3450,USD,renewal discussion
ACT-0002470,10507,INVOICE,09-Dec-2023 03:56 PM,9400.0,USD,portal login
ACT-0004157,10841,Invoice,2017-12-18T18:24:00Z,2375,USD,
ACT-0002891,10588,Payment,11/22/2021 17:50,4125.0,USD,monthly invoice
ACT-0003003,10608,Invoice,2020-06-17T13:08:00Z,-,USD,
ACT-0000690,10141,Login,08/05/2020 14:46,,,monthly invoice
ACT-0002214,10456,Note,2025-12-30T10:56:00Z,,,asked about seat pricing
ACT-0004907,10991,Invoice,2026-03-21T07:14:00Z,"1,400.00",USD,escalated: parts delay
ACT-0001074,10219,INVOICE,2024-06-14T09:00:00Z,"1,975.00",USD,monthly invoice
ACT-0004638,10934,Invoice,2020-01-16T16:48:00Z,8275,USD,renewal discussion
ACT-0004400,10891,Invoice,2020-02-18T19:22:00Z,-,USD,
ACT-0001063,10217,Login,2023-02-22 09:44:00-05:00,,,escalated: parts delay
ACT-0001403,10289,Invoice,2026-04-09T10:15:00Z,-,USD,asked about seat pricing
ACT-0002258,10465,Invoice,09-May-2023 04:14 PM,-,USD,asked about seat pricing
ACT-0000707,10144,Invoice,2024-06-20T18:21:00Z,2125.0,USD,portal login
ACT-0002981,10604,Invoice,01/04/2026 17:03,6800.0,USD,asked about seat pricing
ACT-0000104,10021,Support Ticket,2025-07-19T12:30:00Z,,,portal login
ACT-0002621,10534,Note,2023-10-29T19:48:00Z,,,asked about seat pricing
ACT-0002195,10451,Payment,2023-05-12T16:57:00Z,7175.0,USD,escalated: parts delay
ACT-0004841,10979,Support Ticket,07/11/2025 18:37,,,monthly invoice
ACT-0000374,10077,Invoice,10/23/2022 18:39,5550,USD,portal login
ACT-0001043,10213,Invoice,2021-04-14T12:38:00Z,7600,USD,escalated: parts delay
ACT-0000362,10075,Payment,23-Dec-2022 09:58 AM,-,USD,payment received
ACT-0000533,10109,Invoice,2019-08-26 17:15:00-05:00,-,USD,monthly invoice
ACT-0003190,10645,Ticket,11/12/2020 10:14,,,payment received
ACT-0000766,10155,Ticket,12/27/2021 16:35,,,escalated: parts delay
ACT-0003655,10739,Note,2021-02-12T13:14:00Z,,,portal login
ACT-0004583,10925,Invoice,2021-06-24T08:56:00Z,9250,USD,renewal discussion
ACT-0004791,10969,Support Ticket,09/18/2020 10:25,,,asked about seat pricing
ACT-0000640,10132,Invoice,2017-08-29T09:35:00Z,-,USD,monthly invoice
ACT-0001368,10281,Invoice,09/04/2018 12:23,"4,525.00",USD,
ACT-0003378,10685,Invoice,2023-07-15 09:20:00-05:00,8675.0,USD,escalated: parts delay
ACT-0000337,10070,INVOICE,10/09/2017 14:36,7325,USD,escalated: parts delay
ACT-0004053,10820,Ticket,2026-05-03T14:13:00Z,,,asked about seat pricing
ACT-0001461,10301,Invoice,04/15/2020 08:30,3100.0,USD,renewal discussion
ACT-0003630,10734,Payment,25-Jan-2023 07:34 AM,"5,350.00",USD,renewal discussion
ACT-0003563,10722,Invoice,04/01/2023 07:02,"3,200.00",USD,
ACT-0003983,10808,Invoice,2026-06-18T13:08:00Z,4275.0,USD,portal login
ACT-0003437,10698,Login,2022-11-10T09:37:00Z,,,monthly invoice
ACT-0000456,10091,Login,2020-05-28T16:24:00Z,,,renewal discussion
ACT-0001983,10409,Payment,10/13/2018 15:46,-,USD,payment received
ACT-0004187,10848,Payment,2022-11-09T13:05:00Z,9350,USD,
ACT-0004144,10838,Login,24-Mar-2025 01:12 PM,,,portal login
ACT-0000366,10076,Payment,2025-11-30 17:27:00-05:00,-,USD,monthly invoice
ACT-0004802,10972,Payment,01/08/2024 11:35,"2,875.00",USD,portal login
ACT-0004486,10908,Note,2019-08-01T18:18:00Z,,,monthly invoice
ACT-0004746,10961,Ticket,2025-07-23 11:24:00-05:00,,,
ACT-0004834,10978,Login,10-Dec-2022 01:42 PM,,,monthly invoice
ACT-0003957,10802,Invoice,2025-12-05T17:18:00Z,"8,025.00",USD,
ACT-0000730,10148,Support Ticket,24-Feb-2021 05:02 PM,,,
ACT-0004635,10934,Note,2019-12-12T17:50:00Z,,,renewal discussion
ACT-0001330,10272,Note,2025-07-22T14:18:00Z,,,
ACT-0000749,10152,Note,24-Jun-2022 07:11 AM,,,portal login
ACT-0004278,10866,Support Ticket,03-Dec-2025 11:16 AM,,,
ACT-0002133,10440,Invoice,16-May-2019 07:41 PM,6800.0,USD,escalated: parts delay
ACT-0000646,10133,INVOICE,05/10/2024 18:07,1100.0,USD,renewal discussion
ACT-0003268,10663,Payment,2019-05-27 16:48:00-05:00,-,USD,
ACT-0004078,10825,Support Ticket,24-Dec-2025 01:27 PM,,,
ACT-0001987,10410,Invoice,12/21/2016 11:56,"9,875.00",USD,
ACT-0004072,10824,Login,2022-12-28T17:19:00Z,,,asked about seat pricing
ACT-0001331,10273,Login,2019-04-15T09:32:00Z,,,monthly invoice
ACT-0000222,10043,Payment,2018-02-21T09:58:00Z,8775.0,USD,escalated: parts delay
ACT-0003734,10756,Invoice,2023-06-01 16:05:00-05:00,"5,900.00",USD,asked about seat pricing
ACT-0003145,10637,Login,2025-06-25 16:48:00-05:00,,,escalated: parts delay
ACT-0002729,10555,Invoice,02/25/2021 08:53,-,USD,portal login
ACT-0003112,10631,Ticket,2025-08-16T17:19:00Z,,,asked about seat pricing
ACT-0000162,10032,Support Ticket,05-Nov-2021 03:09 PM,,,
ACT-0001517,10311,Invoice,2019-08-15T07:36:00Z,8150.0,USD,monthly invoice
ACT-0001820,10375,Note,2020-10-16T15:43:00Z,,,
ACT-0004705,10952,Invoice,04/15/2024 07:58,1225.0,USD,
ACT-0000324,10064,Ticket,2022-06-26T17:01:00Z,,,
ACT-0002878,10586,Ticket,2023-09-28T16:53:00Z,,,
ACT-0004384,10887,Login,11-Feb-2019 07:40 PM,,,asked about seat pricing
ACT-0000910,10186,Call,02/24/2023 12:49,,,monthly invoice
ACT-0001110,10226,Payment,2023-11-10T07:03:00Z,5700,USD,monthly invoice
ACT-0001375,10283,Invoice,07/16/2021 12:27,6500.0,USD,escalated: parts delay
ACT-0003024,10612,Invoice,09/11/2021 18:29,5100,USD,renewal discussion
ACT-0003978,10807,Ticket,2022-05-16T15:18:00Z,,,portal login
ACT-0000208,10040,INVOICE,02/10/2026 16:45,"7,475.00",USD,payment received
ACT-0003743,10758,Ticket,2020-01-01T10:51:00Z,,,
ACT-0001613,10331,Login,2023-08-14 19:21:00-05:00,,,
ACT-0002720,10553,Invoice,2018-04-12T19:25:00Z,"3,675.00",USD,
ACT-0002518,10515,Invoice,2021-07-07T18:25:00Z,6075.0,USD,payment received
ACT-0002364,10487,Call,2023-02-22 17:06:00-05:00,,,portal login
ACT-0003540,10717,Payment,02-Jul-2023 01:01 PM,"8,425.00",USD,monthly invoice
ACT-0003555,10720,Login,2023-09-24T19:23:00Z,,,escalated: parts delay
ACT-0002326,10478,Note,2020-11-01T07:40:00Z,,,
ACT-0002248,10463,Ticket,2023-08-03T08:05:00Z,,,
ACT-0004858,10982,Login,2022-02-18T07:07:00Z,,,payment received
ACT-0000641,10133,Ticket,02-Jan-2024 05:32 PM,,,
ACT-0002056,10425,Ticket,11-Sep-2024 07:56 AM,,,
ACT-0000728,10148,Invoice,2020-10-08T13:38:00Z,1550,USD,renewal discussion
ACT-0003090,10627,Support Ticket,08/15/2018 10:14,,,portal login
ACT-0004216,10853,Payment,10/30/2021 19:39,425,USD,asked about seat pricing
ACT-0003676,10744,Ticket,01/16/2019 16:26,,,renewal discussion
ACT-0004933,10997,Support Ticket,07/12/2019 07:41,,,
ACT-0003142,10637,Login,2022-01-03T14:16:00Z,,,asked about seat pricing
ACT-0001980,10409,Invoice,03-Jun-2018 11:33 AM,"8,100.00",USD,renewal discussion
ACT-0001120,10228,Login,2025-09-14T19:02:00Z,,,payment received
ACT-0001812,10373,Invoice,08/06/2025 16:42,9925.0,USD,
ACT-0001325,10271,Invoice,08/22/2023 09:40,1925.0,USD,monthly invoice
ACT-0002549,10520,Ticket,2020-04-04T15:49:00Z,,,escalated: parts delay
ACT-0004784,10968,Login,12/19/2018 12:46,,,
ACT-0002946,10597,Ticket,09-Nov-2024 11:43 AM,,,escalated: parts delay
ACT-0003382,10686,Payment,03/07/2019 10:54,-,USD,asked about seat pricing
ACT-0003215,10651,Payment,2019-09-11T19:29:00Z,"9,300.00",USD,
ACT-0001725,10353,Invoice,2026-05-12T14:22:00Z,2200.0,USD,payment received
ACT-0001290,10265,Payment,03/27/2020 17:01,1500.0,USD,renewal discussion
ACT-0002497,10511,Payment,03/18/2022 18:39,"5,675.00",USD,payment received
ACT-0002376,10489,Ticket,2022-04-24T19:47:00Z,,,asked about seat pricing
ACT-0001585,10327,Support Ticket,06/13/2026 07:57,,,asked about seat pricing
ACT-0004945,10999,Payment,2021-03-02T16:25:00Z,8075.0,USD,renewal discussion
ACT-0003687,10746,Login,2019-12-19T10:33:00Z,,,
ACT-0002471,10507,Login,2025-03-05 11:56:00-05:00,,,portal login
ACT-0000616,10128,INVOICE,2023-03-15T08:47:00Z,6750.0,USD,portal login
ACT-0000540,10110,Payment,16-Jan-2025 08:49 AM,2975,USD,monthly invoice
ACT-0004013,10814,Login,2025-01-31T08:27:00Z,,,
ACT-0001265,10260,Login,11/18/2021 14:43,,,escalated: parts delay
ACT-0004719,10955,Payment,2023-05-31T18:47:00Z,-,USD,
ACT-0002885,10587,Invoice,04/21/2022 07:24,3475,USD,portal login
ACT-0003926,10794,Payment,2021-03-26T12:48:00Z,"8,050.00",USD,monthly invoice
ACT-0001012,10208,Login,11/07/2022 09:15,,,payment received
ACT-0003694,10748,Support Ticket,01/23/2018 18:56,,,portal login
ACT-0001632,10335,INVOICE,2020-02-16T07:55:00Z,-,USD,monthly invoice
ACT-0004739,10959,Invoice,30-May-2024 01:16 PM,9450,USD,payment received
ACT-0000724,10147,Payment,11/05/2024 10:19,2300,USD,asked about seat pricing
ACT-0004492,10909,Support Ticket,2023-12-10T10:02:00Z,,,escalated: parts delay
ACT-0004825,10976,Invoice,10/14/2022 19:42,1400,USD,portal login
ACT-0001943,10403,Login,2023-03-07T11:02:00Z,,,monthly invoice
ACT-0003004,10609,Support Ticket,27-May-2022 05:37 PM,,,payment received
