contact_ref,acct_num,full_name,contact_mail,phone_number,contact_role,is_primary,last_touch,opt_out
CT-000102,10048,"COLLINS, JILLIAN",jillian.collins@phillips.com,6994456029,Purchasing,no,2024-08-26,N
CT-001870,77272,Brandon Gonzales,brandon.gonzales@price.com,757-204-6564,Primary,Y,2024-03-23,N
CT-001826,10816,Ronald Shaffer,ronald.shaffer@higgins.com,(911) 751-2524,Ops Manager,N,2023-07-07,N
CT-000040,10018,Joseph Moses,joseph.moses@campos.com,536-219-4558,,FALSE,2026/03/20,N
CT-000558,10248,Kathryn Ramos,kathryn.ramos@williams.com,(328) 494-2200,Purchasing,FALSE,18-Mar-2025,N
CT-001345,10601,Steven Webb,steven.webb@fry.com,413-742-3645,,0,01-May-2021,Y
CT-001767,10794,"PETERSON, MICHELLE",michelle.peterson@flores-greer.com,600-633-5004,CTO,N,22-Dec-2022,Y
CT-001714,10773,Nicholas Howe,nicholas.howe@miranda.com,338-713-9695,IT,Y,12/10/23,N
CT-001923,10862,David Robertson,david.robertson@hammond-carrillo.com.,(213) 849-2462,,yes,2023-07-12,N
CT-000606,10273,James Sharp,james.sharp@miller.com,363.699.4014,Primary,no,"January 08, 2021",N
CT-000798,10363,Willie Edwards,willie.edwards@young.com,(467) 824-9953,Primary,TRUE,"March 04, 2025",N
CT-001338,10597,"YANG, ROBERT",robert.yang@prince-sandoval.com,785-615-0687,Primary,0,09/22/24,N
CT-001325,10592,"FARMER, STEPHANIE",stephanie.farmer@guerrero-alvarado.com,833-837-6231,Owner,Y,"April 05, 2019",N
CT-001803,10807,John Benitez,john.benitez@moon.com,979-9538,Technical,Y,"December 05, 2023",N
CT-000171,70531,Phillip Roth,phillip.roth@ferguson.com,+1 555 638 5427,AP,1,2021/11/20,N
CT-000244,10106,Kaylee Bruce,kaylee.bruce@bright-francis.com,(889) 519-3545,Billing,FALSE,"December 03, 2021",N
CT-000408,10178,Kyle Mcclure,kyle.mcclure@hartman.com,500-3482,,N,13-Jun-2024,N
CT-000518,10232,Jacob Harris,jacob.harris@chase.com,334-872-1394,Purchasing,yes,"May 25, 2025",N
CT-001889,10847,Allen Brandt,allen.brandt@guzman.com,(742) 602-0526,Technical,1,2020/06/04,N
CT-000336,10148,Mr. Ryan F. King,ryan.king@,+1 673 971 4225,Billing,1,2024/07/06,N
CT-001913,10857,Dr. Carl L. Novak,carl.novak@mcdonald.com,281.954.0940,CTO,Y,2023-01-03,N
CT-001871,10836,James Wise,james.wise@price.com,942-314-8184,Technical,0,12/11/23,N
CT-000411,10180,Ronald Gibson,ronald.gibson@bell.com,8394645452,AP,N,"December 24, 2022",N
CT-000909,10409,Heather Gordon,heather.gordon@ruiz.com,479-643-5887,CTO,Y,18-Nov-2019,Y
CT-001526,10690,Ricardo Murphy,RICARDO.MURPHY@MEYERS.COM,307-706-2224,CTO,FALSE,10-Aug-2024,N
CT-000530,10235,Wayne Hampton,wayne.hampton@carrillo.com,959.712.9664,CTO,0,2025/08/23,Y
CT-001370,10612,Mr. Victoria K. Smith,victoria.smith@davis-mason.com,608.752.2178,CEO,N,"November 17, 2024",N
CT-001214,10542,Jessica Jordan,jessica.jordan@graham.com,240-861-6516,,Y,06/03/20,N
CT-000647,10294,Stephanie Bell,stephanie.bell@wilson.com.,(938) 840-1633,IT,no,"February 25, 2026",N
CT-001363,10611,Nathan Munoz,nathan.munoz@murray-henderson.com,549-264-6196,Ops Manager,Y,02-Sep-2023,N
CT-000920,10414,David Santiago,david.santiago@walters-smith.com,216-743-5816,,FALSE,02/02/26,N
CT-002127,10956,Ms. Bryce F. Gutierrez,bryce.gutierrez@morgan-barnes.com,+1 461 685 6732,,1,2025/05/31,N
CT-001395,70728,Christian Booker,christian.booker@fox-carney.com,+1 838 891 5983,Billing,N,"July 03, 2021",N
CT-001785,10801,Kyle Elliott,kyle.elliott@manning.com,(218) 999-7424,,,10/05/2022,N
CT-000511,10228, Brian  Watson ,brian.watson@butler.com,759-314-2292,Main,,"March 28, 2025",N
CT-001560,10706,Adam Vaughan,adam.vaughan@romero.com,(817) 515-7987,Technical,yes,2025-02-21,N
CT-001505,10681,Garrett Turner,garrett.turner@brown.com,282-7987,AP,Y,2023/12/26,N
CT-001261,10564,"HUMPHREY, STEPHANIE",stephanie.humphrey@cannon-moore.com,907.372.7638,,TRUE,05-Jan-2026,N
CT-001102,10494,Vicki Nichols,vicki.nichols@berry.com,+1 892 452 7792,Purchasing,yes,"January 03, 2026",N
CT-001382,10621,Ms. James K. Watkins,james.watkins@evans.com,273-564-4135,,1,2025/06/22,N
CT-002275,10056,Brian Patrick,brian.patrick@cole-walton.com,705.283.7961,billing contact,1,2020-07-22,N
CT-001056,10474,Lindsey Herrera,lindsey.herrera at wong.com,921-450-2302,Primary,N,2024-10-17,N
CT-001853,10828,Dr. James H. Underwood,james.underwood@williams-kelly.com,440-755-2599,Main,N,12/29/2025,N
CT-000598,10270,Patty Patterson,patty.patterson@clay.com,975-269-8432,Ops Manager,Y,"April 25, 2025",N
CT-001142,10511,Catherine Ward,catherine.ward@mitchell.com,404.212.1166,IT,0,"January 31, 2025",N
CT-001946,10872,Julie Rios,julie.rios@haynes.com,958-393-6438,Main,N,2023/04/07,Y
CT-000955,10428, Lisa  Hernandez ,lisa.hernandez@sawyer.com,4889040891,Owner,FALSE,2025-11-18,N
CT-002047,10921,Mark Lyons,mark.lyons@wall-underwood.com,,Primary,Y,04/16/2024,N
CT-001884,10843,Michael Collins,MICHAEL.COLLINS@RICHARDS-MACK.COM,+1 348 706 7966,Primary,N,25-Nov-2021,N
CT-001603,10722,Joshua Ford,joshua.ford@daniels.com,+1 673 411 6595,Owner,N,2023-01-21,N
CT-000090,10042,Jeffrey Johnston,jeffrey.johnston@bailey-hoover.com,8259950366,Purchasing,Y,"December 26, 2022",N
CT-001367,10612,Frank Espinoza,frank.espinoza@davis-mason.com,(947) 772-5356,Ops Manager,Y,2024-07-25,N
CT-001751,10789,Jennifer Ramos,jennifer.ramos@vargas.com,801-506-0550,Primary,N,"April 01, 2024",N
CT-000780,10353,Mr. Sara P. Silva,sara.silva@martinez.com,963-463-7711,CEO,,2026-03-21,Y
CT-001286,10575,Kimberly Rodriguez,kimberly.rodriguez@evans.com,783-907-1922,Primary,no,09/10/2022,N
CT-001391,10624,"HALL, AARON",aaron.hall@rose-warren.com,(303) 840-8705,Purchasing,0,07/13/24,N
CT-001270,10568,Gregory Huber,gregory.huber@bauer-brown.com,244.498.8632,Technical,,2025-01-08,N
CT-000637,10288,Mr. Cory N. Miller,cory.miller@barnes.com,618.479.8046,billing contact,Y,07/17/2025,N
CT-000659,10300,Ms. Joyce B. Stewart,joyce.stewart@thomas.com,943-940-6769,Main,FALSE,2020/08/25,N
CT-001329,10593,Dr. Thomas D. Rodriguez,thomas.rodriguez@hall-james.com,707.320.5275,,N,2022/06/13,N
CT-000741,10337,Justin Lewis,justin.lewis@craig.com,599-544-9420,Main,yes,2024-06-02,N
CT-001004,10449,Matthew Fleming,matthew.fleming@tanner.com,444-5286,Technical,0,05-Nov-2025,N
CT-002071,10931,Melissa Thomas,melissa.thomas@kerr.com,(275) 361-8896,Owner,N,09/20/16,N
CT-002217,10762,"JOHNSON, JOSHUA",JOSHUA.JOHNSON@MATTHEWS.COM,(761) 231-8005,,N,01/06/24,N
CT-000148,10067,Sierra Wilson,sierra.wilson@hickman.com,+1 629 251 0500,IT,1,,Y
CT-001804,10807,Brenda Brown,brenda.brown@moon.com,511-744-5273,Primary,FALSE,2024-01-25,N
CT-001771,10795,Dr. Kevin A. Miranda,kevin.miranda@mcdaniel-young.com,393-395-1405,IT,N,2024/12/01,N
CT-001265,10566,Amy Phillips,amy.phillips@huff.com,(385) 927-9378,billing contact,N,2021/01/07,N
CT-000310,10138,Timothy Campbell,timothy.campbell@parrish-griffith.com,(606) 776-3154,CTO,TRUE,,N
CT-000003,10002,"WADE, ANTHONY",anthony.wade@robinson-lawrence.com,(889) 596-8568,Ops Manager,Y,2020-09-19,N
CT-001893,10848,April Taylor,april.taylor@miller-taylor.com,(824) 682-5794,Billing,,2022/11/17,N
CT-002015,10908,Daniel Carrillo,daniel.carrillo@,+1 625 812 9425,Technical,Y,2019/12/10,Y
CT-002131,10958,Anthony Mcfarland,anthony.mcfarland@mcintyre.com,,,N,09/05/22,Y
CT-000421,10184,Albert Conner,albert.conner@kline-hughes.com,+1 666 740 3358,Owner,FALSE,09-Feb-2026,N
CT-000519,10232,Sarah Allen,sarah.allen@chase.com,(649) 579-1041,Technical,no,08/10/2025,N
CT-001137,10508,Daniel Jones,DANIEL.JONES@GARCIA.COM,940-557-9697,CEO,N,2026-01-11,N
CT-001013,10453,"GARCIA, ZACHARY",zachary.garcia@thomas-santiago.com,(987) 205-5751,Billing,Y,12/16/18,Y
CT-000629,10284,Ronald Dickson,ronald.dickson@nguyen.com,357.881.3369,CTO,1,03-Oct-2021,N
CT-000880,10397,"MILLS, ERIN",erin.mills@bryant.com,641.234.5301,CTO,N,2025/06/03,
CT-000474,10210,Rhonda Ward,rhonda.ward@hughes.com,(719) 332-1647,Primary,Y,"December 05, 2024",N
CT-001021,, April  Carr ,APRIL.CARR@OLIVER.COM,(971) 943-2488,Billing,N,2025/12/28,N
CT-000208,10093,"MARTIN, WILLIAM",WILLIAM.MARTIN@EDWARDS.COM,(776) 711-7846,Primary,N,07/12/23,N
CT-002256,10528,Troy  Keith,troy.keith@anderson.com,925-804-7657,CEO,no,2018-04-26,N
CT-002100,70773,Valerie Erickson,valerie.erickson@adams-morales.com,(319) 813-6172,IT,TRUE,2024/04/16,N
CT-000752,10340,Joel Smith,joel.smith@brock.com,+1 772 531 3195,Billing,FALSE,10/24/2018,N
CT-000806,,Gina Lynn,gina.lynn@valencia.com,381-9967,Purchasing,1,2025/06/20,N
CT-002200,10993, Erin  Williams ,erin.williams@nelson.com,+1 334 437 5326,Primary,N,"July 11, 2024",N
CT-002191,10990,Mr. Christopher L. Mcclain,christopher.mcclain@brown.com,+1 356 320 3324,Purchasing,FALSE,11/21/2018,N
CT-000069,10032,Dominique Lyons,dominique.lyons@baker.com,(926) 288-0063,IT,Y,09/09/21,N
CT-000602,10271,Kristen Sheppard,kristen.sheppard@smith-clark.com,821.356.2722,Primary,0,05/26/26,N
CT-001832,10819,"CAMPBELL, AMBER",amber.campbell@solomon-wood.com,(212) 899-0266,CEO,N,2020/12/14,N
CT-001387,10623,Barbara Castaneda,barbara.castaneda@wilkins-chang.com,(717) 392-0457,,FALSE,04-Aug-2024,N
CT-001076,10485,Rhonda Skinner,rhonda.skinner@davis.com,963.896.1273,,N,"May 20, 2024",N
CT-002096,10942,Heather Morris,heather.morris@clark-miller.com,6552980022,Owner,N,2025-07-03,N
CT-001107,10496,Rebecca Campbell,rebecca.campbell@valentine-robinson.com,965.714.3391,AP,0,09-Aug-2026,Y
CT-000805,10366,Casey Henderson,casey.henderson@thompson.com,574.544.9141,billing contact,TRUE,08/05/2026,N
CT-000362,10160,"PONCE, JOSHUA",joshua.ponce@gregory.com,9425820592,Primary,no,01/06/26,N
CT-000681,10308,Denise Walker,denise.walker@martin-taylor.com,+1 866 880 1049,Billing,no,2025-03-31,N
CT-000940,10421,William Myers,WILLIAM.MYERS@SCOTT.COM,425.688.0942,Ops Manager,N,09/22/24,N
CT-001323,10590,William Reyes,william.reyes@christensen.com,858.689.8227,Owner,Y,11/27/24,N
CT-000423,10186,"MILLER, MELISSA",melissa.miller@morrison-simmons.com,+1 963 731 5334,Technical,0,19-Aug-2022,N
CT-000838,10381,Martin Gibson,martin.gibson@jacobson-baker.com,709-0227,Technical,N,2024/06/09,
CT-000887,10399,"FLOWERS, MICHAEL",michael.flowers@cooper-monroe.com,862-826-0424,Technical,,2022/03/08,N
CT-001649,10745,"JOHNSON, JACOB",JACOB.JOHNSON@TAYLOR-MATTHEWS.COM,363-626-5204,Primary,N,2020-04-15,N
CT-001507,10682,Alexandria Lynn,alexandria.lynn@miller.com,(667) 373-7680,Primary,FALSE,08/20/2019,N
CT-002126,10955,Kim Jones,kim.jones@brooks.com,565-217-8670,,0,28-Jan-2023,N
CT-001993,10899,Jessica Willis,jessica.willis@flores.com,302-609-0263,CTO,FALSE,"December 06, 2025",N
CT-001515,10685,Kyle Lopez,kyle.lopez@cook-brown.com,417-281-0176,Primary,,2024-11-04,N
CT-001479,10667,"ARNOLD, TANYA",tanya.arnold@austin-berger.com,(480) 364-8991,Primary,yes,2024/09/16,N
CT-001193,10533,Matthew Franklin,matthew.franklin,(553) 667-4082,Ops Manager,FALSE,05/30/23,N
CT-001756,10790,Crystal Murphy,CRYSTAL.MURPHY@COLON.COM,+1 921 807 4485,billing contact,,"April 08, 2026",Y
CT-001510,10683, Brian  Davis ,brian.davis@dominguez.com,(267) 548-1086,Ops Manager,,03/10/22,N
CT-001586,10715,Matthew Walsh,MATTHEW.WALSH@BURNS.COM,857.979.2562,,0,2024-12-24,Y
CT-000569,10253,Mr. Brian S. Gibbs,brian.gibbs@hart.com,(714) 647-7030,billing contact,TRUE,22-Nov-2021,Y
CT-000391,10170,Jessica Ramirez,jessica.ramirez@mitchell.com,613-0879,,N,05-Dec-2024,N
CT-000460,10201,Dr. Troy H. Olson,TROY.OLSON@BRYAN.COM,982-349-4104,Primary,Y,10/26/2025,N
CT-002078,10935,Margaret Sanchez,margaret.sanchez@wilson.com,(976) 888-9150,Owner,yes,2026/07/24,N
CT-000354,10156,"DAWSON, ROBERT",ROBERT.DAWSON@CRUZ.COM,540-598-7155,,TRUE,21-Mar-2026,N
CT-000796,10361,Tony Peterson,tony.peterson@howard.com,(953) 251-3572,Ops Manager,FALSE,"December 11, 2025",N
CT-001739,10785,Jessica Lowery,jessica.lowery@adams-dominguez.com,(841) 301-3407,Primary,N,25-Jan-2026,N
CT-000249,10109,Lindsey Smith,lindsey.smith@little-stevens.com,387-664-0887,CEO,yes,"February 28, 2020",N
CT-001165,10521,Tiffany Hall,tiffany.hall@,(560) 285-8552,,Y,2020/09/03,N
CT-000176,10081,Jared Barrett,jared.barrett@short.com,+1 545 358 7411,CEO,Y,12/13/2025,Y
CT-001448,10650,Charlotte Barker,charlotte.barker@jones.com,603-544-4564,AP,,19-Mar-2023,N
CT-000247,10107,Barbara Miller,barbara.miller@evans.com,669-646-9816,billing contact,N,2024-09-22,N
CT-000630,10285,Matthew House,matthew.house@white.com,860-906-2991,Technical,Y,13-Apr-2022,N
CT-002083,10937,Lisa Thomas,lisa.thomas@lozano-smith.com,482-310-2565,,TRUE,"December 04, 2022",N
CT-001390,10624,Regina Clark,regina.clark@rose-warren.com,(841) 399-3340,Owner,0,09/11/24,Y
CT-000432,10189,Aaron Walker,aaron.walker at reyes-bradley.com,871-461-4720,CTO,FALSE,2018/05/09,N
CT-001703,10767,"TRUJILLO, ERIC",eric.trujillo@martinez-rodriguez.com,876-949-4167,,Y,"March 12, 2020",N
CT-001895,10849,Caitlyn Clark,caitlyn.clark@wong-santos.com,2346760150,CTO,FALSE,02/28/25,N
CT-000552,10244,Victor Gibson,VICTOR.GIBSON@ANDERSON.COM,838-414-3816,Purchasing,no,12/04/2024,N
CT-000266,10116,Brent Simpson,brent.simpson@anderson.com,3202920929,Technical,Y,"March 14, 2026",N
CT-000671,10304,Kathleen Rangel,kathleen.rangel@medina.com,973.609.8026,Technical,FALSE,07/12/25,Y
CT-000746,10339,Evelyn Graham,evelyn.graham@moon-flores.com,937.912.5696,IT,yes,2026/03/05,N
CT-000050,10022,Raymond Bishop,raymond.bishop@jordan.com,(985) 412-3407,IT,N,2019-07-17,N
CT-001322,10589,Justin Warner,justin.warner@benson-rodriguez.com,+1 981 588 2247,AP,no,07-Jan-2026,N
CT-000318,10140,Jessica Carr,JESSICA.CARR@VILLEGAS.COM,900-569-0543,Billing,0,25-Sep-2017,N
CT-001224,10547,"GEORGE, GARY",gary.george@cohen.com,507-276-2814,,1,03-Aug-2022,N
CT-001362,10610,Leah Crane,LEAH.CRANE@WILLIAMS.COM,338-874-0062,billing contact,Y,2026-02-18,N
CT-001650,10745,Jeffrey Lynch,jeffrey.lynch@taylor-matthews.com,(286) 321-2299,Technical,N,2020-01-02,N
CT-000925,10416,Brooke Short,brooke.short@cross.com,709-0986,Technical,FALSE,03/17/2026,N
CT-002257,10191,Gloria Espinoza,GLORIA.ESPINOZA@WILSON.COM,8014265628,,no,01-Jan-2022,N
CT-000231,10102,Jonathon Parks,jonathon.parks@mcintyre.com,426.416.8533,Ops Manager,,04/26/2025,N
CT-000271,10118,Timothy Baker,timothy.baker@dalton.com,657-638-8248,IT,N,2025/08/19,N
CT-000973,,"OBRIEN, SYDNEY",sydney.obrien@gray.com,931-874-2515,CTO,Y,,N
CT-001096,10491,Anthony Swanson,anthony.swanson@eaton-smith.com,(754) 536-9295,Ops Manager,N,03/17/2025,
CT-002221,10517,"Ryan, Jessica",jessica.ryan@ramos.com,997-7609,Billing,no,02/22/26,N
CT-001953,10876,Kimberly Simmons,kimberly.simmons@moore.com,666-3255,Primary,TRUE,19-Feb-2019,N
CT-001944,10872,Mr. Victoria N. Chavez,victoria.chavez@haynes.com,624-665-7200,Primary,TRUE,2023/02/11,N
CT-000105,10049,Kelsey Salinas,kelsey.salinas@bass.com,7753576387,Technical,no,06/05/25,N
CT-001621,10732,Karen Hayes,karen.hayes@wade.com,845.390.6330,Primary,1,2025-12-03,N
CT-002027,10913,Elizabeth Williams,elizabeth.williams@snyder.com,,Ops Manager,,2025/03/09,N
CT-000830,,"JACKSON, TYLER",tyler.jackson@spencer.com,653-692-2143,Billing,N,,N
CT-001609,10724,Dr. Robert J. Larson,robert.larson@fletcher.com,889.442.9358,Purchasing,N,02/09/26,N
CT-000726,10328,Michael Hurst,michael.hurst@peck-anderson.com,,CEO,N,2019/05/16,N
CT-000403,10176,Eddie Mendoza,eddie.mendoza@carlson-smith.com,(457) 671-9922,Purchasing,TRUE,"January 31, 2026",
CT-001412,10634,Roger Jensen,roger.jensen@morgan.com,3262814704,Main,no,"February 02, 2026",N
CT-000046,10021,"MUNOZ, KATHERINE",katherine.munoz@cummings.com,896-631-1454,Purchasing,Y,06/03/2026,N
CT-001949,10875,"WIGGINS, MATTHEW",matthew.wiggins@higgins.com,7119400752,Billing,1,2022/05/22,N
CT-000632,10285,Angela Martin,angela.martin@white.com,(594) 493-8744,Billing,no,04/16/2022,N
CT-000220,73381,David Fox,david.fox@jimenez.com,459-265-0309,Main,FALSE,2022-01-20,N
CT-000034,10015,Robin Rodriguez,robin.rodriguez@ryan.com,(456) 944-9208,,FALSE,10-Apr-2023,Y
CT-001764,10793,William Simpson,WILLIAM.SIMPSON@BOYD.COM,(286) 959-0771,billing contact,N,25-Nov-2025,N
CT-002070,10931,Robin Alvarado,ROBIN.ALVARADO@KERR.COM,330-247-0732,Technical,0,2016/10/24,N
CT-000401,10175, Randall  Griffin ,randall.griffin@young-martinez.com,334.396.3284,Billing,N,2021-12-27,N
CT-001910,10856,Jennifer Jackson,jennifer.jackson@cooper-hall.com,+1 584 854 1133,Primary,N,"August 04, 2025",Y
CT-001212,10541,Stephanie Williams,stephanie.williams@donovan.com,(599) 793-9183,,N,07/02/2024,N
CT-000282,10125,Ryan Gonzalez,ryan.gonzalez@winters.com,+1 473 853 5684,Ops Manager,N,08-Mar-2024,N
CT-001380,10620,Katie Villa,katie.villa@williams.com,551-811-5453,billing contact,Y,2023-07-18,N
CT-000999,10448,Christopher Johnson,christopher.johnson@moon.com,,,FALSE,04/06/25,N
CT-001681,10757,Jessica Williams,jessica.williams@butler.com,(435) 820-1118,,Y,02/13/25,N
CT-002135,10961,Linda James,linda.james@brown-stone.com,+1 730 212 1480,Primary,Y,"July 14, 2025",N
CT-001439,10644,"YODER, EMILY",emily.yoder@white-carlson.com,+1 527 547 3081,billing contact,N,05/12/25,Y
CT-002031,10915,John Carpenter,john.carpenter@braun.com,7924958924,Primary,Y,11/03/2026,N
CT-001400,74495, Kim  Mccarthy ,kim.mccarthy@lewis.com,+1 699 334 8326,Billing,Y,"August 11, 2023",N
CT-000378,10166,Amanda Carter,amanda.carter@lamb.com,(265) 663-2945,,no,2025-09-14,N
CT-002154,10970,Felicia Moore,felicia.moore@martin-clark.com,+1 364 219 7638,Primary,Y,2020-09-22,N
CT-001546,10698,"SULLIVAN, DIANA",diana.sullivan@bryant.com,475.860.5128,,,2023-06-29,N
CT-000142,10063,Michael Chase,michael.chase@juarez-gray.com,+1 298 573 0725,IT,FALSE,2023/02/14,N
CT-000078,10035,Stephanie Olson,stephanie.olson@farrell.com,+1 614 841 8662,Primary,TRUE,02/14/23,N
CT-000098,10046,Ms. Matthew D. Vargas,matthew.vargas@frost.com,(854) 509-7275,Billing,FALSE,"October 30, 2024",
CT-000479,10212,Jason Walker,jason.walker@williams.com,315.791.1458,,N,06/20/2025,N
CT-001170,10523,"COX, CHARLES",charles.cox@watson-stewart.com,981.317.6753,Billing,0,10/20/2025,N
CT-000028,10012,"SHAW, TOM",tom.shaw@king.com.,(451) 972-6026,IT,no,2017-01-27,N
CT-001311,10584,Andrew Newton,andrew.newton@anderson.com,927-595-1228,Billing,N,,N
CT-001987,10896,Tiffany Good,tiffany.good@scott.com,2689393307,billing contact,Y,2025-05-12,N
CT-000992,10446,Grant Rodriguez,grant.rodriguez@tran.com,7039444884,CEO,no,04/13/26,N
CT-000985,10444,Daniel Gilmore,daniel.gilmore@lewis-summers.com,+1 611 459 0222,Primary,Y,2022/11/02,N
CT-000322,10142,Joshua Lee,joshua.lee@thomas.com,633.485.8427,Ops Manager,Y,2020-11-16,Y
CT-001144,10512, Nicholas  Dunlap ,NICHOLAS.DUNLAP@MITCHELL.COM,794.765.0522,Billing,0,02/07/2024,Y
CT-001398,10628, Kevin  Wolf ,kevin.wolf@mclaughlin.com,(518) 703-9742,Main,TRUE,04/20/26,N
CT-001131,10505,Jeremy Lynn,jeremy.lynn@moore.com,8853799425,,TRUE,2026/04/04,N
CT-001638,10740,Gloria Schultz,GLORIA.SCHULTZ@RANDALL.COM,(493) 593-0747,Ops Manager,0,10/19/25,N
CT-001242,10555,Hailey Mcclain,HAILEY.MCCLAIN@CLAY-BOYER.COM,349-529-0521,,FALSE,01/16/2025,N
CT-001559,10705,Ms. Monica H. Miller,monica.miller@bailey-smith.com,,IT,,02/05/25,N
CT-000216,10096,Dustin Yates,dustin.yates@moore.com,(845) 605-5345,CEO,Y,2023-05-26,N
CT-000618,10279,Benjamin Reese,BENJAMIN.REESE@ARMSTRONG.COM,315-301-7154,Primary,no,03/27/23,N
CT-000703,10318,Carol Smith,carol.smith@ward.com,(765) 533-1920,Purchasing,no,"September 17, 2024",N
CT-001615,10728,George Price,george.price at miller-myers.com,858.868.5098,Billing,Y,10/04/19,N
CT-002271,10233,Timothy Williams,TIMOTHY.WILLIAMS@BOYLE-SMITH.COM,783.308.8836,AP,TRUE,29-Oct-2024,N
CT-000475,10210,Melinda Osborne,melinda.osborne@hughes.com,,Purchasing,N,2025-02-12,
CT-000265,10115,Dennis Gomez,dennis.gomez@kramer-johnson.com,(716) 610-2800,Billing,N,28-Dec-2024,Y
CT-000562,10249,Robert Harvey,robert.harvey@johnston.com,893-886-9791,billing contact,N,2026/02/25,N
CT-001236,10551,"SCHMITT, ELIZABETH",ELIZABETH.SCHMITT@BROWN.COM,820-4871,Billing,FALSE,09/24/24,N
CT-001404,10631,Gabriel Schultz,gabriel.schultz@nielsen-mendoza.com,,,N,2026/06/08,N
CT-000603,10272,Samuel Gaines,samuel.gaines@allen.com,817-0891,Technical,Y,01/17/26,N
CT-000010,10004,Janice Mccann,janice.mccann@blair.com,(300) 900-4885,Owner,N,12/23/2024,N
CT-000086,,"LAMBERT, STEPHANIE",stephanie.lambert@hancock.com,448-583-8634,,N,17-May-2026,N
CT-001667,10751,Steven Davidson,steven.davidson@cardenas.com,(987) 591-3903,,0,2025/01/20,N
CT-001499,10677,Richard Williams,richard.williams,953.561.7591,Purchasing,0,2024-03-18,N
CT-000055,10025,Anthony Martinez,anthony.martinez@martin.com,(815) 800-6142,CEO,N,11/30/19,N
CT-001835,10820,Angela Rodriguez,angela.rodriguez@sanders.com,,billing contact,,02/10/2026,N
CT-001951,74683,Colin Chase,colin.chase@higgins.com,9312079049,Billing,N,23-Jul-2022,N
CT-001086,10488, Melissa  Cruz ,melissa.cruz@hughes-hardin.com,+1 933 322 7167,billing contact,no,20-Jan-2026,N
CT-001258,10563,Hailey Austin,hailey.austin@parsons-allen.com,340-708-0017,billing contact,Y,04/10/25,Y
CT-002232,10119,Sarah Haley,sarah.haley@smith-herrera.com,322-271-5900,Purchasing,TRUE,03/31/2022,N
CT-000123,10057,Jeffrey Fitzgerald,JEFFREY.FITZGERALD@JONES-MITCHELL.COM,432.381.4328,Main,0,03-Sep-2024,N
CT-000571,10253,Eric Garcia,eric.garcia@hart.com,364.325.5145,Billing,FALSE,01/16/2022,N
CT-000138,10062,Barbara Ramos,barbara.ramos@alvarado.com,(872) 970-0059,,Y,15-Apr-2026,Y
CT-001268,10567,"WEST, ROBERT",robert.west@rios.com,5452183810,Technical,N,07/30/2022,N
CT-001164,10520,"LLOYD, MARK",mark.lloyd@spencer.com,603.328.9497,,FALSE,"September 01, 2020",N
CT-001022,10457,Larry Montgomery,larry.montgomery@oliver.com,(543) 425-7583,Purchasing,N,,N
CT-000831,10379,James Walsh,james.walsh@hernandez-ward.com,(742) 658-2478,Technical,TRUE,2019/04/02,N
CT-002136,10961,Thomas Boone,thomas.boone@,(315) 937-9966,CEO,0,2025-09-19,N
CT-002273,10100,Cory Williams,cory.williams@burns.com,4442204173,Primary,no,"September 02, 2025",Y
CT-001008,10451,Vincent Kelly,vincent.kelly@gordon.com,(707) 879-5387,,1,2024/12/29,N
CT-001115,10499, Donna  Huff ,donna.huff@jacobs.com,(822) 825-9774,Billing,yes,"June 30, 2023",N
CT-001347,10602,"MORSE, JESSICA",jessica.morse@turner-reese.com,(681) 257-2167,,N,2025/08/30,N
CT-001707,10768,Brandy Hernandez,brandy.hernandez@snyder-cruz.com,971.444.3526,AP,,2020-01-15,N
CT-001057,10475,Brandon Pham,brandon.pham@arroyo.com,6062919064,Billing,Y,2023-05-06,Y
CT-002265,10058,Dr. Sandra A. Parsons,sandra.parsons@hernandez.com,6509423558,Technical,N,30-Apr-2022,N
CT-002038,10918,Julie Reynolds,julie.reynolds@smith-lee.com,9258553362,Ops Manager,Y,17-Sep-2019,N
CT-000302,10135,Dr. Ricardo C. Barber,ricardo.barber@beasley-gutierrez.com,+1 231 314 3918,Ops Manager,yes,,N
CT-000286,10128,Mr. John R. Ruiz,JOHN.RUIZ@SMITH.COM,+1 486 727 4334,Main,Y,01/11/23,N
CT-002202,10994,Jacob Walker,jacob.walker@lynch.com,216.396.1995,Purchasing,no,2026/01/16,N
CT-001071,10482,John Orozco,john.orozco@vance.com,(623) 844-1521,Ops Manager,1,,N
CT-001246,10557,Dr. Mary N. Garrett,mary.garrett@watson.com,8106037165,Technical,Y,2025-12-16,
CT-000847,10384,Erin Roberts,erin.roberts@cardenas-barnes.com,8542638364,CEO,FALSE,2025-08-21,N
CT-001245,10556,"GRANT, JAMES",james.grant@richards-foster.com,514-950-1259,IT,N,20-Apr-2021,N
CT-001762,10792,Katherine White,katherine.white@hurley.com,637-718-4575,AP,FALSE,"August 03, 2023",N
CT-001759,10791,Amanda Peterson,amanda.peterson@hines.com,556-250-6222,billing contact,no,"March 31, 2020",N
CT-001857,10830,Kyle Garcia,kyle.garcia@lewis.com,(388) 390-5205,Technical,FALSE,10/13/22,N
CT-000452,10198,Tiffany Strickland,tiffany.strickland@guerra.com,(430) 369-7649,Primary,N,06/21/2026,N
CT-002098,10943,Laura Riley,LAURA.RILEY@POTTER.COM,9343140189,Owner,N,2022-05-01,
CT-001060,10476,Dr. Samuel B. Campbell,samuel.campbell@white.com,645.953.3353,,FALSE,01/23/2026,N
CT-001594,10719,Laura Benson,laura.benson@allen-duarte.com,396-356-9101,CTO,,05/15/2026,N
CT-000022,10010,Mr. Adam S. Jackson,adam.jackson@ryan.com,+1 924 392 6648,Billing,0,"October 04, 2022",N
CT-000624,10282,Michael Turner,michael.turner@,(293) 969-2582,billing contact,Y,,N
CT-000487,10217,Donald Sanchez,donald.sanchez@allen.com,(360) 980-9604,Main,0,18-May-2024,N
CT-000434,10190, Michael  Mitchell ,michael.mitchell@taylor.com,(423) 726-7329,CTO,N,2023/08/03,N
CT-000410,10180,Jacob Thomas,jacob.thomas@bell.com,(864) 236-2125,Ops Manager,TRUE,"December 12, 2022",N
CT-000709,10322,Anthony Taylor,anthony.taylor@may.com,(415) 269-9550,Main,TRUE,2025/01/30,N
CT-001956,10878,Maria Martinez,maria.martinez@evans-doyle.com,,Main,1,"December 07, 2017",N
CT-001744,10787,Nicole Williams,nicole.williams@montes-harris.com,417-202-0435,,FALSE,06/26/2026,N
CT-001093,10490,Karen Rogers,karen.rogers@black.com,+1 366 850 7985,Ops Manager,N,23-Jun-2025,N
CT-001892,10848,"SMITH, GREGORY",gregory.smith@miller-taylor.com,(202) 846-7406,Purchasing,N,04-Oct-2022,N
CT-002005,10902,Mary Scott,mary.scott@cisneros.com,(376) 765-0060,,,,N
CT-000628,10283,Michael Clayton,michael.clayton@harris.com,+1 475 778 6538,Billing,FALSE,,N
CT-001966,10884,"HART, KIMBERLY",kimberly.hart@benson.com,744-406-2741,Primary,TRUE,,Y
CT-000209,10093,Lorraine Stewart,lorraine.stewart@edwards.com,253-2813,IT,FALSE,05/28/23,N
CT-002248,10815,"GREEN, TERESA",TERESA.GREEN@CHRISTIAN.COM,3425181161,Billing,N,"October 07, 2022",N
CT-001622,10733,Tanner Moore,tanner.moore@washington.com,202.375.6832,Technical,yes,11-Jan-2022,N
CT-000954,10428,Lauren Marshall,lauren.marshall@sawyer.com,(801) 320-4242,,Y,23-Nov-2025,N
CT-000306,10136,Maurice Smith,maurice.smith@brooks-hernandez.com,(341) 984-4060,Technical,yes,,N
CT-000385,10168,Teresa Nguyen,teresa.nguyen@joyce.com,456-457-5511,Technical,no,2024/09/04,N
CT-000599,10270,Tabitha Phillips,TABITHA.PHILLIPS@CLAY.COM,+1 856 987 3746,Main,0,2025/04/22,N
CT-001535,10693,Raymond Jones,RAYMOND.JONES@MCCLURE.COM,,CEO,Y,"January 19, 2018",N
CT-000616,10279,Meredith Walters,MEREDITH.WALTERS@ARMSTRONG.COM,(839) 443-8514,,Y,03/29/23,N
CT-001409,10633,Denise Thompson,denise.thompson@herrera.com,5329361571,CTO,TRUE,2024/06/24,N
CT-001343,10600,Tracy Porter,tracy.porter@browning.com,373.369.2349,CTO,Y,29-Nov-2025,N
CT-001356,10607,Albert Wilson,albert.wilson@camacho-burns.com,(785) 535-4260,Purchasing,yes,11/29/2021,N
CT-001975,10888,Roger Harris,roger.harris@collins.com,(753) 285-8733,Billing,N,,N
CT-000201,10090,"BRYANT, FRANK",frank.bryant at key.com,871-982-3165,Primary,FALSE,"May 17, 2024",Y
CT-000965,10433,Rachel Warren,rachel.warren@hobbs.com,(553) 522-3665,Primary,N,2019-07-21,N
CT-000820,10374,Ms. Joshua S. Lawson,joshua.lawson@snyder-gray.com,,Technical,yes,"October 26, 2024",N
CT-002153,10969,Theresa Davis,theresa.davis@riddle-tran.com,924-524-1332,Purchasing,1,12/31/20,Y
CT-001383,10621,Dakota Robinson,dakota.robinson@evans.com,579.362.7944,Technical,,15-Aug-2025,N
CT-001549,10699,Gina Smith,gina.smith@walker.com,827.681.7158,CTO,no,20-Apr-2023,N
CT-000635,10286, Cynthia  Park ,cynthia.park@fuentes.com,(630) 386-3557,Main,N,02-Oct-2024,N
CT-001469,10662,Jordan Gonzales,jordan.gonzales@english-dominguez.com,384.432.1890,CEO,N,2024-04-23,N
CT-000451,10198,Ms. Kristina R. Hensley,kristina.hensley@guerra.com,(595) 775-0034,Primary,yes,2026/05/24,N
CT-000159,10074,Sean Smith,sean.smith@black.com,4803552495,Purchasing,Y,2025/02/07,N
CT-000206,10092,Debbie Klein,debbie.klein@garcia.com,3053796234,CTO,0,"March 16, 2022",N
CT-001970,10885,Garrett Moore,garrett.moore@phelps.com,591-958-5781,Ops Manager,N,03/26/2024,N
CT-001372,10614,Clifford Ellis,clifford.ellis@wong.com,429.624.7634,Purchasing,Y,2022-04-12,N
CT-001041,10466,Tim Harrington,tim.harrington@flores.com,513.730.2796,CTO,Y,02/24/2026,N
CT-000501,10224,"PEREZ, KEVIN",kevin.perez@nelson.com,(712) 698-2196,Main,,10/02/23,Y
CT-000890,10402,Wayne Mullen,WAYNE.MULLEN@DAY.COM,459-389-0568,AP,Y,04/18/26,N
CT-000217,10096,Joshua Garcia,joshua.garcia@moore.com,(988) 462-2111,,,10/22/2023,N
CT-001333,10594,Sheri Watkins,sheri.watkins@gonzalez.com,,Ops Manager,FALSE,08/11/2019,N
CT-000202,10091,"RHODES, SHIRLEY",shirley.rhodes@moon-white.com,469-741-2045,,0,01/09/2021,N
CT-000052,10023,Dr. Linda P. Smith,linda.smith@wright.com,(238) 466-7641,,N,07/21/25,N
CT-001590,10718,"GAINES, CHRISTIAN",christian.gaines@nicholson.com,420.543.4727,Ops Manager,FALSE,"August 11, 2026",N
CT-001565,10708,Miranda Stevens,miranda.stevens@trujillo.com,5366806102,Billing,Y,12/14/2025,N
CT-001153,10516,Diane Hernandez,diane.hernandez@jones.com,+1 818 285 0339,Ops Manager,TRUE,07/17/21,N
CT-000333,10147, Aaron  Guerrero ,aaron.guerrero@thompson-james.com,646-703-4988,,,2024/07/19,N
CT-000077,10034,Steven Mosley,steven.mosley@wilson-rodriguez.com,775-445-9642,Billing,no,08/06/25,Y
CT-001257,10562,Jennifer Williams,JENNIFER.WILLIAMS@WEAVER-GIBSON.COM,635.707.4769,Main,no,19-Oct-2023,N
CT-000579,10259,Randy Hamilton,RANDY.HAMILTON@HART.COM,(664) 785-8949,Technical,Y,12/23/2024,N
CT-001126,10503,Greg Pitts,greg.pitts@kent.com,(781) 698-7413,Primary,N,05/22/2025,N
CT-001711,10772,Rachel Compton,rachel.compton@morgan.com,(779) 698-1358,IT,Y,03/26/2022,N
CT-000373,10165,Sarah Hunt,sarah.hunt@stephenson.com,217-497-5883,,Y,04/18/2024,N
CT-000563,10250,Erin Alexander,erin.alexander@turner-brown.com,7943827079,,yes,12/06/2023,N
CT-001961,10881,Mr. Ian F. Wilkins,IAN.WILKINS@SIMMONS.COM,(296) 905-5056,Ops Manager,TRUE,09-Apr-2024,N
CT-000374,10165,William Le,WILLIAM.LE@STEPHENSON.COM,(815) 553-3198,Primary,FALSE,12/26/2023,N
CT-001225,10548,Bernard Macdonald,bernard.macdonald@gibson.com,557-235-4580,billing contact,TRUE,08/14/2025,N
CT-002239,10771,"WOODS, ZACHARY",ZACHARY.WOODS@FOSTER.COM,,Main,1,2024/11/23,N
CT-001283,10574,Daisy Williams,DAISY.WILLIAMS@MOYER-SMITH.COM,8319874252,Technical,TRUE,,N
CT-001434,10643, David  Ramos ,david.ramos@fernandez-williams.com,2029333335,Owner,Y,28-Mar-2023,N
CT-001770,10795,Jesse Parker,jesse.parker@mcdaniel-young.com,(463) 746-9739,,no,"October 31, 2024",Y
CT-001415,10635,Sarah Cowan,sarah.cowan,761-653-2851,Billing,FALSE,2026-01-10,N
CT-001543,10697,Raymond Holmes,raymond.holmes@smith.com,770-909-7737,Primary,1,"June 08, 2025",N
CT-000235,10104,Danielle Wood,danielle.wood@jones.com,+1 853 927 9301,Technical,yes,2022/05/29,N
CT-000472,10208,Michael Wells,MICHAEL.WELLS@SIMPSON-KHAN.COM,7756468397,Billing,1,03/09/2023,N
CT-001055,10474,Robert Goodwin,robert.goodwin@wong.com,364.595.5845,Main,no,11/01/2024,N
CT-001792,10804,Jonathan Wall,jonathan.wall@johnson.com,+1 911 564 1384,CEO,Y,2026-02-19,Y
CT-001939,10869,Mary Young,mary.young@crane-black.com,333-955-9472,Owner,Y,01-Apr-2024,N
CT-001290,10577,Dr. Nicholas C. Deleon,nicholas.deleon@hall.com,780-541-1380,Ops Manager,Y,2026-01-11,N
CT-002190,10989,Ms. Marie D. Lopez,marie.lopez@solis.com,(711) 382-6215,Technical,0,21-Jun-2026,N
CT-000982,10442,Erin Morris,erin.morris@walker.com,+1 858 994 5479,Purchasing,no,09/14/20,N
CT-000455,10199,Tiffany Briggs,tiffany.briggs@jacobson.com,+1 806 908 0780,Billing,,2025/01/10,Y
CT-000991,10445,Crystal Johnson,crystal.johnson@chapman.com,286.206.0769,Main,N,25-Feb-2026,N
CT-002226,10097,Nancy Chapman,NANCY.CHAPMAN@JIMENEZ.COM,617.506.2338,Primary,0,"October 28, 2021",N
CT-000716,10325,Sandra Wright,sandra.wright@tran.com,3965344960,Billing,Y,"January 10, 2025",
CT-001210,10540,Sarah Mitchell,sarah.mitchell@anderson.com,279.318.3697,Billing,,"November 09, 2024",N
CT-001237,10552,Linda Garner,linda.garner@martinez.com,9052734807,billing contact,TRUE,,N
CT-000114,10054,Maria Johnson,maria.johnson@grant.com,971.436.9981,Primary,Y,"April 26, 2020",Y
CT-001308,10583,Nancy Atkins,nancy.atkins@rogers.com,(394) 820-4266,Billing,no,11/30/24,N
CT-000913,10411,Rita Johnson,rita.johnson@carter.com,304.840.0653,,FALSE,10/24/2024,N
CT-001049,10471,Jacqueline Dunn,jacqueline.dunn@brown.com,390-696-8304,Technical,Y,04/14/2024,N
CT-000800,10363,Diana Abbott,DIANA.ABBOTT@YOUNG.COM,466-257-7296,,N,03/09/25,Y
CT-001557,10704,Daniel White,daniel.white@allen-thompson.com,2728373059,CEO,0,04-Jun-2025,N
CT-001644,10742,Ricardo Smith,ricardo.smith@stewart-jacobs.com,599-599-1155,Primary,N,06/12/26,N
CT-001902,10851,Kristin Johnson,kristin.johnson@heath.com,501.519.2319,Technical,N,07/31/2017,N
CT-001411,10634,Ms. Kelli C. Reed,kelli.reed@morgan.com,548.346.2186,Technical,Y,2025-12-16,N
CT-002180,10984,Ms. Aimee M. Sherman,aimee.sherman@cole.com,921-931-5959,Primary,0,2025-05-23,N
CT-001693,10762,Katherine Peterson,katherine.peterson@matthews.com,(626) 739-7970,Owner,Y,13-Nov-2023,N
CT-001481,10668,William Clark,william.clark at fisher-yu.com,(671) 699-3691,Billing,N,01-Aug-2025,N
CT-002059,10927,Danielle Sherman,danielle.sherman@martinez.com,(598) 980-5007,billing contact,Y,2025-11-07,N
CT-000604,10272,Ashley Morrow,ashley.morrow@allen.com,609-641-6424,Primary,no,03/11/26,N
CT-001778,10798,Zachary Wells,zachary.wells@evans.com,562-289-9749,CTO,Y,2023-06-21,
CT-001483,10669,Sandra Holmes,sandra.holmes@glover.com,+1 473 390 7075,CTO,no,2022/02/04,N
CT-000521,10232, Bradley  Downs ,bradley.downs@chase.com,3177519101,Billing,0,2025/08/10,N
CT-000842,10382,George Wolf,GEORGE.WOLF@BAKER.COM,6285400604,CTO,,13-Dec-2020,N
CT-001566,10708, Brendan  Greene ,BRENDAN.GREENE@TRUJILLO.COM,693.664.4484,Ops Manager,TRUE,"May 15, 2026",
CT-000085,10039,"WADE, JENNIFER",jennifer.wade@estrada.com,767.249.9301,Ops Manager,TRUE,2023-07-09,N
CT-000594,10268,Christopher Russo,christopher.russo@,(675) 844-2461,,N,03/24/2024,N
CT-000179,10082,Seth Edwards,seth.edwards@miller-wright.com,+1 827 530 9038,,no,2026-08-18,N
CT-001340,10598,"GEORGE, HANNAH",hannah.george@butler.com,8909385501,Technical,N,04/23/2026,N
CT-001180,10528, Troy  Keith ,troy.keith@anderson.com,925-804-7657,CEO,no,2018-04-26,N
CT-000785,10355,Aimee Allen,aimee.allen@stein.com,549.447.2143,Billing,0,12-May-2019,N
CT-001648,10744,Robert Barnes,robert.barnes@figueroa-perry.com,+1 303 914 8938,Ops Manager,Y,"September 22, 2023",N
CT-002253,10868,Ms. Laura G. Petty,laura.petty@mullins.com,483.429.1430,,yes,,N
CT-000344,10152,Breanna Miller,breanna.miller@briggs.com,(731) 422-3460,Primary,Y,"April 16, 2023",N
CT-002189,10989,Gabriella Brown,gabriella.brown@solis.com,926-837-1984,billing contact,Y,2026-06-23,N
CT-000669,10304,"WILSON, DAVID",DAVID.WILSON@MEDINA.COM,6969280531,Technical,,2025-03-09,N
CT-000284,10126,Robert Gentry,robert.gentry@may.com,+1 659 223 5114,Ops Manager,no,,N
CT-001402,10630,Logan Miller,logan.miller@jennings.com,369-700-4680,Billing,N,"July 05, 2019",N
CT-000483,10214,Roger Brown,roger.brown@clayton.com,(670) 507-3339,Billing,,21-Mar-2022,N
CT-000846,10384,Brandon Smith,brandon.smith@cardenas-barnes.com,462-325-5899,Purchasing,N,10/15/2025,N
CT-000035,10016,Ms. Dana M. Miller,dana.miller@allen-allen.com,8244787857,,Y,"July 27, 2025",N
CT-001940,10870,Randy Smith,randy.smith@acevedo.com,746-714-7950,CEO,TRUE,2024/12/26,N
CT-000364,10162, Bruce  Compton ,bruce.compton@hansen-schneider.com,+1 806 425 3400,Billing,Y,07/30/2025,
CT-001992,10898,Donald Morales,donald.morales@williams.com,375-8835,Primary,Y,07/21/2023,N
CT-001735,10783,Meredith Perez,MEREDITH.PEREZ@REED-HOWARD.COM,308.768.9545,Billing,no,,N
CT-002073,10933,"CRUZ, DEAN",DEAN.CRUZ@FOWLER.COM,595.554.7836,Primary,FALSE,01/18/22,Y
CT-000273,10119,Phillip Leblanc,phillip.leblanc@smith-herrera.com,796-413-4115,CTO,yes,15-Apr-2022,N
CT-000855,10387,Kevin Cook,kevin.cook@miller-vega.com,606-0620,Primary,N,02/12/2026,N
CT-000156,10072,Emily Davis,emily.davis@ramirez.com,(543) 667-3246,Purchasing,Y,12/10/2020,Y
CT-001727,10779,Antonio Sims,antonio.sims@dyer-martin.com,(441) 429-9272,Technical,FALSE,12/17/25,N
CT-000875,10395,Mr. Mary A. Martinez,mary.martinez@figueroa-malone.com,4197453631,Owner,N,2026-01-11,N
CT-001740,10786,Rebecca Anderson,rebecca.anderson@garcia-leonard.com.,4025591243,CTO,TRUE,05/13/2024,N
CT-001628,10736,Amanda Gray,amanda.gray@johnson.com,842-982-9544,Ops Manager,yes,03/25/26,N
CT-001941,10871, Timothy  Mathews ,TIMOTHY.MATHEWS@HERNANDEZ.COM,+1 817 858 3346,Billing,Y,03/17/2020,N
CT-002030,10914,Cody Levy,cody.levy@anderson.com,531-467-8859,Primary,N,02/05/25,N
CT-000143,10064,Curtis Floyd,curtis.floyd@williams.com,,Main,Y,,N
CT-000642,10291,Cynthia Gordon,cynthia.gordon@walker.com,2103041760,Primary,Y,2026-02-21,N
CT-000822,10374,"WRIGHT, BRENDAN",brendan.wright@snyder-gray.com,609-2573,,FALSE,09/07/24,Y
CT-001396,10627, Derrick  Aguirre ,derrick.aguirre@morton-stephenson.com,733-388-7285,,TRUE,24-Nov-2019,N
CT-000488,10218,Alexander Guerra,ALEXANDER.GUERRA@HAMPTON.COM,2956214690,,TRUE,07-Sep-2024,N
CT-000225,10100,Cory Williams,cory.williams@burns.com,4442204173,Primary,no,"September 02, 2025",Y
CT-000701,10318, David  Cooper ,david.cooper@ward.com,864.417.9243,,1,30-May-2024,N
CT-001495,10675,Brittney Neal,brittney.neal@alvarez-alvarez.com,(526) 519-0466,Ops Manager,Y,2023/06/15,N
CT-001669,10752,"STOUT, MONICA",monica.stout@taylor.com,,billing contact,1,2026/01/05,N
CT-001493,10674,Amy Walton,amy.walton@walsh.com,306-522-3641,Main,FALSE,2021/07/14,N
CT-001011,10452,Colleen Sawyer,COLLEEN.SAWYER@MCKINNEY.COM,656-9406,AP,Y,24-Jan-2023,N
CT-002140,10964, Jorge  Gonzalez ,jorge.gonzalez@griffin.com,515.759.9065,IT,Y,,N
CT-000867,10392, Joshua  Sims ,joshua.sims@vaughn-williams.com,(208) 265-7788,Main,N,12-Dec-2022,N
CT-001977,10889,Richard Price,richard.price@murray.com,723-504-1190,AP,N,02-Jan-2026,N
CT-001502,10678,Daniel Simmons,DANIEL.SIMMONS@ADAMS-GARCIA.COM,(269) 765-2545,Technical,0,"May 30, 2025",N
CT-001188,10531,Zachary Moreno,zachary.moreno@lewis.com,981-873-5272,Owner,Y,12-Dec-2022,N
CT-000122,10057,Melanie Michael,MELANIE.MICHAEL@JONES-MITCHELL.COM,487-429-5081,,TRUE,09/12/24,N
CT-000821,10374,April Rodriguez,april.rodriguez@snyder-gray.com,,Technical,no,2024-11-04,N
CT-002093,10941,Ryan Diaz,ryan.diaz,891.956.7518,CTO,Y,08/21/26,Y
CT-000068,10031,Shelly Alvarez,shelly.alvarez@hickman-walls.com,716.328.2489,CEO,N,2024/04/09,N
CT-000412,10180,Deanna Powell,deanna.powell@bell.com,(581) 612-9508,Ops Manager,,2022/11/19,N
CT-000151,10068, Jennifer  Sanchez ,jennifer.sanchez@rivas.com,(329) 825-3649,Primary,N,2026/04/30,N
CT-001275,10570,Grace Johnson,grace.johnson@garrett.com,448-626-4943,Billing,no,11/12/21,N
CT-000861,10390,Jeffrey Mcknight,jeffrey.mcknight@hart.com,413.377.2214,Owner,Y,16-May-2026,Y
CT-000907,10408,Kimberly Bass,kimberly.bass@knox-powers.com.,4672565923,,N,02/04/24,N
CT-000576,10256,Amanda Cardenas,amanda.cardenas@lewis.com,375-809-8785,Owner,N,04/03/22,N
CT-001656,10747,Andrew Guzman,andrew.guzman@murray.com,+1 820 269 9746,,FALSE,"January 25, 2026",N
CT-001875,10838, Frank  Clark ,frank.clark@burns.com,861-278-4111,IT,N,2025/03/04,N
CT-002104,10945,Tiffany Nicholson,tiffany.nicholson@foster.com,+1 685 693 2586,Primary,N,2021-08-15,N
CT-001477,10665,Debbie Fleming,debbie.fleming@thomas.com,+1 737 813 6805,Ops Manager,Y,03/19/26,N
CT-001838,10822, Taylor  Santos ,taylor.santos@smith.com,(664) 405-0521,CTO,TRUE,2018-10-17,N
CT-000420,10184,Carol Sparks,carol.sparks@kline-hughes.com,+1 543 910 8274,Billing,1,02/13/26,N
CT-000094,10043,Desiree Glover,desiree.glover@rasmussen.com,9114464889,Primary,N,2023-12-06,
CT-002229,10612,Frank Espinoza,frank.espinoza@davis-mason.com,(947) 772-5356,Ops Manager,Y,2024-07-25,N
CT-001302,76040, Lacey  Williams ,lacey.williams@torres.com,,,no,"January 16, 2026",Y
CT-000502,10224,Sarah Nelson,sarah.nelson,+1 349 490 7568,Billing,N,30-Nov-2023,N
CT-000799,10363,Mr. Sheryl L. Erickson,sheryl.erickson@young.com.,2668449914,Primary,N,2024-09-08,Y
CT-001512,10684,"FOSTER, MICHAEL",michael.foster@schwartz-contreras.com,339-825-7299,Primary,N,07/09/25,N
CT-000144,10065,Michele Bennett,michele.bennett@howell.com,(581) 530-2046,Purchasing,Y,2025-10-09,N
CT-001098,10492,Kimberly Mcfarland,kimberly.mcfarland@lopez.com,,Purchasing,no,2026-06-06,N
CT-001864,10833,Jesse Gillespie,jesse.gillespie@,+1 702 373 9776,Billing,Y,2022/01/25,N
CT-000009,10004,Jennifer Cruz,jennifer.cruz@blair.com,,Primary,,07/19/2024,N
CT-000352,10155,Kathleen Ferguson,kathleen.ferguson@hayes-brown.com,260.831.0380,Technical,no,08/28/25,N
CT-001903,10852,Mr. James J. Powell,JAMES.POWELL@MCCOY.COM,564-378-3127,Billing,Y,2023-04-23,N
CT-001437,10643,Melissa Rios,melissa.rios@fernandez-williams.com,363.289.8641,Purchasing,N,2023-03-25,N
CT-000407,10178,Henry Campbell,henry.campbell@hartman.com,7217658782,Owner,0,"May 16, 2024",N
CT-001233,10550,David Oneal,david.oneal@fisher-floyd.com,2735532447,Ops Manager,N,"January 04, 2024",Y
CT-001661,10749,Thomas Marquez,thomas.marquez@flowers.com,(223) 303-3944,CEO,no,31-Jul-2019,N
CT-000359,10159,Ryan Webb,ryan.webb@hughes-schroeder.com,+1 765 618 8236,Owner,TRUE,2024-12-01,Y
CT-001254,10561,Zachary Cummings,zachary.cummings@hill-guerra.com,(244) 650-6536,Billing,Y,10-Aug-2020,N
CT-000807,10367,Barbara Garcia,barbara.garcia@valencia.com,361.620.8622,,N,07/07/25,N
CT-001256,10562,Travis Carr,travis.carr@weaver-gibson.com,+1 956 307 5446,Primary,yes,08/04/2023,N
CT-001805,10808, Brian  Cooper ,brian.cooper@morrow.com,971-6433,Owner,Y,05/28/2026,N
CT-000918,10413,"RICH, RACHEL",RACHEL.RICH@OROZCO.COM,455-480-2425,IT,N,2025/12/22,N
CT-001592,10718,Ashley Cooley,ashley.cooley@nicholson.com,221-7086,Ops Manager,,03/08/26,
CT-001294,10578,Amanda Galloway,amanda.galloway@thompson-petersen.com,398.605.7714,Technical,Y,2025/10/29,N
CT-000766,10346,"CAMERON, RENEE",renee.cameron@haynes-watson.com,875-457-4034,Purchasing,N,01/07/26,N
CT-000129,10059,Roberto Kennedy,roberto.kennedy@shah.com,(964) 977-7275,Ops Manager,,01/29/2026,
CT-000930,10418, Zachary  Hart ,zachary.hart@fry-bryant.com,977.998.4566,Billing,Y,,N
CT-002201,10994,"BRYANT, JASON",jason.bryant@lynch.com,921.351.3770,IT,TRUE,03/12/26,N
CT-002048,10921,Cynthia Mack,cynthia.mack@wall-underwood.com,+1 430 704 7739,,no,03/28/2024,N
CT-001443,10647,Elizabeth Butler,elizabeth.butler@meza.com,(565) 346-8854,Billing,Y,"April 10, 2023",N
CT-001279,10572,Emily Jenkins,emily.jenkins@orr-pierce.com,980.457.5587,CTO,yes,06/04/26,
CT-001249,10559,Monica Robinson,monica.robinson@trujillo-gonzales.com,+1 355 803 5331,Owner,N,2024/11/18,Y
CT-000358,10158,Crystal Wilson,crystal.wilson@williams.com,+1 483 670 7050,IT,N,2025/07/05,Y
CT-002042,10919,"JOHNSON, ROBERT",robert.johnson@rosario-stark.com,(721) 729-2879,Ops Manager,Y,"July 21, 2025",N
CT-000961,10431,Dr. Donald B. Khan,donald.khan@banks-robles.com,(447) 928-9233,Billing,FALSE,,N
CT-000242,10106, Jeremy  Reid ,jeremy.reid@bright-francis.com,(649) 952-6639,billing contact,Y,"April 03, 2022",N
CT-002106,10946,Mary Stevens,mary.stevens@taylor.com,201-627-6439,IT,,02/03/2024,N
CT-001780,10799,"PEREZ, JESSICA",jessica.perez@young.com,600-960-6591,Owner,,06/18/2025,Y
CT-001023,78041,Mr. Amy F. Snow,amy.snow@oliver.com,(628) 352-9482,,no,10-Nov-2025,N
CT-000711,10323,David Hill,david.hill@lewis.com,(854) 336-6593,Technical,N,05/16/2020,
CT-001959,10879,Angela Ayers,angela.ayers@wade.com,,Primary,no,09/04/21,N
CT-000316,10140,Ruben Wells,ruben.wells@villegas.com,994-2454,,N,12-Dec-2017,N
CT-000760,10342,Robert Turner,robert.turner@vargas-snyder.com,(870) 773-6305,Primary,N,21-Apr-2026,N
CT-001278,10571,Anna Morris,anna.morris@simmons.com,+1 663 479 0106,Technical,N,14-Nov-2023,N
CT-002110,10948,Debra Huang,debra.huang@baker.com,(501) 265-6354,billing contact,N,04/14/2024,N
CT-001460,10656,Natalie Harding,NATALIE.HARDING@EVANS-BAUER.COM,(782) 999-3639,Ops Manager,N,"October 23, 2022",N
CT-001600,10721,Howard Mitchell,howard.mitchell@smith.com,843.781.4757,Purchasing,N,2022-05-17,N
CT-001101,10493,Sarah Mitchell,sarah.mitchell@olson.com,923.445.6678,,N,,N
CT-001470,10662, Christopher  Kelly ,christopher.kelly@english-dominguez.com,(334) 214-3851,Technical,N,2024/02/14,N
CT-001218,10544,Tommy Walker,tommy.walker@watts.com,472-878-3863,CEO,Y,10/26/21,N
CT-002139,10963,Johnathan Davis,johnathan.davis@wells.com,581-353-8055,AP,Y,2024-05-19,Y
CT-000811,10369,"SCHMIDT, THOMAS",thomas.schmidt@preston.com,910-640-2789,IT,N,2027/02/03,N
CT-000588,10264,Lindsey Clarke,lindsey.clarke@estrada.com,448-332-8011,CEO,Y,26-Jun-2023,N
CT-001376,76408,Mr. Michael L. Smith,michael.smith@foley-stephens.com,(440) 754-4454,IT,Y,2020/07/23,N
CT-000749,10339,Brandon Hill,brandon.hill@moon-flores.com,+1 959 365 2891,Technical,FALSE,07-Nov-2025,N
CT-000315,10140,Jacqueline Estrada,jacqueline.estrada@villegas.com,(848) 902-5157,Primary,N,2018/01/12,Y
CT-000174,10079,Amber Fuentes,amber.fuentes@ferguson.com,(339) 517-6185,AP,N,29-Aug-2021,N
CT-000133,10060,Jacqueline Kelley,jacqueline.kelley@medina-navarro.com,(733) 210-4193,Primary,0,2019-07-09,N
CT-000510,10228, Richard  James ,richard.james@butler.com,(346) 344-3887,Primary,Y,2025/07/19,N
CT-001171,10524,Timothy Hall,timothy.hall@,563.650.4256,Owner,Y,2026/03/31,N
CT-001217,10544,Gabriel Roberts,gabriel.roberts@watts.com,(809) 359-2798,Billing,TRUE,09/23/21,Y
CT-002245,10434,William Thompson,WILLIAM.THOMPSON@EDWARDS.COM,(980) 993-5661,Primary,Y,05/15/25,N
CT-000079,10035,Mr. Amber F. Sanchez,AMBER.SANCHEZ@FARRELL.COM,(983) 313-8633,CTO,0,"October 19, 2022",N
CT-001922,10861,Mariah Duncan,mariah.duncan@morgan.com,689-209-5562,Technical,no,02-May-2025,N
CT-001900,10851,"BARNETT, LISA",LISA.BARNETT@HEATH.COM,982-244-9566,Purchasing,N,16-Nov-2017,Y
CT-000258,10112,Virginia Guerrero,virginia.guerrero@johnson-greer.com,635-761-9486,Main,yes,03/23/25,N
CT-001384,10622,"ELLIOTT, GREGORY",gregory.elliott@armstrong.com,(823) 700-5250,CEO,TRUE,06/16/21,N
CT-000795,10361,Taylor Cruz,taylor.cruz@howard.com,(885) 479-7775,Purchasing,N,2026-02-12,N
CT-001300,10580,Megan Fischer,megan.fischer@kane.com,(201) 566-8087,billing contact,FALSE,03-Oct-2019,N
CT-001010,10451,Laurie Gonzales,laurie.gonzales@gordon.com,561.307.5172,IT,N,2025/04/16,N
CT-001241,10555,Emily Jones,emily.jones@,(863) 631-5334,CTO,Y,07-Jan-2025,N
CT-000026,10011,Ryan Thompson,ryan.thompson@hernandez.com,385.512.2172,CEO,N,2023-09-16,N
CT-001645,10743,Maria Hines,maria.hines@hughes-smith.com,+1 330 743 5071,,FALSE,"January 28, 2023",N
CT-000108,10050,"SMITH, DANIEL",daniel.smith@kennedy.com,420.385.6140,Primary,N,"December 06, 2024",Y
CT-001028,10459,Brian Harris,brian.harris@bennett.com,(945) 873-1439,Primary,N,2026-07-13,N
CT-002215,10692,Michael Mason,michael.mason at ponce.com,,Ops Manager,N,13-Sep-2024,N
CT-000816,10372,Scott Wood,scott.wood@underwood.com,835-1333,Ops Manager,Y,27-Aug-2021,N
CT-000905,10408,"HO, KENNETH",kenneth.ho@knox-powers.com,966.945.0560,Technical,1,2024-03-16,N
CT-000233,10103,Douglas Bradley,douglas.bradley@rivera.com,505-483-5122,,no,24-Jul-2021,N
CT-001791,10803, James  Bates ,james.bates@suarez-giles.com,(590) 552-2829,Billing,FALSE,09/25/2019,N
CT-001088,10489,Scott Walker,scott.walker@gallegos.com,944-219-0226,CEO,N,"February 16, 2023",N
CT-000995,10446,James Henry,james.henry@tran.com,4644515080,CEO,N,03/29/2026,N
CT-000538,10238,Jennifer Holder,jennifer.holder@stark.com,545-228-8123,,yes,"September 01, 2025",N
CT-001335,10596,Mary Mills,mary.mills@hill.com,847-855-6115,AP,Y,08/26/2022,N
CT-000874,10395,Bethany Miles,bethany.miles@figueroa-malone.com,(206) 396-4164,Billing,N,2025/09/24,N
CT-001800,10806,"ARROYO, STEPHANIE",stephanie.arroyo@pennington-hardin.com,(344) 835-9607,Billing,N,10/10/2022,N
CT-001823,10815,"GREEN, TERESA",teresa.green@christian.com,3425181161,Billing,N,"October 07, 2022",N
CT-002002,10902,Nicole Webster,nicole.webster@cisneros.com,+1 593 437 6993,Technical,Y,2026/05/03,N
CT-002063,10928,Erik Jackson,erik.jackson@collins.com,3096864786,CEO,0,03/27/21,N
CT-000658,10300,Mary Stone,mary.stone@thomas.com,869.640.0888,Owner,yes,2020-09-07,N
CT-000902,10407,Donald Saunders,donald.saunders@aguilar.com,(395) 461-0935,Technical,N,10/15/2020,N
CT-001504,10680,Brittany Martin,brittany.martin@davis-garcia.com,642.929.7201,Primary,TRUE,14-Mar-2026,N
CT-000489,72915,Robert Cannon,robert.cannon@hampton.com,(457) 598-2779,CTO,,2024-12-02,N
CT-001706,10768,Jeremy Rosales,jeremy.rosales@snyder-cruz.com,648.280.0693,Billing,N,,N
CT-002270,10226,Philip Carson,PHILIP.CARSON@SPENCE.COM,681-871-0054,Primary,FALSE,15-Oct-2023,N
CT-000750,10340,David Chavez,david.chavez@brock.com,318-857-9774,billing contact,yes,17-Nov-2018,
CT-001228,70074,Mike Campbell,mike.campbell@campbell.com,+1 771 646 9879,Technical,N,26-Jan-2026,N
CT-002111,10949,Ms. Thomas A. Mccarthy,thomas.mccarthy@house-garcia.com,295.709.9400,,1,05/29/2026,
CT-000966,10434,William Thompson,william.thompson@edwards.com,(980) 993-5661,Primary,Y,05/15/25,N
CT-001452,10652,David Owens,david.owens@thompson.com,552.440.9275,billing contact,Y,11/05/19,N
CT-002040,10918,"MCCOY, HENRY",HENRY.MCCOY@SMITH-LEE.COM,490-735-1550,Purchasing,FALSE,"June 27, 2019",N
CT-000205,10092,Joseph Schultz,JOSEPH.SCHULTZ@GARCIA.COM,+1 450 350 3691,Owner,1,04/29/22,N
CT-001314,10585,Peter Decker,PETER.DECKER@ALLEN.COM,(516) 727-3836,Ops Manager,N,,N
CT-000714,10324,Dr. Stuart E. Lamb,stuart.lamb@lawrence.com,919-428-2285,Owner,Y,2023/05/17,N
CT-000611,10275,"PECK, PEGGY",peggy.peck@willis.com,+1 765 202 1491,,N,2017-11-03,N
CT-001676,10755,Amanda Baldwin,amanda.baldwin@watson-washington.com,(288) 335-1043,Billing,Y,05/28/2025,N
CT-000099,10047,Jacob Mcmahon,jacob.mcmahon@hanson-alvarado.com,770.557.5232,,1,12-Aug-2022,N
CT-000837,10381,Erin Jackson,erin.jackson@jacobson-baker.com,+1 942 763 8908,Primary,no,2024-08-27,N
CT-000620,10280,Kim Burke,kim.burke@hamilton.com,(242) 829-9394,Technical,0,10/21/2025,N
CT-000445,10195,Ronald Barry,ronald.barry@mcdonald-bird.com,6235144502,CTO,N,11/21/24,N
CT-000350,10155,"MONTGOMERY, SHELLY",shelly.montgomery@hayes-brown.com,813.266.6980,Billing,Y,"July 01, 2025",Y
CT-001259,70051,Crystal Young,crystal.young@parsons-allen.com,2067142494,CTO,N,2025-06-12,N
CT-000486,10216,Eric Thomas,eric.thomas@lane.com,(967) 807-7765,billing contact,0,2026-01-01,N
CT-000684,10309,Nicholas Green,nicholas.green@jackson.com,625.662.1607,Primary,Y,12/13/25,N
CT-001032,10460,Mr. Linda C. Elliott,linda.elliott@mckinney-moore.com,(748) 810-0890,Technical,,2026-02-16,N
CT-001528,10691,Monique Carlson,MONIQUE.CARLSON@DAVIS.COM,6355248704,Main,no,09/12/2025,N
CT-000191,10087,Renee Shea,renee.shea@kerr.com,(238) 654-8647,,Y,01/04/23,N
CT-001588,10717,Ivan Francis,ivan.francis@williams.com,(576) 522-1673,Purchasing,TRUE,"February 16, 2024",N
CT-001670,10752,John Bowen,john.bowen@taylor.com,7595323350,CTO,N,17-Apr-2026,N
CT-001766,10794,Emily Davis,emily.davis@flores-greer.com,735.978.8195,Primary,Y,2023-03-24,N
CT-000722,10327,Ryan Griffin,ryan.griffin@simpson.com,5883552667,Primary,TRUE,2026-02-08,N
CT-000019,10009,Lauren Olsen,lauren.olsen@walter.com,740.537.4386,Ops Manager,,,N
CT-000118,10055,"LEWIS, CRYSTAL",crystal.lewis@salazar-ball.com,6604455345,Technical,0,"October 26, 2020",N
CT-001001,10448,Arthur Taylor,arthur.taylor@moon.com,454.267.6213,Billing,N,07-Mar-2025,N
CT-001326,10592,Jennifer Chavez,JENNIFER.CHAVEZ@GUERRERO-ALVARADO.COM,(565) 850-3014,Billing,N,2019/05/17,N
CT-000351,10155,Kevin Wells,kevin.wells@hayes-brown.com,964-357-6772,,N,"April 30, 2025",N
CT-000879,10397, Sara  Thomas ,sara.thomas@bryant.com,906-632-6404,Billing,no,17-May-2025,N
CT-000619,10280,Jacob Horton,jacob.horton@hamilton.com,680-959-8798,Billing,TRUE,2025-11-21,N
CT-001597,10720,"BARKER, JOSHUA",joshua.barker@johnson.com,(923) 392-1418,,Y,2023/07/26,N
CT-000327,10144,Jeffrey Simmons,jeffrey.simmons@williams.com,,,,2025/02/28,N
CT-000835,10380,Ms. Jocelyn B. Phelps,jocelyn.phelps@clark.com,699-343-2699,Primary,,2025/08/03,Y
CT-002118,10952,Dorothy Collins,dorothy.collins@,(862) 357-6235,AP,no,05-Oct-2025,Y
CT-001722,10777,Victor Hudson,VICTOR.HUDSON@WAGNER-DANIELS.COM,+1 905 850 8934,billing contact,,"March 26, 2020",N
CT-001797,10805,Joshua Jones,joshua.jones@mullen.com,,,0,2026/02/06,N
CT-000989,10445,"BRADY, BENJAMIN",benjamin.brady@chapman.com,582.709.4402,Billing,N,07/07/26,N
CT-000987,10444,Teresa Nielsen,teresa.nielsen@lewis-summers.com,(245) 643-0384,,N,08/23/2022,N
CT-001252,10560,Tyler Anderson,tyler.anderson@mann-hansen.com,228-864-0604,,,06/06/2026,Y
CT-000663,10301,"WILLIAMS, PHILLIP",phillip.williams@peters.com,360-1759,,N,06/10/2023,N
CT-000928,10417,Brenda Dixon,brenda.dixon@wright.com,904-682-2844,billing contact,1,,N
CT-000970,10436,Kristen Barrett,kristen.barrett@cruz.com,(395) 641-4873,Main,yes,07/06/25,N
CT-000015,10008,Mr. Olivia K. Willis,olivia.willis@robinson.com,(310) 702-2035,Technical,yes,2021/12/30,N
CT-001174,10525,Sara Sanchez,sara.sanchez@dalton-parsons.com,428.781.1302,Purchasing,TRUE,20-Jun-2026,N
CT-001238,10553,Jeffrey Jones,jeffrey.jones@moss-davis.com,(482) 901-3390,Purchasing,Y,2018-10-11,N
CT-002089,10939,Reginald Johnston,reginald.johnston@johns-jones.com,+1 975 273 1138,billing contact,N,2026/04/06,Y
CT-001293,10577,Brandon Clark,brandon.clark@hall.com,(683) 243-3808,Purchasing,N,,N
CT-001284,10574,Seth Walker,seth.walker@moyer-smith.com,248-752-7395,,N,02/15/2026,N
CT-001042,10467,Nancy Perez,nancy.perez@clark.com,9713615917,,TRUE,"April 06, 2023",Y
CT-000063,10028,Morgan Montes,morgan.montes@shaw-farrell.com,823-578-9408,Purchasing,N,"August 21, 2025",N
CT-001698,10763,Anthony Beard,anthony.beard@bailey.com,721.682.0087,,N,,N
CT-000119,10055,Kelly Levy,kelly.levy@salazar-ball.com,9842902466,CTO,N,"March 18, 2021",
CT-002242,79936,Anthony Blackwell,anthony.blackwell@ponce.com,241-630-4699,,TRUE,"August 25, 2024",Y
CT-001393,10626,Christina Thomas,christina.thomas@fox-carney.com,5184761045,IT,0,2021/09/13,N
CT-001003,10449,Ashley Lin,ashley.lin@tanner.com,4294933351,CTO,FALSE,2025-12-07,N
CT-001272,10569,Raymond Anderson,raymond.anderson@yu.com.,(428) 738-2177,billing contact,FALSE,04/04/24,N
CT-000406,10178,Ashley Harding,ashley.harding@hartman.com,898.543.5050,Billing,yes,06/10/2024,N
CT-001206,10539,Joshua Mejia,JOSHUA.MEJIA@MONTGOMERY-MILLER.COM,(738) 961-1216,Primary,Y,2020/08/24,N
CT-000203,10091,Shelby Thomas,shelby.thomas@moon-white.com,274-990-8688,,,,N
CT-001904,10852,Nathaniel Skinner,nathaniel.skinner@mccoy.com,(838) 425-1969,Billing,N,02/24/23,
CT-001532,10692,"YOUNG, GREGORY",gregory.young@ponce.com,+1 914 478 9866,Owner,no,,N
CT-001920,10860,Summer Barnett,summer.barnett@howard.com,,Primary,yes,2025/06/14,N
CT-000772,10350,Jennifer Burnett,jennifer.burnett@baker-wilson.com,(703) 724-1581,CTO,Y,2017-12-15,N
CT-000705,10319, David  Obrien ,david.obrien@rios-padilla.com,(444) 895-0211,Billing,N,2023-08-24,N
CT-001160,10519,Lauren Lawson,lauren.lawson@black-smith.com,822-518-7007,Primary,Y,04/18/2023,N
CT-000207,10093,Anne Holland,anne.holland@edwards.com,+1 979 454 7032,Ops Manager,Y,2023-10-08,Y
CT-002236,10861,Mariah Duncan,MARIAH.DUNCAN@MORGAN.COM,689-209-5562,Technical,no,02-May-2025,N
CT-001965,10883,Julie Fox,julie.fox@colon-thomas.com,756-342-3249,,N,,N
CT-000462,10202,Dana Taylor,dana.taylor@butler.com,(665) 904-9811,billing contact,Y,12/12/2024,N
CT-001514,10685,James Jackson,james.jackson@cook-brown.com,(213) 423-4511,Ops Manager,,07/28/2024,N
CT-002238,10848,April Taylor,APRIL.TAYLOR@MILLER-TAYLOR.COM,(824) 682-5794,Billing,,2022/11/17,N
CT-000234,10103,Dr. Joseph R. Sellers,joseph.sellers@rivera.com,(552) 491-3805,Main,N,10/23/21,N
CT-001159,10518,Ms. David R. Johns,david.johns@olson.com,6296953309,Main,1,2021-12-25,N
CT-000020,10009,Dr. Joseph S. Clark,joseph.clark@walter.com,4315496899,Purchasing,FALSE,"July 01, 2022",N
CT-000278,10123,Ms. Adam F. Stevens,adam.stevens@bautista.com,6447980679,Primary,Y,"March 21, 2025",N
CT-001570,10709,Kelly Butler,kelly.butler@jones.com,+1 440 613 3570,Technical,N,12/15/2019,N
CT-000589,10265,Tiffany Lewis,tiffany.lewis@nichols-mitchell.com,385-598-6656,Primary,1,"July 17, 2023",N
CT-001498,10677,"OLSON, CAROLYN",carolyn.olson@blanchard.com,6319665674,Technical,1,02/23/2024,N
CT-002218,10640,Ms. Thomas S. Lawson,thomas.lawson@reese.com,(556) 733-1887,Technical,no,09/21/25,N
CT-000456,10200,Daniel Simmons,daniel.simmons@davidson.com,742-473-5727,Purchasing,Y,"July 04, 2023",N
CT-000436,10191,Gloria Espinoza,gloria.espinoza@wilson.com,8014265628,,no,01-Jan-2022,N
CT-000852,10386,Michael Gardner,michael.gardner@martinez.com,(768) 896-8749,billing contact,N,04/28/25,N
CT-002097,10943,Ms. Maria P. Park,maria.park@potter.com,5474568182,,Y,"February 17, 2022",N
CT-001957,10878,Jennifer Martinez,jennifer.martinez@evans-doyle.com,356-547-4065,Billing,N,2018/03/25,N
CT-000360,10160,Alexandra Farley,alexandra.farley@gregory.com,+1 611 201 1645,Technical,Y,10/28/2026,N
CT-001147,10513,Edward Garza,edward.garza@cantrell.com,644-284-6427,Main,,2025/03/09,N
CT-000751,10340,Carolyn Garza,carolyn.garza@brock.com,9454497935,,,"November 27, 2018",N
CT-001156,10517,Victoria Cunningham,victoria.cunningham@ramos.com,254-397-5717,Billing,yes,2026/03/17,
CT-001652,10746,Ashley Ortiz,ashley.ortiz@fitzpatrick.com,729-627-1074,Owner,N,10/10/19,
CT-000383,10168,Dr. Jason P. Wilson,jason.wilson@joyce.com,896-540-5924,Main,Y,11-Apr-2024,N
CT-001456,10653, Christopher  Stewart ,christopher.stewart@nguyen-davis.com,641-7884,Ops Manager,0,2023-07-30,N
CT-000467,10205,Ms. Christopher J. Espinoza,christopher.espinoza@adams.com,7668963669,,Y,2024/06/01,Y
CT-001915,,Rachael Alexander,rachael.alexander@marsh-richard.com,306.441.5863,Purchasing,Y,2026-03-18,N
CT-001368,10612,Thomas Stewart,thomas.stewart@davis-mason.com,,Billing,,07/10/24,
CT-001604,10722,Kristy Reid,kristy.reid@daniels.com,673-538-9392,Technical,N,26-Mar-2023,N
CT-000377,10166,Mr. David B. Walker,david.walker@lamb.com,(935) 351-5280,billing contact,N,10/15/25,N
CT-001820,10813,Julie Lewis,julie.lewis@watkins.com,(608) 767-8577,Billing,N,11/17/24,N
CT-001651,10745,Wesley Miller,wesley.miller@taylor-matthews.com,391-619-2988,,FALSE,2020-03-31,N
CT-001078,10485,Mr. Angela L. Martinez,angela.martinez@davis.com,(620) 545-9247,Ops Manager,N,"April 20, 2024",Y
CT-000841,10382,Terri Ibarra,terri.ibarra@baker.com,(438) 867-3612,Primary,no,2021-01-22,N
CT-000723,10327,Caitlyn Nelson,caitlyn.nelson@simpson.com,2623876381,CTO,N,2026/03/31,N
CT-000561,10249,Michael Mitchell,MICHAEL.MITCHELL@JOHNSTON.COM,659.839.3869,Main,,2025/12/06,N
CT-000700,10317,"BOND, CRYSTAL",crystal.bond@harris-barker.com,,Primary,no,2025/12/22,N
CT-000031,10013,Karen Lamb,karen.lamb@rodriguez-graham.com,692-591-6252,Owner,N,02/10/2020,N
CT-000150,10068, Ryan  Hernandez ,ryan.hernandez@rivas.com,+1 448 311 1862,billing contact,1,2026-04-07,N
CT-001130,10504,Logan Tran,logan.tran@lane.com,+1 785 960 3233,AP,,"May 13, 2024",N
CT-001981,10891,Charles Erickson,charles.erickson@mann.com,6483721177,,N,09/12/22,N
CT-001061,10476,Lee Morrison,lee.morrison@white.com.,(587) 322-7951,,N,07/07/26,N
CT-001267,10567,Penny Gallagher,penny.gallagher@rios.com,+1 923 517 2120,Purchasing,,"August 08, 2022",N
CT-002150,10967,Dr. Nicholas B. Jones,nicholas.jones@bartlett-white.com,483.925.5625,,yes,2026-01-23,
CT-001716,10773,Timothy Webb,timothy.webb@miranda.com,+1 261 879 9040,Primary,N,18-Nov-2023,N
CT-000885,10399,Margaret Martinez,margaret.martinez@cooper-monroe.com,234-813-5736,IT,yes,2021/12/10,N
CT-000763,10344,Troy Williams,troy.williams@blake.com,278-799-3289,Technical,Y,11/15/2025,N
CT-001715,10773,Deborah Harrell,deborah.harrell@miranda.com,(592) 486-2778,Primary,no,"July 23, 2023",N
CT-001482,10669,Jeffery Green,jeffery.green@glover.com,656.627.3708,Billing,TRUE,2022-04-16,N
CT-001848,10825,"PRICE, CINDY",cindy.price@campbell-mcdowell.com,755.710.5979,,no,07/12/2025,N
CT-000300,10134,Erin Anderson,erin.anderson@jacobs.com,(393) 319-9376,IT,yes,2022-10-19,N
CT-001830,10818,Dr. Wendy G. Moyer,wendy.moyer@acosta-lopez.com,(342) 770-4966,,,2022/03/23,N
CT-000670,10304,Barbara Myers,barbara.myers@medina.com,902-963-1438,CTO,N,2025/04/30,N
CT-000457,10200,Jessica Thomas,jessica.thomas at davidson.com,(560) 831-7032,Billing,FALSE,"June 06, 2023",N
CT-000446,10196,Gloria Weber,gloria.weber@fox-hammond.com,(686) 654-4953,IT,Y,08/24/21,Y
CT-001602,10722,Dr. Kimberly E. Sandoval,kimberly.sandoval@daniels.com,7465778836,CTO,no,2022-12-26,Y
CT-000215,10095,Regina Strickland,regina.strickland@pennington.com,(684) 336-0107,Main,N,,N
CT-001527,10691, Justin  Leonard ,justin.leonard@davis.com,904.261.4496,Purchasing,TRUE,09/22/25,
CT-000357,10158,Michael Diaz,michael.diaz at williams.com,(717) 662-1040,Technical,Y,2025/05/21,N
CT-001296,10578,"ROBERTS, JENNIFER",jennifer.roberts@thompson-petersen.com,795.501.2405,,no,06/25/2025,N
CT-002034,10916,Bill Holland,bill.holland@davidson-hahn.com,582-3610,Billing,TRUE,"July 24, 2025",N
CT-001898,10850,"THOMPSON, ROBERT",robert.thompson@hernandez-henderson.com,6674412243,AP,N,,N
CT-001847,10825,"CARTER, RICHARD",richard.carter@campbell-mcdowell.com,+1 308 455 7225,Billing,Y,11/28/25,Y
CT-001472,10663,Alexandra Gallegos,alexandra.gallegos@kelly-lopez.com,867.519.9993,,Y,05/21/23,N
CT-000248,10108,Justin Noble,justin.noble@sparks.com,(587) 864-9984,Billing,Y,2018-05-28,N
CT-000417,10182,Dr. Maria P. Michael,maria.michael@mahoney-robertson.com,923.684.8652,,N,,N
CT-000997,10447,Judy Hamilton,judy.hamilton@thompson.com,261.466.1142,,Y,"January 31, 2025",N
CT-001260,10563,Michael Moreno,michael.moreno@parsons-allen.com,611.608.1382,Technical,no,"March 31, 2025",Y
CT-001916,10858,Mr. Melody S. Pacheco,melody.pacheco@marsh-richard.com,397.618.8983,billing contact,N,02/16/2026,N
CT-000621,73234,Javier Clark,javier.clark@hamilton.com,(277) 262-5615,Primary,,"November 30, 2025",N
CT-001205,10538, Gregory  Sharp ,gregory.sharp@davis.com,(384) 916-7622,AP,N,"October 25, 2024",N
CT-001963,10882,Donald Becker,donald.becker@chapman-stone.com,543-873-1427,,no,2018-11-01,N
CT-001879,10840,Christopher Hunter,christopher.hunter@rose-holland.com,573-353-7746,,no,2026/08/26,N
CT-000840,10382,Ronnie Smith,ronnie.smith@baker.com,366-974-9568,Technical,N,20-Feb-2021,N
CT-000857,10388,Michelle Anthony,michelle.anthony@sloan.com,(868) 218-6466,IT,N,"August 30, 2021",N
CT-001872,10837,Brittany Martinez,BRITTANY.MARTINEZ@FITZGERALD-DORSEY.COM,(533) 965-8562,Primary,Y,05/02/2024,N
CT-000685,10310,Brett Miller,brett.miller@estes.com,838.499.8877,Technical,Y,"December 24, 2023",N
CT-001408,10632,David Yoder,DAVID.YODER@HUANG.COM,830-361-2957,Billing,N,"July 13, 2022",Y
CT-002279,10858,Mr. Melody S. Pacheco,MELODY.PACHECO@MARSH-RICHARD.COM,397.618.8983,billing contact,N,02/16/2026,N
CT-000301,10134,Karen Deleon,karen.deleon@jacobs.com,4409787062,CEO,Y,12/11/22,N
CT-002261,10250,William  Weber,william.weber@turner-brown.com,,billing contact,N,29-Sep-2023,N
CT-002250,10038,Patrick Ramirez,patrick.ramirez@williams.com,+1 397 238 1406,Primary,Y,04/16/2023,N
CT-001074,10484, Robert  Sampson ,robert.sampson@kennedy.com,(657) 392-3345,Purchasing,Y,2026-04-01,Y
CT-001631,10737,Daniel Roberts,DANIEL.ROBERTS@VELAZQUEZ-MACK.COM,211-977-0077,AP,no,21-Jul-2020,N
CT-000784,10355,Dana Barnett,dana.barnett@stein.com.,+1 674 539 9631,CTO,TRUE,25-Dec-2018,N
CT-000515,10230,John Martin,JOHN.MARTIN@DANIELS.COM,850-763-7710,CEO,no,2025-03-15,N
CT-002022,10911,"HAMILTON, JEFFREY",jeffrey.hamilton@howard.com,(317) 673-4487,Primary,no,2021-12-07,N
CT-000626,10282,"PORTER, DAVID",david.porter@alexander-jordan.com,781.646.8359,,no,15-Jan-2024,N
CT-001610,10725,"ALVAREZ, AMBER",amber.alvarez@clark.com,305-369-2497,,1,06-Apr-2026,N
CT-000914,10411,Katie Davis,katie.davis@carter.com,500.484.6221,CTO,no,"September 06, 2024",N
CT-002254,10131,Robert Rivera,robert.rivera@williams.com,2943724661,CTO,,02/05/2023,
CT-001489,10673,Ms. Rachel G. Moore,rachel.moore@larson.com,,Ops Manager,Y,2026-03-08,N
CT-001996,10900,Mark Walsh,mark.walsh@spencer-willis.com,346.323.7497,,Y,2026-06-04,N
CT-002224,10725,"COOPER, ANGELA",ANGELA.COOPER,802.922.0250,Owner,no,07/19/26,N
CT-001691,10761,Heather Ellis,heather.ellis@brown.com,(373) 905-3375,Technical,,14-Sep-2023,N
CT-000615,10278,Vanessa Harding,vanessa.harding@george.com,+1 275 520 4664,Primary,N,08/30/25,Y
CT-001106,10496,"ALLEN, VICTORIA",VICTORIA.ALLEN@VALENTINE-ROBINSON.COM,647-8993,Technical,,2026-06-16,Y
CT-001818,10813,Jocelyn Krueger,jocelyn.krueger@watkins.com.,472.374.4848,Main,Y,2024-12-31,N
CT-001423,10638,Ms. Janet C. Hill,janet.hill@short.com,(386) 255-5001,CTO,N,15-Jun-2026,N
CT-000402,10175,Jessica Hamilton,jessica.hamilton@young-martinez.com,+1 516 489 3005,Primary,N,2021-12-18,N
CT-001351,10604,James Kane,james.kane@howard.com,(929) 375-7440,,TRUE,10/21/2025,N
CT-000633,10286,Ryan Mitchell,ryan.mitchell@fuentes.com,(371) 359-7754,,TRUE,26-Jun-2024,N
CT-001905,10853, Christy  Johnson ,christy.johnson@freeman.com,505.694.7666,AP,1,2024/02/01,N
CT-000103,10048,Brittany Lee,brittany.lee@phillips.com,554.309.3176,Billing,N,03-Nov-2024,N
CT-001128,10504,Ms. Diamond F. Lopez,diamond.lopez@lane.com.,609.737.6984,IT,0,,Y
CT-000177,10081,David Atkins,david.atkins@short.com,(305) 388-5888,Primary,,18-Jan-2026,N
CT-001133,10507,Allen Kirk,allen.kirk@cooper.com,378-646-4264,Billing,Y,"January 01, 2026",N
CT-000819,10373,"THOMPSON, JAIME",jaime.thompson@bell.com,684.521.9589,Billing,N,"February 13, 2026",N
CT-000813,10370,Ms. Andrea P. Gomez,andrea.gomez@daniel.com,620.586.0263,Ops Manager,N,"April 04, 2026",N
CT-000507,10226,Theresa Jacobs,theresa.jacobs@spence.com,(627) 921-6792,Billing,no,26-Jul-2023,N
CT-001914,10857,Steven Perry,steven.perry@mcdonald.com,707-747-3428,Owner,N,"January 19, 2023",N
CT-001222,10546,"DAVIS, JOSHUA",joshua.davis@brewer.com,(387) 907-4927,Technical,yes,"September 22, 2020",N
CT-000694,10314,Robert Tucker,robert.tucker@reid-terry.com,+1 708 964 3949,Billing,1,2018/11/17,N
CT-002249,10028,Marco Schultz,marco.schultz@shaw-farrell.com,+1 294 760 0672,,Y,21-Aug-2025,N
CT-000917,10413,Nathan Oliver,nathan.oliver@orozco.com,(716) 706-9177,,0,08/05/25,N
CT-002119,10953,Mr. Heidi B. Torres,HEIDI.TORRES@WELLS.COM,457-595-9227,Owner,Y,2025/10/16,N
CT-001635,75246,Jeff Lester,jeff.lester@morgan-rodriguez.com,239-448-7796,billing contact,N,"October 28, 2022",N
CT-000653,10297,Donna Parker,donna.parker@ray.com,(639) 535-2655,CEO,Y,"May 03, 2023",
CT-001921,10861,Cole Vasquez,cole.vasquez@morgan.com,366-540-3623,billing contact,1,2025/02/25,N
CT-001221,10545,Daniel Hall,daniel.hall@robles.com,5436337698,billing contact,,02/04/2025,N
CT-001478,10666,Keith Peterson,keith.peterson@wu.com,6072741277,Owner,TRUE,02-Jul-2026,N
CT-001979,10890,"MORRIS, THOMAS",thomas.morris@mccullough.com,457.838.4463,Primary,0,02/06/2025,N
CT-002060,10927,James Chase,james.chase@martinez.com,(606) 644-1057,Primary,N,2025-09-12,N
CT-001709,10770,"BERG, WILLIAM",william.berg@smith.com,488-481-4196,,TRUE,02/15/2022,N
CT-002090,10940,Rachel Hughes,rachel.hughes@stewart-jordan.com,+1 500 281 0620,Primary,Y,2020-04-26,N
CT-001158,10517,"RYAN, JESSICA",jessica.ryan@ramos.com,997-7609,Billing,no,02/22/26,N
CT-001828,10818,Brian Mayo,brian.mayo@acosta-lopez.com,(786) 670-2443,Ops Manager,Y,"September 18, 2022",N
CT-000027,10012,"TAYLOR, JACOB",jacob.taylor@king.com,(521) 515-0236,Technical,TRUE,16-May-2017,N
CT-001556,10703,Megan Bonilla,MEGAN.BONILLA@BUTLER-AGUIRRE.COM,919-947-8950,,,"March 16, 2026",N
CT-000064,10029,Jill Gregory,jill.gregory@hensley.com,402-455-1373,CEO,Y,2025-01-03,N
CT-000382,10167, Tina  Mayo ,tina.mayo@bowers.com,(898) 963-8471,Billing,N,,Y
CT-000941,10421,Sara Evans,sara.evans@scott.com,+1 207 389 1698,Owner,N,11/11/2024,N
CT-000170,10078,Richard Haynes,richard.haynes@lawrence.com,+1 247 559 9955,Purchasing,no,2025-12-27,N
CT-000687,10311,Dr. Traci E. Camacho,traci.camacho@thomas.com,9267770388,,TRUE,10-Feb-2020,N
CT-001617,10729,Ms. Ashley L. Miller,ashley.miller@crawford.com,462-810-6657,Main,FALSE,01/31/20,N
CT-000116,10054,Haley Hill,haley.hill@grant.com,320-5441,Billing,N,01/08/20,N
CT-000881,10398,Keith Grant,keith.grant@maldonado.com,213.708.8901,Owner,yes,"December 09, 2025",N
CT-000175,10080,Denise Molina,denise.molina@andrews.com,(219) 703-4554,,yes,17-Aug-2021,
CT-001487,10671,Rachel Morris,rachel.morris@hodge-smith.com,+1 939 554 7211,Technical,yes,06/20/24,N
CT-001632,10738,"WANG, MICHELLE",michelle.wang@rivera.com,,Ops Manager,Y,2026-05-21,N
CT-001506,10682,Candice Wolfe,candice.wolfe@miller.com,550-4047,Main,TRUE,"May 31, 2019",N
CT-000127,10058,Rita Moore,rita.moore@hernandez.com,(558) 959-6829,Main,FALSE,03/06/2022,N
CT-002151,10968,Gerald Fields,gerald.fields@khan-medina.com,+1 744 292 6087,Billing,N,26-Aug-2018,N
CT-001829,10818, Nathaniel  Knight ,nathaniel.knight@acosta-lopez.com,(951) 483-5741,Main,no,"July 27, 2022",N
CT-001262,10565,"GOLDEN, MARY",mary.golden@conley.com,(939) 539-9580,Billing,Y,"September 14, 2023",N
CT-000281,10125,Richard Smith,richard.smith@winters.com,(230) 939-3984,Technical,yes,04/12/2024,N
CT-000888,10400,Brendan Taylor,brendan.taylor@chan.com,(353) 997-2624,,yes,2022/07/14,N
CT-000002,10001,Michael Mann,michael.mann@johnson.com,450-450-4600,Billing,yes,2023-03-24,N
CT-001978,10890,Aimee Fisher,aimee.fisher@mccullough.com,355-205-5667,Billing,FALSE,06/25/25,N
CT-001435,10643,Jennifer Edwards,jennifer.edwards@fernandez-williams.com,(814) 694-5661,Technical,,2023/04/28,N
CT-000193,10087,Hailey Bates,hailey.bates@kerr.com,+1 692 994 0434,Ops Manager,N,2023-01-13,N
CT-000593,10268,Donald Hill,donald.hill@malone.com,604-457-3532,CTO,yes,"March 22, 2024",N
CT-001974,10888,Amber Friedman,amber.friedman@collins.com,536-334-8950,Purchasing,FALSE,2024-03-19,N
CT-002178,10984,Mr. Diana N. Buck,diana.buck@cole.com,(428) 777-4783,Billing,0,10/31/2025,N
CT-001643,10742,Eric Marks,eric.marks@stewart-jacobs.com,805-662-6877,Ops Manager,Y,2026-06-19,Y
CT-001005,10449,"CHANDLER, SUSAN",SUSAN.CHANDLER@TANNER.COM,304-273-2989,CEO,N,2025-11-27,N
CT-000673,10305,Marcus Davis,marcus.davis@wilson.com,(522) 322-6771,,FALSE,2024/10/24,
CT-000827,10377,"SULLIVAN, HOLLY",holly.sullivan@johnson.com,(783) 770-2549,,TRUE,2017-09-18,N
CT-000380,10167,Joshua Anderson,joshua.anderson@bowers.com,(484) 915-1230,Billing,0,2024/11/23,N
CT-001113,10498,"INGRAM, DENISE",denise.ingram@gray.com,(770) 237-4725,CEO,TRUE,26-Sep-2022,N
CT-002252,10475,Brandon Pham,BRANDON.PHAM@ARROYO.COM,6062919064,Billing,Y,2023-05-06,Y
CT-000104,10049,Paul Henderson,paul.henderson@bass.com,988-264-4391,Billing,FALSE,06/06/25,Y
CT-000393,10170,Diane Parrish,diane.parrish@mitchell.com,(520) 949-8607,Primary,no,01/29/25,N
CT-000644,10292,Mr. Melissa K. Lewis,melissa.lewis@perry-nixon.com,852-970-7416,CTO,Y,,Y
CT-001950,10875,Kelsey Bryant,kelsey.bryant@higgins.com,208.282.2928,IT,,06/15/2022,N
CT-001103,10494,Rodney Ball,rodney.ball@berry.com,825-483-5557,Primary,no,"December 06, 2025",N
CT-000125,10058,Melissa Luna,melissa.luna@hernandez.com,5076886775,Billing,N,"February 08, 2022",N
CT-000607,10273,Beth Thomas,beth.thomas@miller.com,(889) 896-3947,CTO,N,2021/05/18,N
CT-001567,10708,Dr. Mike M. Simmons,mike.simmons@trujillo.com,617.294.9775,Primary,FALSE,2026-05-13,N
CT-001301,10581,Alisha Mason,alisha.mason@torres.com,811.588.0773,Billing,yes,02/10/26,N
CT-002235,10934,Mario Walker,mario.walker@aguirre-bennett.com,(902) 228-2283,,,"January 15, 2020",N
CT-000307,70433,Gabrielle Williams,gabrielle.williams@brooks-hernandez.com,481.871.0795,billing contact,no,2025-09-22,N
CT-000132,10060,Justin Leblanc,justin.leblanc@medina-navarro.com,(449) 693-0795,Primary,1,"September 17, 2019",N
CT-000674,10305,Anthony Smith,anthony.smith@wilson.com,(269) 807-2107,billing contact,N,2024/09/19,N
CT-002032,10915,Jenna Munoz,jenna.munoz@braun.com,336-307-9268,IT,,2027/06/26,N
CT-001948,10874,"LOPEZ, WENDY",wendy.lopez@barron-harrington.com,3814150952,,yes,2024/02/03,N
CT-000748,10339,"SNYDER, BRANDON",brandon.snyder@moon-flores.com,238-655-6055,billing contact,0,2026-03-10,N
CT-000849,10385,Kari Rowe,kari.rowe@foster.com,721.326.9513,CTO,FALSE,11/27/20,N
CT-001584,10714,"GARCIA, LISA",lisa.garcia@moore.com,579.298.3190,Primary,N,02/27/2020,N
CT-001019,10456,Eric Roberts,eric.roberts@williams.com,+1 946 670 6167,,Y,15-Aug-2026,N
CT-000865,,Dr. Christopher M. Knapp,christopher.knapp@washington.com,976.583.6891,CTO,,2025/04/13,Y
CT-001264,10566,"HARPER, CRYSTAL",crystal.harper@huff.com,438.586.0606,Purchasing,Y,03/26/2021,N
CT-000929,10417,Jennifer Miles,jennifer.miles@wright.com,(690) 885-0754,Billing,N,25-Jan-2020,N
CT-000601,10271,Timothy Nichols,TIMOTHY.NICHOLS@SMITH-CLARK.COM,834-683-0757,AP,Y,"April 26, 2026",N
CT-000812,10370,Michael Wilson,MICHAEL.WILSON@DANIEL.COM,849-203-4136,Ops Manager,1,,N
CT-001059,10476,Brian Brown,brian.brown@white.com,(598) 830-6349,Owner,TRUE,2026/07/05,N
CT-002277,10401,Ms. Natasha M. Glover,NATASHA.GLOVER@SMITH.COM,(468) 294-3104,billing contact,1,02/18/2024,N
CT-000376,10166,Kenneth Adams,kenneth.adams@lamb.com,762-808-6767,Billing,TRUE,2025/12/12,N
CT-000335,10147,Joshua Obrien,joshua.obrien@thompson-james.com,,Primary,0,09/24/2024,N
CT-000371,10164,Adam Armstrong,adam.armstrong at perez.com,480-635-9239,CTO,Y,2023/12/27,Y
CT-001087,10489,Andrew Reyes,andrew.reyes@gallegos.com,487-5302,Purchasing,Y,11/19/2022,Y
CT-002251,10091,James Soto,JAMES.SOTO@MOON-WHITE.COM,8439353659,billing contact,FALSE,11/02/20,N
CT-000984,10443,Samantha Flynn,samantha.flynn@vasquez.com,453-401-1822,Technical,N,2021-10-22,N
CT-001065,10479, Charles  Mays ,charles.mays@hopkins.com,(961) 494-2643,Technical,TRUE,2021-03-18,N
CT-000285,10127,Adam Hammond,adam.hammond@jones.com,(661) 669-0633,Billing,Y,2021-07-26,N
CT-000419,10183, Joseph  Mays ,JOSEPH.MAYS@ATKINS-WILLIAMS.COM,(424) 783-1798,Technical,,"April 07, 2025",N
CT-000815,10371,Ryan Cook,ryan.cook@walker.com,8165991057,CTO,0,2025/12/04,N
CT-001529,10691,Amanda Reed,AMANDA.REED@DAVIS.COM,8057843194,CEO,FALSE,2025/07/26,N
CT-000011,10005,Christopher Kent,christopher.kent@ray-bush.com,779-596-9718,Technical,1,,N
CT-000317,10140,Kirsten Garcia,kirsten.garcia@villegas.com,744-437-8766,Ops Manager,FALSE,09/18/17,N
CT-000975,10438, William  Hopkins ,WILLIAM.HOPKINS@GRAY.COM,,billing contact,N,"March 30, 2024",N
CT-002095,10942,Amber Jones,amber.jones@clark-miller.com,(375) 887-3652,CTO,FALSE,07/09/25,N
CT-001183,10529,Robert Cannon,robert.cannon@marsh.com,572-737-8260,Purchasing,N,10/01/2025,N
CT-002164,10977,Gary Garcia,gary.garcia@rogers.com,(987) 920-8462,Ops Manager,N,21-Dec-2020,N
CT-000548,10243,Virginia Davis,virginia.davis@stuart.com,,,yes,2022/07/01,N
CT-000476,10211, Donald  Stevens ,donald.stevens@brooks-hatfield.com,(825) 378-5762,Technical,TRUE,02-Apr-2026,N
CT-000921,10415,Steven Hines,steven.hines@anderson.com,,,1,25-Oct-2025,N
CT-000942,10422,"WHITE, TIMOTHY",timothy.white@wallace-martinez.com,497-779-2814,Billing,yes,07/19/2026,N
CT-002037,10917,Mr. Raymond S. Trujillo,raymond.trujillo@holmes.com,850-603-0170,,N,04/23/2024,N
CT-000087,10040,Elizabeth Livingston,elizabeth.livingston@hancock.com,697.473.6601,Billing,N,05/02/26,N
CT-000707,10320,Kathleen Robinson,kathleen.robinson@smith.com,(895) 730-8713,,no,"February 23, 2022",N
CT-002205,10996,"WILLIAMS, CHLOE",chloe.williams@castillo.com,+1 291 900 9691,Billing,Y,"April 30, 2023",N
CT-000173,10079,Caleb Hood,caleb.hood@,,Technical,,"October 03, 2021",N
CT-000237,10104,Robert Ellis,robert.ellis@jones.com,398.523.0418,Billing,FALSE,"October 08, 2022",N
CT-002023,10912,Joseph Osborn,joseph.osborn@vasquez-padilla.com,(703) 537-4304,,TRUE,04/12/26,Y
CT-001692,10761,Jenna Goodwin,jenna.goodwin@brown.com,9378673054,Primary,no,13-Sep-2023,N
CT-001063,10478,David Sanders,david.sanders@lambert.com,485.405.3625,IT,Y,2024-11-11,Y
CT-001990,10897,John Bell,john.bell@johnson.com,+1 201 724 2957,Main,N,18-May-2019,N
CT-001089,10489,Nicolas Keller,nicolas.keller@gallegos.com,,,no,2023-05-04,N
CT-002130,10958,Veronica Houston,veronica.houston@mcintyre.com,818-327-6803,Billing,yes,08/31/2022,N
CT-000182,10083,"MULLINS, JONATHAN",jonathan.mullins@hayes-ramos.com,8313285166,Primary,0,17-Dec-2022,N
CT-000924,10416,Valerie Rodriguez,valerie.rodriguez@cross.com,778-5594,Ops Manager,TRUE,08/10/26,N
CT-000394,10171,Sheila Aguilar,SHEILA.AGUILAR@VELASQUEZ.COM,(661) 586-2281,,Y,04/30/2026,N
CT-001124,10502, Kristin  Green ,kristin.green@chapman-figueroa.com,(893) 603-4011,,N,2024/03/10,N
CT-000049,10022,John Ward,john.ward@jordan.com,677-629-9135,Billing,N,2019/01/28,N
CT-000649,10295,Rebecca Newman,rebecca.newman@simmons.com,(284) 375-1426,Technical,Y,05/21/2026,N
CT-001501,10678,Ms. Sarah G. Mcintosh,sarah.mcintosh@adams-garcia.com,466.265.2959,Billing,Y,"June 29, 2025",N
CT-000994,10446,Dana Hawkins,dana.hawkins@tran.com,(321) 706-1527,,FALSE,,N
CT-001079,10486,Jenny French,jenny.french@white.com,+1 701 424 0245,Technical,yes,"November 26, 2017",N
CT-000326,10144,Isabel Baird,isabel.baird@williams.com,+1 680 238 8548,CTO,yes,2025/05/25,N
CT-000088,10040, Cynthia  Vasquez ,cynthia.vasquez@hancock.com,744-557-6697,CEO,0,14-Jul-2026,N
CT-000141,10063, James  Curtis ,james.curtis@juarez-gray.com,6372501440,Primary,Y,11/30/2022,N
CT-001030,10460,Katherine Gaines,KATHERINE.GAINES@MCKINNEY-MOORE.COM,429-320-1027,Technical,Y,"March 27, 2026",N
CT-001856,78909,Jacob Hernandez,JACOB.HERNANDEZ@LEWIS.COM,233-693-7715,,TRUE,03/19/2023,N
CT-000155,10071,"ESPARZA, KIMBERLY",kimberly.esparza@nelson.com,402.513.3787,Primary,FALSE,,N
CT-002152,10968,Tyrone Nichols,TYRONE.NICHOLS@KHAN-MEDINA.COM,4226440868,Technical,N,09/25/2018,N
CT-000112,10052, Dylan  Campbell ,dylan.campbell@gibson.com,348-958-9891,Technical,yes,2023-05-16,N
CT-000323,10142,Dustin Smith,dustin.smith@thomas.com,872-545-7347,Billing,no,19-Jul-2020,N
CT-000477,10211,"ARNOLD, MARY",mary.arnold@brooks-hatfield.com,(702) 944-8136,Main,N,"May 14, 2026",N
CT-000643,10291,Linda Contreras,linda.contreras@walker.com,+1 836 754 6809,,N,12/28/2025,N
CT-001833,10819,"JONES, MATTHEW",MATTHEW.JONES@SOLOMON-WOOD.COM,352-2965,Billing,no,"August 08, 2020",Y
CT-002052,10923,Kimberly Jackson,kimberly.jackson@brown.com,(525) 271-2987,CTO,N,2024-06-18,N
CT-000986,10444,Jessica Cruz,jessica.cruz@lewis-summers.com,(552) 879-4926,Primary,FALSE,11/05/2022,N
CT-000542,10240,"CARTER, DAVID",DAVID.CARTER@PALMER.COM,8304272315,Ops Manager,Y,03/11/2026,N
CT-000229,10101,Andrea Macias,andrea.macias@pollard.com,5852620127,billing contact,,2022-01-17,N
CT-002123,10954,Brenda Huffman,brenda.huffman@edwards.com,+1 807 568 3422,,TRUE,23-Feb-2022,N
CT-001432,10642,Gregory Rosales,gregory.rosales@bell.com,5895250281,IT,N,2025-02-02,N
CT-001227,10549,Tracy Carson,tracy.carson@campbell.com,554.260.8335,billing contact,TRUE,03/23/2026,N
CT-001595,10719,Brandon Berry,brandon.berry@allen-duarte.com,687.308.5506,CTO,N,2026/07/31,N
CT-001121,10501,Christopher Prince,christopher.prince@reynolds.com,480-551-2466,Primary,N,2025/01/21,N
CT-000413,10180,"TAYLOR, JENNIFER",jennifer.taylor@bell.com,257-481-1431,Ops Manager,N,03/28/23,N
CT-001942,10871,Jacob Kane,jacob.kane@hernandez.com,(731) 746-7769,Primary,FALSE,04/30/2020,N
CT-002055,10925,Linda Church,linda.church@reyes-pope.com,(548) 240-0936,Primary,yes,2023-08-22,N
CT-000756,10341,Tammy Johnson,tammy.johnson@miller-bryant.com,629-255-4632,Technical,N,04/19/26,Y
CT-001459,10656,Dana Stevens,dana.stevens@evans-bauer.com.,+1 520 617 4482,Billing,TRUE,"August 06, 2022",N
CT-001480,10668,Julia Adams,julia.adams@fisher-yu.com,(821) 971-2246,Purchasing,yes,"June 24, 2025",N
CT-000851,75413,"HENRY, MATTHEW",matthew.henry@martinez.com,(650) 861-8214,billing contact,,05/02/25,N
CT-000566,10251,Ms. Robert G. Cole,robert.cole@williams-cooper.com.,275-451-6646,billing contact,N,07/14/21,N
CT-002137,10962,Isaac Collins,isaac.collins@barnes.com,892-6175,Billing,Y,11/24/2020,N
CT-001697,10763,Donald Boyd,donald.boyd@bailey.com,320.776.6630,Purchasing,yes,01/14/23,N
CT-000623,10281,Stephanie Wood,stephanie.wood@wheeler-gonzalez.com,2082868151,Main,N,2019/06/06,N
CT-000280,10124,Mr. Michael C. Bowen,MICHAEL.BOWEN@JOHNSON-WOOD.COM,643-590-8568,CTO,0,03/19/21,N
CT-000844,10383,Thomas Smith,thomas.smith@miller.com,397.654.4039,,no,09/22/2025,N
CT-001195,10534,Charles Mccall,CHARLES.MCCALL@FORD-FRYE.COM,(380) 551-5772,CEO,N,19-Mar-2024,N
CT-001081,10487,Mr. Scott M. Duran,scott.duran@juarez.com,517-453-8353,Main,,07/22/2024,N
CT-000738,10335,Jennifer Lewis,jennifer.lewis@quinn-wilson.com,(864) 766-1098,CTO,Y,"November 02, 2020",N
CT-002108,10948,Calvin Forbes,calvin.forbes@baker.com,2492788930,Billing,0,07/14/24,N
CT-000126,10058,Kevin Briggs,kevin.briggs@hernandez.com,(779) 666-2485,Owner,no,24-Jan-2022,N
CT-001931,10866,Zachary Huerta,zachary.huerta@fuentes-martinez.com,506-464-1599,Technical,TRUE,03/31/26,N
CT-001689,10761,"OLSON, JOHN",john.olson@brown.com,563-463-3976,Main,TRUE,12/21/23,N
CT-001840,10822, Gabriella  Meyers ,gabriella.meyers@smith.com,699-295-5196,AP,FALSE,"July 24, 2018",N
CT-001429,10641,Amy Garcia,amy.garcia@lambert-nelson.com,(906) 793-5344,Billing,FALSE,"October 26, 2021",N
CT-001885,10844,Cameron Bautista,cameron.bautista@miller.com,(800) 360-7883,IT,Y,2026-07-08,N
CT-001185,10530,"BOOTH, CRAIG",craig.booth@holmes.com,780.535.2569,billing contact,1,"November 13, 2017",N
CT-000931,10418,Tammy Taylor,tammy.taylor@fry-bryant.com,(508) 630-4306,Billing,FALSE,2025/04/12,
CT-000292,10130,Adam Stephenson,adam.stephenson@reese.com,(494) 276-9161,Primary,FALSE,12/31/23,N
CT-000725,10328,Patrick Gonzalez,patrick.gonzalez@peck-anderson.com,738-785-3195,Ops Manager,N,2019-04-04,N
CT-001417,10636,James Willis,james.willis@warren.com,569-802-5971,billing contact,no,2025/07/28,N
CT-000304,10135,"ROSARIO, DAVID",david.rosario@beasley-gutierrez.com,604.226.3208,,FALSE,02/09/19,
CT-001998,10900,Kelsey George,kelsey.george@spencer-willis.com,240-676-9658,,0,08/30/26,N
CT-000464,10203,Ms. Patrick H. Dunn,patrick.dunn@sullivan.com,+1 543 843 5421,IT,Y,2026-03-23,N
CT-000678,10307,Anthony Gross,anthony.gross@rowe.com,703-665-6122,Ops Manager,Y,14-Feb-2026,N
CT-001734,10783,Mr. Ian R. Mayer,ian.mayer@reed-howard.com,+1 208 474 5465,IT,Y,2021-04-12,N
CT-001141,10511,Dr. Justin H. Johnson,justin.johnson@mitchell.com,753-716-8330,Main,yes,"June 03, 2025",N
CT-001154,10516,Mr. Kathryn K. Banks,kathryn.banks@jones.com,(496) 523-3506,,no,,N
CT-000230,10102,Richard Vargas,richard.vargas@mcintyre.com,+1 959 319 4037,IT,yes,"January 02, 2025",N
CT-001579,10713,Samantha Berger,SAMANTHA.BERGER@RAMIREZ.COM,679-379-9744,Ops Manager,yes,"October 06, 2021",N
CT-001769,10795,"RODRIGUEZ, JAMES",james.rodriguez@mcdaniel-young.com,7138695412,Billing,Y,18-Aug-2024,N
CT-001873,10837,Tanya Hunter,tanya.hunter@fitzgerald-dorsey.com,566.265.1343,Ops Manager,0,06/29/24,N
CT-002227,10942,Amber Jones,AMBER.JONES@CLARK-MILLER.COM,(375) 887-3652,CTO,FALSE,07/09/25,N
CT-001642,10741,"MIDDLETON, JUSTIN",JUSTIN.MIDDLETON@GONZALEZ-MILLER.COM,(958) 508-3834,Ops Manager,FALSE,"July 16, 2021",N
CT-001627,10735, Veronica  Brooks ,veronica.brooks@young.com,842-357-0576,billing contact,FALSE,,N
CT-000008,10003,Darryl Davis,darryl.davis@lewis.com,591-994-7219,,N,2021/11/04,Y
CT-001328,10593, Kellie  West ,kellie.west@hall-james.com,(624) 796-7971,Billing,TRUE,05/27/22,N
CT-000294,10131,Mr. Justin S. Anderson,justin.anderson@williams.com,+1 339 684 6319,,N,06/07/23,N
CT-001794,10804, Patrick  Grant ,patrick.grant@johnson.com,(452) 276-0657,IT,FALSE,19-Apr-2026,N
CT-002003,77420,Dr. Jennifer S. Hutchinson,jennifer.hutchinson@cisneros.com,(867) 772-4517,billing contact,N,"March 05, 2026",Y
CT-000340,10150,David Ward,david.ward@richard-sanchez.com,980.401.2028,Technical,1,27-Jun-2026,N
CT-001172,10524,Kristie Hall,kristie.hall@ramirez.com,(708) 748-3848,IT,N,05/23/2026,N
CT-000384,10168,Deborah Chen,deborah.chen@joyce.com,706-841-2442,CTO,FALSE,06/07/2024,N
CT-001620,10731,Alyssa Torres,alyssa.torres@conley.com,(357) 947-1214,,yes,27-Mar-2025,N
CT-000771,10349,"MILLER, JEREMY",jeremy.miller@rodriguez.com,5298131226,Primary,yes,08/01/2019,N
CT-000012,74560,Nancy Martin,nancy.martin@ray-bush.com,+1 857 433 6579,Owner,,03/01/2026,N
CT-000845,10384,"KENNEDY, MORGAN",morgan.kennedy@cardenas-barnes.com,204.374.7132,billing contact,Y,18-Sep-2025,N
CT-001139,10509,Maria Becker,maria.becker@price.com.,(901) 393-9532,Billing,,01/18/23,N
CT-001297,10579,"BROOKS, EVAN",evan.brooks@stokes.com,790-792-3392,Billing,yes,2024-02-01,N
CT-002086,10938,"HAWKINS, SCOTT",scott.hawkins@bryant-wood.com,(926) 694-2792,Primary,N,"March 23, 2025",N
CT-001043,10468,Sarah Johnson,sarah.johnson@johns.com,(672) 582-0329,Primary,Y,2020/10/18,N
CT-002163,10976,Felicia Lawrence,felicia.lawrence@smith.com,242-642-6502,,N,16-Feb-2023,N
CT-000677,10306,Teresa Armstrong,teresa.armstrong@garcia-greer.com,,CEO,N,05-Dec-2025,N
CT-001815,10812,Ms. Lisa A. Norris,lisa.norris@hines.com,552-4671,Ops Manager,N,,N
CT-001289,10576,Stephanie Smith,STEPHANIE.SMITH@DIXON.COM,(227) 835-3098,Billing,N,13-Nov-2024,N
CT-000535,10237,Connie Cisneros,connie.cisneros@gill.com,(524) 993-6953,Purchasing,1,11/22/24,N
CT-002016,10909,Megan Oconnor,megan.oconnor@wallace.com,5959278724,Technical,yes,03/13/2024,N
CT-001091,10490,Anthony Hines,anthony.hines@black.com,+1 982 355 9657,Technical,Y,2025-10-01,N
CT-002268,10797,Elaine Nguyen,elaine.nguyen@hopkins-thompson.com,2202624160,,no,2020/02/20,N
CT-001986,10895,Ethan Stanton,ethan.stanton@johnson-rice.com,+1 876 728 8551,Technical,yes,04-Feb-2025,N
CT-002167,10978,Shawn Barrett,shawn.barrett@jackson.com,,CTO,0,10/12/2023,N
CT-000375,10165,Jonathan Phelps,jonathan.phelps@stephenson.com,(215) 337-6347,Purchasing,N,2024/03/31,N
CT-001522,10689,Thomas Bennett,thomas.bennett@mendoza-powell.com,,Ops Manager,N,04/08/24,N
CT-000337,10148,Travis Cook,travis.cook@williams.com,+1 772 404 7900,IT,N,03-Jun-2024,N
CT-001598,10720,Jacob Mason,jacob.mason@johnson.com,773-947-7688,Ops Manager,no,12/21/2023,N
CT-000660,10300, George  Armstrong ,george.armstrong@thomas.com,+1 717 313 5420,Owner,N,08/15/20,N
CT-000149,10067,Zachary Morgan,zachary.morgan@hickman.com,911-341-2062,IT,no,"October 17, 2021",N
CT-001623,10734,Brenda Weber,brenda.weber@joseph.com,414.757.4639,Primary,Y,2023/03/10,N
CT-002262,10341,Tammy Johnson,TAMMY.JOHNSON@MILLER-BRYANT.COM,629-255-4632,Technical,N,04/19/26,Y
CT-001890,10847,Jessica Merritt,jessica.merritt@guzman.com,(887) 780-1326,Owner,,06-Jul-2020,N
CT-002029,10914,Dawn Garcia,dawn.garcia@anderson.com,(733) 268-0140,,N,12/02/24,N
CT-001169,10523,Christopher Castro,christopher.castro@watson-stewart.com,208.462.1708,,FALSE,2025/12/15,N
CT-002117,10952, Dennis  Foster ,dennis.foster@todd.com,(470) 638-2709,Owner,FALSE,2025/12/30,N
CT-000422,10185,Amy Meyers,amy.meyers@coleman.com,208.498.4297,Technical,TRUE,06/14/2024,N
CT-000330,10146, Michael  Hahn ,michael.hahn@brown.com,(616) 621-0319,Main,TRUE,"January 23, 2018",
CT-001702,10766,Jennifer Nunez,jennifer.nunez@white.com,(263) 907-5725,,N,2023/08/18,N
CT-001816,10812,Donald Carrillo,donald.carrillo@hines.com,(440) 868-7293,CEO,,04/07/2023,N
CT-001801,10806,Kimberly Price,kimberly.price@pennington-hardin.com,(319) 984-2167,IT,N,08/13/22,N
CT-000494,10220,Alexander Rodriguez,alexander.rodriguez@schneider.com,490.363.9345,IT,N,03-Sep-2021,Y
CT-000405,10177,Lisa Thompson,lisa.thompson@duncan.com,,,Y,2025/03/11,N
CT-000794,10361,Jason Santiago,jason.santiago@howard.com,(843) 386-8355,Ops Manager,no,"January 26, 2026",N
CT-001577,10712,Patricia Reed,patricia.reed@taylor-cortez.com,686-433-3076,,N,"January 21, 2025",Y
CT-000388,10169, Rachel  Phillips ,RACHEL.PHILLIPS@SALAS.COM,283-4544,Primary,N,2019/01/28,N
CT-000724,10328,Ms. Lucas D. Rodriguez,lucas.rodriguez@peck-anderson.com,225.626.6371,Technical,1,08/22/2019,N
CT-002102,10944,Margaret Perez,margaret.perez@adams-morales.com,226-988-8667,billing contact,FALSE,05/23/2024,N
CT-001518,10687,Angela Rowe,angela.rowe@garcia-jones.com,,Primary,TRUE,12/28/25,
CT-000952,10427,Brianna Richardson,brianna.richardson@jones.com,+1 531 238 0479,Main,FALSE,2026/06/20,N
CT-000810,10369,Steven Adams,steven.adams@preston.com,+1 850 502 6367,CTO,0,2020/10/16,N
CT-000343,10151,John Hill,john.hill@maxwell-jones.com,662-402-9871,Technical,FALSE,10/22/2025,N
CT-000625,10282,Ms. Kurt A. Fuentes,KURT.FUENTES@ALEXANDER-JORDAN.COM,523.265.1083,CEO,N,2024/04/07,N
CT-002255,10585,Cody Chapman,CODY.CHAPMAN@ALLEN.COM,934-981-9240,Billing,0,04/08/2026,N
CT-001850,10827,"FOLEY, EDWARD",edward.foley@hernandez.com,692.240.7662,Owner,no,03-Jan-2026,N
CT-002209,10998,Rose Rivera,rose.rivera@jones.com,(835) 876-5423,Purchasing,0,2024/08/12,N
CT-001684,10758,Kristin Garcia,kristin.garcia@montoya.com,626-2409,Main,N,"April 22, 2023",N
CT-000006,10003,John Lane,john.lane@lewis.com,+1 283 837 4338,Primary,Y,"November 10, 2021",N
CT-001099,10492,Karen Aguirre,karen.aguirre@lopez.com,201-461-4830,,no,"August 13, 2026",N
CT-001637,10740,Crystal Beck,crystal.beck@randall.com,261.382.9894,,0,11/03/25,N
CT-001973,10888,Sarah Moran,sarah.moran@collins.com,313-651-3958,IT,yes,2023-12-07,N
CT-001069,10481,Kevin Richardson,kevin.richardson@griffin-hampton.com,+1 291 458 4775,Ops Manager,N,2022-02-27,N
CT-000194,10087,Bradley Johnson,bradley.johnson@kerr.com,315.957.7825,Main,no,"November 26, 2022",N
CT-000776,10351,Bradley Williams,bradley.williams@hernandez-dawson.com,593.581.6240,billing contact,N,06/21/2025,
CT-000943,10423,Dr. Jimmy A. Abbott,jimmy.abbott@stanley-bates.com,6132542802,Primary,Y,04/29/2024,N
CT-001306,10583,Lisa Gray,lisa.gray@rogers.com,(662) 974-4738,,Y,"March 08, 2025",Y
CT-001250,10559,James Harrison,JAMES.HARRISON@TRUJILLO-GONZALES.COM,(221) 767-4437,AP,,,N
CT-001114,10498,Alexander Parker,alexander.parker@gray.com,(828) 257-2698,Ops Manager,N,"September 13, 2022",N
CT-001679,10756,Maria Brown,maria.brown@pope.com,401-524-1879,AP,,,N
CT-001002,10449,"SCHROEDER, ADAM",ADAM.SCHROEDER@TANNER.COM,859.572.7693,IT,1,"August 26, 2025",N
CT-000250,10109,"RHODES, STACY",stacy.rhodes@little-stevens.com,910-0422,,,"June 25, 2020",Y
CT-001883,10843,Suzanne Garcia,SUZANNE.GARCIA@RICHARDS-MACK.COM,+1 221 410 2749,Primary,Y,2022-01-07,N
CT-001441,10645,Valerie Bowen,valerie.bowen@marquez.com,710-983-2796,Technical,N,2020-05-29,N
CT-001817,10812,Monica Lyons,monica.lyons@hines.com,501.204.7250,,,07/22/23,N
CT-001006,10450,Allison Lee,ALLISON.LEE@WEBER.COM,229.654.0411,,yes,01/22/2021,N
CT-000747,10339,Lisa Gonzalez,lisa.gonzalez@moon-flores.com,(780) 613-8094,Purchasing,0,18-Jan-2026,N
CT-000927,10416,"MARTINEZ, MICHELLE",michelle.martinez@cross.com,(306) 642-5814,Technical,N,09-Apr-2026,N
CT-001788,10802,Riley Brewer,RILEY.BREWER@HENRY.COM,7253591371,Purchasing,N,2025/12/09,N
CT-002004,10902,Stefanie Williams,stefanie.williams,812-212-8147,CEO,N,05/03/26,N
CT-000017,10008,Sandra Booth,sandra.booth@robinson.com,306-628-9776,Primary,,2022-02-03,Y
CT-002033,10915,Lisa Higgins,lisa.higgins at braun.com,+1 412 407 6346,Technical,,2026/05/20,N
CT-001629,10736,Stacy Martinez,stacy.martinez@johnson.com,+1 208 850 9033,billing contact,no,2025/12/06,N
CT-000645,10293,Dr. Kimberly J. Arnold,kimberly.arnold@boyd.com,+1 747 633 1109,Primary,Y,20-Nov-2018,N
CT-001891,10848,Brandon Boone,brandon.boone@miller-taylor.com,,Primary,Y,17-Sep-2022,N
CT-000547,10242,Susan Bradley,SUSAN.BRADLEY@ANDERSEN.COM,(368) 765-6189,Billing,,2022-02-13,N
CT-002074,10933,Megan Doyle,megan.doyle,9527627654,billing contact,,06/20/22,N
CT-001033,10461,Mr. Chelsea K. Conley,chelsea.conley@turner.com,9786772492,CTO,TRUE,2020/04/29,Y
CT-001034,10461, Lindsey  Reed ,lindsey.reed@turner.com,212-461-7858,Owner,N,2020/06/11,N
CT-001880,10841,Timothy Hicks,timothy.hicks@sutton.com,228-246-9146,Primary,Y,02-May-2018,N
CT-000871,10394,Michael Rivera,michael.rivera@schroeder-flores.com,(894) 986-5699,,Y,"August 10, 2021",N
CT-000969,10435,Michele Taylor,michele.taylor@stone-watts.com,(247) 649-1326,Purchasing,N,05/15/2026,N
CT-000043,10020,Latoya Bennett,latoya.bennett@perez.com,401-530-8391,Billing,yes,2026-01-06,N
CT-001007,10450,Jared Carey,jared.carey@weber.com,408-333-7002,billing contact,N,"December 01, 2020",Y
CT-001699,10764,Anna Reeves,anna.reeves@rice.com,251-741-9359,CTO,N,2026-03-08,N
CT-001525,10690,Lucas Mcconnell,lucas.mcconnell@meyers.com,(787) 693-6447,Billing,0,"August 14, 2024",N
CT-000977,10440,Brianna Carpenter,brianna.carpenter@walsh.com,(788) 596-0184,Ops Manager,1,"August 02, 2022",N
CT-000922,10415,Mr. April B. Combs,april.combs@anderson.com,(489) 462-4623,Purchasing,N,"February 04, 2026",N
CT-000873,10395,Joshua Lee,joshua.lee@figueroa-malone.com,(959) 681-4320,,N,,N
CT-002188,10989,Kristie Mitchell,KRISTIE.MITCHELL@SOLIS.COM,759.288.1788,Ops Manager,Y,07/11/26,N
CT-001273,10569,Nicole Larsen,nicole.larsen@yu.com.,395-967-5221,,no,2024/04/08,N
CT-002062,10928,Samuel Ward,samuel.ward@collins.com,709-2192,,FALSE,"February 12, 2021",N
CT-001866,10834,Natalie Blackburn,natalie.blackburn@meadows.com,7265441493,CTO,yes,26-Apr-2018,N
CT-001313,10585,Cody Chapman,cody.chapman@allen.com,934-981-9240,Billing,0,04/08/2026,N
CT-000654,10297,Raven Blankenship,RAVEN.BLANKENSHIP@RAY.COM,(201) 260-9179,Billing,N,05/30/2023,N
CT-000398,10174,Jamie Ramos,jamie.ramos@smith.com,431.585.4135,Technical,yes,20-May-2024,N
CT-002174,10983,Toni Castillo,toni.castillo@anderson.com,+1 272 519 1110,,Y,03/28/2021,N
CT-001428,76185,Karen Holland,karen.holland@lambert-nelson.com,546-883-3491,Purchasing,N,09/11/2021,N
CT-001145,10512,Kelly Johnson,KELLY.JOHNSON@MITCHELL.COM,(609) 465-8732,,,03/20/2024,N
CT-002054,10924,Michael Medina,michael.medina@williams.com,536-501-3700,,0,25-Jun-2025,N
CT-001809,10810,Ms. Tiffany R. Oconnor,tiffany.oconnor@chavez-johnson.com,(761) 362-9055,Owner,Y,2024-11-10,N
CT-000506,10226,Philip Carson,philip.carson@spence.com,681-871-0054,Primary,FALSE,15-Oct-2023,N
CT-000192,10087,Dr. Catherine J. Dixon,catherine.dixon@kerr.com,566-542-9697,CTO,FALSE,"December 12, 2022",N
CT-001446,10649,Dylan Adams,dylan.adams@tate-munoz.com,(249) 380-1755,Purchasing,FALSE,03/18/2025,
CT-001116,10499, Melanie  Wallace ,melanie.wallace@jacobs.com,403.652.1207,Primary,N,2023-10-01,N
CT-001924,10863,Linda Thomas,LINDA.THOMAS@MCCARTHY.COM,256-328-1588,Ops Manager,yes,2020/06/16,N
CT-000843,10383,"BELL, ALEC",alec.bell@miller.com,+1 464 288 9393,Billing,Y,2025/09/24,N
CT-000210,10094,Kristin Gray,kristin.gray@murray.com,(395) 531-8334,Technical,Y,,N
CT-002087,10938,Yesenia Lee,YESENIA.LEE@BRYANT-WOOD.COM,707-313-3272,,N,01/12/2025,N
CT-001894,10848,Terry Williams,terry.williams@miller-taylor.com,369-0903,CEO,FALSE,2022-05-29,N
CT-001658,10748,William Lee,william.lee@davenport-torres.com,8383015857,Owner,1,"July 22, 2018",N
CT-002244,10825,"PRICE, CINDY",CINDY.PRICE@CAMPBELL-MCDOWELL.COM,755.710.5979,,no,07/12/2025,N
CT-000676,10306,Christine Stephens,christine.stephens@garcia-greer.com,440-0070,Billing,TRUE,08/06/25,N
CT-000936,10420,James Jones,james.jones@clark.com,8092812809,,1,2022/11/24,N
CT-001685,10758, Melanie  Chang ,melanie.chang@montoya.com,+1 449 284 2331,Owner,no,2023-04-30,N
CT-000734,10333,Jacob Sanchez,jacob.sanchez@salazar-brown.com,+1 211 230 3283,Primary,yes,12/07/25,N
CT-001807,10809,Justin Ruiz,justin.ruiz@holloway.com,276.831.8539,Technical,Y,04/19/2022,
CT-000586,10263,Ms. Ashley K. Huerta,ashley.huerta@kirby.com,(395) 971-5677,CTO,N,,
CT-001251,10560, Todd  Lopez ,todd.lopez@mann-hansen.com,412.423.9555,,Y,,N
CT-000071,10032,Catherine Joseph,catherine.joseph@baker.com,5035423051,Purchasing,N,01/17/22,Y
CT-000005,10002,Sheryl Hernandez,sheryl.hernandez@robinson-lawrence.com,210-667-1870,CTO,N,02/16/21,N
CT-001842,10823, Virginia  Hernandez ,virginia.hernandez@williams.com,(359) 486-8863,IT,1,20-Aug-2026,N
CT-001392,10625,Javier Noble,javier.noble@webb.com,(228) 757-0995,,Y,2026/04/06,
CT-000471,74276, James  Jefferson ,JAMES.JEFFERSON@JIMENEZ-DAVIS.COM,751-863-5248,CEO,0,"November 01, 2023",N
CT-001253,10560,Cynthia Davis,CYNTHIA.DAVIS@MANN-HANSEN.COM,580-641-4833,Billing,N,2026-02-19,N
CT-001488,10672,Daniel Howard,daniel.howard at green.com,554-5754,IT,Y,03/03/26,N
CT-001653,10746,"BISHOP, ANDREW",andrew.bishop@fitzpatrick.com,(708) 753-6121,Purchasing,0,2020-01-08,N
CT-001471,10662,Michael Barton,michael.barton@english-dominguez.com,264.244.4903,AP,N,2024/08/06,N
CT-000605,10273,Ann English,ann.english@miller.com,743.534.5495,Primary,yes,2021/01/17,N
CT-000498,10223,Rodney Vaughan,rodney.vaughan@williams-moses.com,+1 568 612 8742,,1,21-Feb-2024,N
CT-000591,10267,Katherine Henderson,katherine.henderson@chung-stevens.com,3358179890,AP,Y,2023-05-14,N
CT-000612,10276,Victor Stewart,VICTOR.STEWART@MOORE.COM,400.448.6471,Owner,Y,2023-05-15,N
CT-000702,10318,Michael Cooley,michael.cooley@ward.com,783.880.3350,,N,09/02/2024,N
CT-001189,10531,"HENDERSON, PAUL",paul.henderson@lewis.com.,(635) 814-0217,Primary,FALSE,12/11/2022,N
CT-000974,10438,"ERICKSON, HENRY",HENRY.ERICKSON@GRAY.COM,712-867-2503,Ops Manager,no,"March 23, 2024",N
CT-002195,10992,Tammy Cruz,tammy.cruz@martin-gonzalez.com,(585) 290-2308,,1,"October 20, 2019",Y
CT-000004,10002,Dylan Jacobs,dylan.jacobs@robinson-lawrence.com,+1 815 212 7632,IT,FALSE,2020/11/11,N
CT-001811,10810,Brittany Andrews,brittany.andrews@chavez-johnson.com,643-946-4234,IT,,12/27/24,N
CT-000070,10032, Craig  Cruz ,craig.cruz@baker.com,(362) 349-0499,CEO,N,"September 10, 2021",N
CT-001593,10719,Christina Ryan,christina.ryan@,+1 881 278 0637,Purchasing,Y,08/03/26,N
CT-000290,10129, Diana  Gonzales ,diana.gonzales@howard.com,333-851-7370,Technical,N,2024/10/31,N
CT-001659,10748,Robin Ellis,robin.ellis@davenport-torres.com,971-683-0580,Purchasing,FALSE,19-Oct-2018,Y
CT-001388,10624,Cassandra Levy,cassandra.levy@rose-warren.com,7727575038,,Y,2024-11-12,N
CT-001935,10867,"ADKINS, MELISSA",melissa.adkins@peterson-wagner.com,(560) 969-4454,Billing,N,"October 14, 2025",N
CT-001733,10782,John Robles,john.robles@hood.com,212-717-9942,Technical,N,09/20/24,N
CT-001554,10702,Mr. Rebekah B. Shaw,rebekah.shaw@salazar.com,+1 904 584 9468,AP,TRUE,22-Sep-2022,N
CT-001018,10455,Michael Brennan,michael.brennan@stevenson.com,+1 291 861 1942,,Y,2023/02/04,N
CT-000737,10334,Alec Barker,alec.barker@martin.com,,Primary,no,"June 27, 2023",N
CT-000533,10236, Benjamin  Martin ,BENJAMIN.MARTIN@ADKINS-OBRIEN.COM,(865) 887-2536,Billing,0,2026-03-30,N
CT-000695,10314,Connie Clark,connie.clark@reid-terry.com,(630) 330-5181,Technical,N,2018-10-06,N
CT-001186,10530,Mary Johnson,mary.johnson@holmes.com,831.323.7753,Technical,N,"March 29, 2018",N
CT-001047,10470, Timothy  Hughes ,timothy.hughes@hughes-mccoy.com,+1 618 462 4404,Billing,N,2026-01-14,N
CT-000938,10420,"WRIGHT, APRIL",april.wright@,471-279-0130,Billing,no,02-Mar-2023,N
CT-000262,10114,Gary Conrad,gary.conrad@byrd-le.com,316-557-3460,Billing,FALSE,10-May-2026,Y
CT-000497,10222,"SANDERS, ETHAN",ethan.sanders@hill.com,626-5114,Owner,N,06-Sep-2025,N
CT-000817,10372,Ms. Brandon H. Reyes,brandon.reyes@underwood.com,532-803-0201,Primary,N,26-Jul-2021,N
CT-000067,10031,Michael Crosby,michael.crosby@,,Primary,N,04/14/24,N
CT-000754,10341,"SMITH, BARBARA",BARBARA.SMITH@MILLER-BRYANT.COM,,Main,FALSE,2025-12-20,N
CT-000499,10224,Shawn Dawson,shawn.dawson@nelson.com,,billing contact,TRUE,04-Nov-2023,N
CT-000309,10137,Carla Smith,carla.smith@watson.com,(565) 523-1844,Ops Manager,no,2023-06-09,
CT-001748,10788,Bridget George,bridget.george@williams-davies.com,(365) 299-6556,Billing,no,2021/12/05,N
CT-000553,10244, Geoffrey  Phillips ,GEOFFREY.PHILLIPS@ANDERSON.COM,986.363.7436,,,02/08/25,Y
CT-001776,10797,"MOORE, GEORGE",george.moore@hopkins-thompson.com,(287) 862-1905,Main,N,2020-03-05,N
CT-000444,10195,Matthew White,matthew.white@mcdonald-bird.com,4559654472,Purchasing,1,21-Oct-2024,N
CT-002258,10602,Angela Singh,angela.singh@turner-reese.com,(457) 619-0567,Billing,yes,2025-06-14,N
CT-000848,10385,Jeremy Gordon,jeremy.gordon@foster.com,(308) 950-4067,Technical,Y,2020/11/26,N
CT-000689,10311,David Thomas,david.thomas@thomas.com,+1 809 554 6558,Technical,FALSE,02/06/20,N
CT-000513,10229,Dan Cox,dan.cox@hayden.com,217-747-8255,,N,18-Jun-2022,N
CT-001882,10842,Norman Fisher,norman.fisher@palmer.com,+1 369 713 2848,,Y,15-Mar-2024,N
CT-001231,10550,Shawn Hardin,shawn.hardin@fisher-floyd.com,2278629332,,1,26-Mar-2024,N
CT-001163,10520, Barbara  Bartlett ,barbara.bartlett@spencer.com,+1 704 354 5517,Primary,FALSE,01/21/21,N
CT-001450,10651,Megan Everett,megan.everett@peterson.com.,+1 970 543 2721,CTO,Y,11-Jan-2025,N
CT-001958,10879,Michael Chavez,MICHAEL.CHAVEZ@WADE.COM,2685837195,IT,Y,05/25/2021,N
CT-000503,10225, Christopher  Gray ,christopher.gray@little.com,927.930.3832,Primary,yes,2023-09-04,N
CT-001795,10804,Joanne Salinas,joanne.salinas@johnson.com,+1 628 747 6561,Billing,N,28-Mar-2026,N
CT-000450,10197,Rebecca Lindsey,rebecca.lindsey@holmes.com,,Technical,N,25-Jul-2025,N
CT-001774,10796,Emily Morris,emily.morris@castro-graham.com,461-7573,Billing,0,"June 23, 2025",N
CT-001095,10491,Karen Robinson,karen.robinson@eaton-smith.com,903-456-8695,Billing,no,2025-04-22,N
CT-000727,10329, Lori  Cole ,lori.cole@smith.com,+1 525 565 4185,Billing,yes,"December 27, 2025",N
CT-001157,10517,Whitney Mccoy,whitney.mccoy@ramos.com,767-852-0213,Owner,0,2025-10-04,N
CT-001317,10587,Kevin Stevens,kevin.stevens@hanson-alexander.com,258-521-3272,,Y,2022-02-03,N
CT-001701,10766,Ashley Torres,ashley.torres@white.com,(402) 324-6958,Purchasing,yes,06-Nov-2023,N
CT-001105,10496,Susan Mcdonald,susan.mcdonald@valentine-robinson.com,941-203-3836,Primary,Y,2026-07-22,N
CT-001051,10473, Christina  Berger ,christina.berger@robles-atkinson.com,(294) 203-7543,IT,yes,11/04/25,N
CT-000908,10409,"ROSE, CODY",cody.rose@ruiz.com,(449) 236-0393,,Y,2019-09-17,N
CT-001202,10537,Edwin Smith,edwin.smith@martinez.com,(580) 526-8029,Billing,TRUE,20-Sep-2023,N
CT-001537,10694,"TURNER, BRADLEY",bradley.turner@price-sparks.com,(828) 689-9880,,Y,"October 04, 2025",N
CT-000508,10227,Ms. Chris J. Schwartz,chris.schwartz@brewer-velez.com,+1 401 393 0566,IT,TRUE,2026/02/02,N
CT-000263,10115,Kathryn Mckee,kathryn.mckee@kramer-johnson.com,+1 605 959 9395,Owner,TRUE,10/30/24,N
CT-000152,10069,David Sanders,david.sanders@reed.com,+1 911 692 7809,Billing,TRUE,2019-03-09,N
CT-000906,10408,Steven White,steven.white@knox-powers.com,(625) 752-4309,Main,,11/06/23,N
CT-000053,10024,Dr. Monica C. Morales,monica.morales@ramos.com,(283) 288-8972,,no,2019/10/30,N
CT-001758,10791,Ms. Deanna H. Baker,deanna.baker@hines.com,(642) 234-3801,billing contact,Y,,Y
CT-000414,10181,"SMITH, KAREN",karen.smith@white.com,406-4773,Technical,1,2025/04/15,N
CT-000933,10419,Eric Fuller,eric.fuller@howard-lopez.com,8939634702,Technical,,02/27/25,N
CT-002128,10956,Dr. Evan M. Lee,evan.lee@morgan-barnes.com,469.849.8034,Billing,N,"September 24, 2025",N
CT-000919,10414,Brian Bruce,brian.bruce@walters-smith.com,284.802.1974,,TRUE,03/20/2026,N
CT-000379,10167,"MCMAHON, DANIELLE",danielle.mcmahon at bowers.com,(496) 879-2447,Billing,N,"February 16, 2025",Y
CT-000916,10413,Kristin Carpenter,kristin.carpenter@orozco.com,(743) 789-5009,Billing,TRUE,"December 06, 2025",N
CT-000638,10288,Mr. Mary F. Davis,mary.davis@barnes.com,+1 708 583 9337,Primary,N,14-Mar-2025,N
CT-000228,10101,Erica Kramer,erica.kramer@pollard.com,,IT,TRUE,2022-02-11,N
CT-002142,10964,Christopher Hayes,christopher.hayes@griffin.com,,billing contact,no,02/26/25,N
CT-000682,10308,"PITTMAN, JAMES",james.pittman@martin-taylor.com,867-937-4976,Technical,N,31-May-2025,N
CT-000585,10263, Dustin  Lewis ,dustin.lewis@kirby.com,(447) 889-8822,CTO,Y,09-May-2022,N
CT-000956,10429,Justin Wilson,justin.wilson@smith.com,(753) 229-1484,Ops Manager,Y,05/25/2024,Y
CT-000473,79106,Dennis Rodriguez,DENNIS.RODRIGUEZ@LUNA-GALLAGHER.COM,402.339.8185,Owner,TRUE,08/15/26,N
CT-000968,10435,Dr. Anna E. Stevens,anna.stevens@stone-watts.com,(798) 471-7341,Technical,Y,01/30/2026,N
CT-000574,10255,Morgan Caldwell,morgan.caldwell@lopez.com,604-247-9210,Billing,N,11/01/25,N
CT-000650,10296,Kristen Foster,KRISTEN.FOSTER@COLE.COM,558-821-3836,Primary,Y,12/12/21,N
CT-000404,10176,Tyler Stevens,tyler.stevens@carlson-smith.com,787.590.7565,Primary,,05/03/26,N
CT-000824,10376,Patty Johnston,patty.johnston@martin-jones.com,+1 524 766 1483,IT,TRUE,12/16/23,Y
CT-001083,10488,Mary Nelson,mary.nelson@hughes-hardin.com,616.983.5261,,FALSE,09/20/25,N
CT-000214,10095,Mark Davis,mark.davis@pennington.com,3763130644,Owner,N,07/29/2018,N
CT-000915,10412,Donald Meadows,DONALD.MEADOWS@WILSON.COM,(448) 654-2080,Ops Manager,yes,12/31/24,N
CT-000761,10343,Logan Reed,LOGAN.REED@RANDOLPH.COM,6097448072,CTO,no,24-Feb-2026,N
CT-000478,10212,Sarah Fisher,sarah.fisher@williams.com,819-792-9670,Billing,yes,2025-05-27,N
CT-001213,10542,Sierra Khan,sierra.khan@graham.com,5124577470,Primary,TRUE,2020-12-15,N
CT-000539,10238,Mr. Walter G. Gay,walter.gay@stark.com,919-684-8066,CTO,N,2026/01/11,N
CT-000430,10188,Amy Garcia,amy.garcia@moore.com,572.573.7651,Ops Manager,N,2023-01-06,N
CT-000554,10245,Carlos Ray,carlos.ray@good.com,361-971-1986,Purchasing,yes,06/05/2025,N
CT-001425,10639,Anthony Robbins,anthony.robbins@wilson.com,7539993656,Ops Manager,no,20-Nov-2023,N
CT-001878,10840,Ms. Robert R. Clark,robert.clark@rose-holland.com,720-885-3126,Purchasing,Y,06/18/26,N
CT-000957,79165,Pedro Carpenter,pedro.carpenter@smith.com.,+1 703 873 0630,Purchasing,N,2024-07-14,N
CT-001708,10769,Alexander Diaz,alexander.diaz@roberts-wyatt.com,739-248-0309,Primary,,2023-02-01,N
CT-000348,10153,Lisa Lee,lisa.lee@snyder.com,+1 777 556 5249,CTO,no,08/26/23,N
CT-002085,10938,Dr. Meredith M. Webb,meredith.webb@bryant-wood.com,+1 595 917 4545,Primary,yes,"April 24, 2025",N
CT-000555,10246,Michael Jones,michael.jones@moore-lopez.com,728-7611,Billing,Y,2026-04-15,N
CT-001927,10864,Christina Wright,christina.wright@casey.com,(725) 235-9883,Primary,Y,03/12/2023,N
CT-000397,10173,Connie Munoz,connie.munoz@mitchell.com,,Purchasing,1,02-Nov-2024,N
CT-002204,10995,Tyler Duncan,tyler.duncan@larson-hernandez.com,433-608-4874,Main,Y,"June 20, 2023",N
CT-000729,10330,Johnny Ortiz,johnny.ortiz@fuller-mason.com,247-535-0934,AP,Y,"January 07, 2023",Y
CT-001563,78803, Monica  Graham ,monica.graham@jimenez-moore.com,367-455-8040,Ops Manager,0,,N
CT-002021,10911,Todd Willis,todd.willis@howard.com,(312) 541-6877,,TRUE,01/16/2022,N
CT-002044,76446,Michael Vega,michael.vega@rosario-stark.com,(862) 495-6622,Primary,N,2025/09/12,N
CT-001031,10460,Bryan Snyder,bryan.snyder@mckinney-moore.com,262.988.5687,Technical,,01/19/2026,N
CT-000153,10070,Kevin Carlson,kevin.carlson at garcia-yu.com,(347) 819-9220,Billing,Y,12-Oct-2020,N
CT-000222,10098,Lindsay Davis,lindsay.davis@arnold-reyes.com,(302) 948-3197,Purchasing,Y,09/11/24,N
CT-000525,10234,Susan Porter,susan.porter@smith.com,,Purchasing,Y,2023-12-15,N
CT-001219,10544,Gary Crosby,gary.crosby@watts.com,(621) 388-9640,Ops Manager,FALSE,2021/11/09,N
CT-002013,10906,"MILES, TROY",troy.miles@dougherty.com,(528) 625-9183,Primary,Y,"May 08, 2026",N
CT-000580,10259, Richard  Brown ,richard.brown@hart.com,756-929-9423,,,2025-03-03,N
CT-000189,10086,Amanda Taylor,amanda.taylor@hall.com.,652-497-8536,IT,N,05/26/26,N
CT-001334,10595,Christopher Powell,christopher.powell@long-moore.com,+1 492 323 3499,CTO,yes,07-Aug-2024,N
CT-002020,10910,Alexander Marquez,alexander.marquez@martinez.com,(776) 697-8583,AP,N,2023-02-12,N
CT-001148,10513,Daniel Lewis,daniel.lewis@cantrell.com,(309) 901-3158,Billing,N,"February 19, 2025",N
CT-001678,10755,"GONZALES, JENNIFER",jennifer.gonzales@watson-washington.com,905.542.6055,billing contact,N,08/08/2025,N
CT-000465,10203,Amber Vasquez,AMBER.VASQUEZ@SULLIVAN.COM,(822) 426-3118,Ops Manager,N,2026/05/21,N
CT-000818,10373,Sarah Lee,sarah.lee@bell.com,,billing contact,yes,2026-01-19,N
CT-000338,10148,Mr. Daniel P. Caldwell,daniel.caldwell@williams.com,353-8729,Owner,no,"May 17, 2024",N
CT-001175,10526,Regina Craig,regina.craig@clark.com,,billing contact,N,"September 15, 2020",Y
CT-002132,10959,Jessica Rivera,jessica.rivera@hudson-hayes.com,226-0550,Ops Manager,1,"May 23, 2024",Y
CT-002144,10965,Natasha Brown,natasha.brown@johnston-mclaughlin.com,442.906.8701,Billing,no,10-Feb-2023,N
CT-001997,10900,Abigail Warren,abigail.warren@spencer-willis.com,654.948.6345,,FALSE,07/16/2026,N
CT-000860,10389,"JENKINS, DYLAN",dylan.jenkins at dean.com,(868) 491-8068,Purchasing,FALSE,"March 14, 2023",N
CT-001062,10477,Pamela Bolton,pamela.bolton@murray.com,354-500-0001,Billing,yes,11/07/24,N
CT-001682,10757,Reginald Ho,reginald.ho@butler.com,211-736-4448,Technical,0,"May 26, 2025",
CT-000180,10083,Benjamin Andrews,benjamin.andrews@hayes-ramos.com,441-673-1258,Billing,Y,2022-07-11,N
CT-002216,10218,Terry Taylor,TERRY.TAYLOR@HAMPTON.COM,549.465.7737,Ops Manager,N,12/18/2024,N
CT-002162,10975,Savannah Rodriguez,savannah.rodriguez@williams.com,777-364-2467,,N,11/07/2021,N
CT-001497,10676,"CUMMINGS, JOHN",john.cummings@thomas-berg.com,897-5264,Primary,N,2023/12/16,N
CT-001673,10754,April Harrison,april.harrison@marsh.com,690-881-7949,Main,Y,2024/04/07,N
CT-002036,10917,Michelle Johnson,MICHELLE.JOHNSON@HOLMES.COM,9082726371,Billing,Y,,N
CT-001793,10804,Andrew Simmons,andrew.simmons@johnson.com,+1 898 792 3478,Main,,08/22/2026,Y
CT-001361,10609,Kelly Cohen,kelly.cohen@meyer.com,405-795-6967,Ops Manager,N,2023/11/26,N
CT-000577,10257,Daniel White,daniel.white@arnold.com,(290) 463-4049,Billing,Y,08/13/2025,N
CT-002061,10928,Todd Rogers,todd.rogers@collins.com,277-7716,billing contact,yes,2021-03-13,N
CT-002025,10912,Catherine Cunningham,catherine.cunningham@vasquez-padilla.com,217.708.2692,billing contact,FALSE,11/12/2025,N
CT-001282,10573,Todd Robinson,todd.robinson@franklin-hart.com,(562) 987-8482,CEO,N,2024-12-27,N
CT-002269,10592,"Farmer, Stephanie",stephanie.farmer@guerrero-alvarado.com,833-837-6231,Owner,Y,"April 05, 2019",N
CT-000690,10312, Jose  White ,jose.white@burton-brooks.com,492.289.2526,Billing,TRUE,16-Aug-2026,N
CT-001066,10479,Jamie Thornton,jamie.thornton@hopkins.com,6169610259,Billing,N,2021/05/09,
CT-001287,10576,"BISHOP, TAMMY",tammy.bishop@dixon.com,(955) 277-8228,Primary,yes,08/21/2024,N
CT-000095,10043,Tammy Kim,tammy.kim@rasmussen.com,(495) 829-4306,Billing,N,"August 23, 2023",N
CT-000172,10079,Kristen Moreno,kristen.moreno@ferguson.com,(626) 310-6081,Technical,N,08/23/2021,N
CT-002050,10923,Michelle Wong,michelle.wong@brown.com,(239) 616-9034,Purchasing,yes,08/28/24,Y
CT-001492,10674,Michael Martin,michael.martin@walsh.com,+1 328 640 1350,Billing,TRUE,"October 21, 2021",N
CT-002230,10475,Brandon Pham,brandon.pham@arroyo.com,6062919064,Billing,Y,2023-05-06,Y
CT-000781,10354,David Flores,DAVID.FLORES@PACE.COM,287-857-8949,Ops Manager,yes,11/15/25,N
CT-000312,10138,Christina Daniel,christina.daniel@parrish-griffith.com,325-466-5871,Billing,N,06-Feb-2022,N
CT-001851,10827,Breanna Saunders,breanna.saunders@hernandez.com,651-996-2871,,N,"May 02, 2026",N
CT-001067,10480,Lisa Hurst,LISA.HURST@JOSEPH.COM,601.863.2613,Owner,0,30-Mar-2026,
CT-001919,10860,"FERNANDEZ, MARCUS",marcus.fernandez@howard.com,(977) 770-3150,AP,Y,11/11/25,N
CT-000251,10109,Sarah Taylor,sarah.taylor@little-stevens.com,7036180215,Primary,N,2020/05/23,N
CT-000100,10047,"ANDERSON, ASHLEY",ASHLEY.ANDERSON@HANSON-ALVARADO.COM,557.830.0511,Billing,N,2022/10/29,N
CT-000255,10110,James Guerra,james.guerra@alexander.com,(728) 210-3297,Purchasing,FALSE,2025/02/04,
CT-001773,10796,Sara Clark,sara.clark@castro-graham.com,942.710.4739,Primary,TRUE,"December 17, 2025",N
CT-001342,10599,Jason Hart,jason.hart@delgado.com,805-383-9446,Primary,N,24-Apr-2024,N
CT-000042,10019,Bobby Clark,bobby.clark@walker.com,+1 639 962 2825,,,2025-10-13,N
CT-000528,10234, Emily  Rivera ,emily.rivera@smith.com,217-320-8226,Ops Manager,no,2024/01/12,N
CT-000481,10213,Heather Thomas,heather.thomas@murphy.com,(317) 390-9150,IT,yes,07/22/22,N
CT-002264,10207,"WARD, CHRISTOPHER",CHRISTOPHER.WARD@JIMENEZ-DAVIS.COM,564.352.5473,,Y,2023/09/01,N
CT-001802,10806,Ms. Susan D. Mccarthy,susan.mccarthy@pennington-hardin.com,(652) 853-3567,CEO,0,11/22/2022,N
CT-001027,10459,James Barron,james.barron@bennett.com,213.998.0585,Main,N,01-May-2026,N
CT-001865,10833,Kelsey Johnson,kelsey.johnson@wheeler-smith.com,+1 869 304 9756,Technical,N,2022-01-11,N
CT-000459,10200,Katrina Gomez,katrina.gomez@davidson.com,(445) 358-0716,Billing,no,2023-06-10,N
CT-001453,,Mary Miller,mary.miller@thompson.com.,419.854.7623,Ops Manager,N,"November 26, 2019",Y
CT-001580,10713,Ms. Sarah C. Hoover,sarah.hoover@ramirez.com,868.223.9740,Main,N,,N
CT-002079,10935,Dr. Eric K. Haney,eric.haney@wilson.com,595-291-9837,Billing,N,"April 14, 2026",N
CT-001694,10762,"RIVERA, HANNAH",hannah.rivera@matthews.com,+1 419 925 1630,Purchasing,N,,N
CT-000963,10433, Eric  Mason ,eric.mason,(871) 742-9452,Purchasing,FALSE,06/14/2019,Y
CT-001761,10792, Connie  Rodriguez ,connie.rodriguez@hurley.com,797-263-3845,Purchasing,Y,2023/02/12,N
CT-001858,10831,Mr. Amanda M. Blackburn,amanda.blackburn@clay.com,7079269825,CTO,FALSE,10/05/20,N
CT-002166,10978,Christie Rogers,christie.rogers@jackson.com,,IT,Y,2023/11/19,Y
CT-002076,10934,Christina Arellano,christina.arellano@,617-886-6801,Purchasing,1,2019/09/08,N
CT-001424,10639,"ARMSTRONG, BRIAN",brian.armstrong@wilson.com,,IT,Y,,N
CT-001357,10607,"CORTEZ, WENDY",wendy.cortez@camacho-burns.com,(231) 895-7722,,,23-Jan-2022,N
CT-002155,10970,Neil Thompson,NEIL.THOMPSON@MARTIN-CLARK.COM,3043079109,Billing,yes,2020/09/03,N
CT-000061,10027,Danielle Mcmahon,danielle.mcmahon@tucker.com,,Primary,FALSE,2023-02-23,N
CT-002181,10985,"CAMPBELL, DAWN",dawn.campbell@parker.com,930.688.4475,Primary,Y,28-Mar-2025,N
CT-000693,10313,Craig Pope,craig.pope@mayer.com,804-617-8013,Primary,Y,"February 10, 2023",N
CT-000657,10299,Anthony Gibbs,anthony.gibbs@mccarthy.com,929-827-1080,Purchasing,yes,04/21/2021,N
CT-000110,10051, Lisa  Phillips ,lisa.phillips@chambers.com,283.466.6258,billing contact,N,"May 04, 2024",N
CT-000935,10419,Linda Hanson,linda.hanson@howard-lopez.com,485.870.5000,Owner,,2025/05/02,
CT-001445,10649, James  Juarez ,james.juarez@tate-munoz.com,,AP,Y,03/09/25,N
CT-001810,10810,Madison Sawyer,madison.sawyer@chavez-johnson.com,620.389.5985,IT,,08/29/2024,Y
CT-000610,10275,Jessica Smith,jessica.smith@willis.com,+1 325 604 9491,CTO,yes,04/27/2018,N
CT-000400,10175,Crystal Garrison,crystal.garrison@young-martinez.com,(414) 994-5056,CTO,no,12/11/2021,N
CT-000441,10193,Michael Middleton,michael.middleton@reed.com,(271) 884-6885,IT,no,"February 12, 2024",N
CT-000514,10230,Dr. Kimberly H. Rogers,kimberly.rogers@daniels.com,761.581.1518,,TRUE,17-May-2025,Y
CT-000897,10404,Paul Ross,paul.ross@evans-rodriguez.com,(453) 753-0051,CEO,1,11/06/25,N
CT-002243,10320,Kathleen Robinson,kathleen.robinson@smith.com,(895) 730-8713,,no,"February 23, 2022",N
CT-000564,10250, William  Weber ,william.weber@turner-brown.com,,billing contact,N,29-Sep-2023,N
CT-002011,10904,Susan Grimes,susan.grimes@richards.com,(334) 422-8382,CTO,N,"October 06, 2025",N
CT-000953,, Joshua  Cruz ,joshua.cruz@jones.com,,Primary,FALSE,2026/03/29,N
CT-001641,10741,Richard Sherman,richard.sherman@gonzalez-miller.com.,,Technical,,2021-12-02,N
CT-000728,,Pamela Rubio,pamela.rubio@smith.com,+1 763 273 5841,billing contact,FALSE,06/30/25,N
CT-001496,10675,Jessica Wells,jessica.wells@alvarez-alvarez.com,958-325-9008,billing contact,N,19-Jul-2023,N
CT-001845,10823,Kimberly Stevenson,kimberly.stevenson@williams.com,(957) 928-8441,Billing,FALSE,"April 29, 2026",N
CT-002043,10919,Stephen Macdonald,stephen.macdonald@rosario-stark.com,7043604189,IT,N,05/28/25,Y
CT-000480,10212,Julie Wilson,julie.wilson,+1 744 335 8447,Ops Manager,N,27-May-2025,N
CT-000976,10439,Jonathon Wolfe,JONATHON.WOLFE@MCGEE-SMITH.COM,(910) 605-2270,IT,Y,08/28/24,N
CT-002237,10226,Richard Brown,RICHARD.BROWN@SPENCE.COM,829.816.6016,Billing,1,"July 29, 2023",N
CT-001798,10805,Ethan Sharp,ethan.sharp@mullen.com,896-1078,Primary,0,2026/04/08,N
CT-001371,10613,Jacqueline Gonzalez,jacqueline.gonzalez@hayes-white.com,,Main,Y,"September 01, 2023",N
CT-000025,10011,Robert Roberts,robert.roberts@hernandez.com,7212651090,AP,FALSE,2023/05/20,N
CT-000889,10401,Ms. Natasha M. Glover,natasha.glover@smith.com,(468) 294-3104,billing contact,1,02/18/2024,N
CT-001473,10663, Gloria  Jackson ,gloria.jackson@kelly-lopez.com,+1 854 714 4336,,N,2023-09-14,N
CT-000886,10399,Tracy Smith,tracy.smith@cooper-monroe.com,278-6979,Billing,no,2022-01-09,N
CT-000267,10116,George Booker,george.booker@anderson.com,370-278-3977,IT,,2025-12-30,N
CT-001072,10482,Luis Weaver,luis.weaver@vance.com,243-354-3245,Main,N,2019/05/30,Y
CT-000825,75396,John Patel,john.patel@martin-jones.com,(764) 202-5973,Primary,no,2023/10/08,N
CT-001732,10782,"MILLS, SEAN",sean.mills@hood.com,446-462-3310,Purchasing,TRUE,"July 21, 2024",N
CT-000648,10294,Laura Marshall,laura.marshall@wilson.com,960-226-2185,Ops Manager,N,2026/04/17,N
CT-000901,10406,Dr. Nancy G. Brock,nancy.brock@guerrero-becker.com,(263) 860-6579,,FALSE,2021-04-24,N
CT-000662,10301,Peter Jensen,peter.jensen@peters.com,(457) 217-7080,Purchasing,FALSE,,N
CT-000583,10261,Danny Gibson,DANNY.GIBSON@MAY.COM,8365202084,billing contact,yes,2024-12-30,N
CT-001016,10454,Lori Roberts,lori.roberts@vaughn.com,+1 475 317 9727,Primary,no,"March 26, 2025",
CT-000224,10100,Julian Nelson,julian.nelson@burns.com,+1 538 994 2607,Primary,TRUE,2025/06/10,N
CT-001092,10490,Sharon Kent,sharon.kent@black.com,612-493-8029,IT,,08/13/25,
CT-000136,10061,"MICHAEL, BRIAN",brian.michael@shelton.com,+1 917 278 4122,Purchasing,yes,11/08/2020,N
CT-001825,10816,Donald May,donald.may@higgins.com,(679) 464-9176,Primary,Y,"December 23, 2023",N
CT-001230,10550,Sean Martinez,sean.martinez@fisher-floyd.com,+1 841 305 1811,Billing,TRUE,02/07/24,N
CT-001852,10828,Amanda Valdez,amanda.valdez@williams-kelly.com,(385) 696-6100,Owner,Y,09/29/25,
CT-001053,10473,Ms. Samantha S. Allen,samantha.allen@robles-atkinson.com,(275) 932-9622,,,"September 20, 2025",N
CT-001094,10491,Maria Baker,MARIA.BAKER@EATON-SMITH.COM,(253) 867-3907,Primary,yes,"June 30, 2025",N
CT-001304,10582,Crystal Watts,crystal.watts@dennis.com,+1 568 425 2933,Primary,,19-Mar-2022,N
CT-002075,10933,Nancy Lindsey,nancy.lindsey@fowler.com,(701) 825-6353,Billing,no,01/24/2022,Y
CT-001640,10741,Amanda Perez,amanda.perez@gonzalez-miller.com,724-7534,Technical,no,"July 15, 2021",N
CT-001984,10894,"FISCHER, CARL",carl.fischer@wallace.com,(371) 404-8606,billing contact,yes,"November 12, 2025",N
CT-002049,10922,"HANSEN, ETHAN",ethan.hansen@garrett.com,(309) 336-8268,,Y,"April 02, 2026",N
CT-002266,10420,James Jones,james.jones@clark.com,8092812809,,1,2022/11/24,N
CT-001220,10545, Jordan  Obrien ,JORDAN.OBRIEN@ROBLES.COM,(482) 203-9041,CEO,0,,Y
CT-000047,10021,Mr. Matthew J. Maldonado,matthew.maldonado@cummings.com,598-450-6429,Primary,0,,N
CT-000742,10337,"HOFFMAN, JEFF",jeff.hoffman@craig.com,795-298-0838,Ops Manager,N,07/06/24,N
CT-002231,10037, Victoria  Johnson ,VICTORIA.JOHNSON@LANDRY.COM,361-638-7270,Billing,Y,"December 10, 2021",N
CT-000365,10162,James Olsen,james.olsen@hansen-schneider.com,689-1196,Technical,0,2025/12/20,N
CT-000356,10157,Meghan Castro,meghan.castro@alvarez.com,602-9965,billing contact,N,11/24/2025,N
CT-000721,10326,Jamie Bowen,jamie.bowen@harris-lawson.com,(301) 597-6751,Primary,N,10/31/2018,N
CT-000686,71210,Douglas Johnson,douglas.johnson@estes.com,(653) 708-6777,Billing,N,16-Apr-2024,N
CT-002233,10751,Mr. John F. Thompson,JOHN.THOMPSON@CARDENAS.COM,810-234-2334,Primary,Y,01/24/25,N
CT-000719,10326,Curtis Mcguire,CURTIS.MCGUIRE@HARRIS-LAWSON.COM,(768) 500-6347,Technical,1,08/15/2018,N
CT-000773,10350, Lisa  Medina ,lisa.medina@baker-wilson.com,7425942362,Owner,no,12/20/2017,N
CT-001796,10805,Christina Alexander,CHRISTINA.ALEXANDER@MULLEN.COM,549-419-2971,Technical,TRUE,2026/04/22,N
CT-000856,10388,April Beck,april.beck@sloan.com,636-1626,Ops Manager,Y,08/24/2021,Y
CT-001207,10539,Jesse Snyder,jesse.snyder@montgomery-miller.com,(966) 584-3408,Primary,N,12/18/20,N
CT-001591,10718,"LEON, TAMMY",tammy.leon@nicholson.com,(355) 580-4691,CEO,N,07/09/2026,N
CT-000439,10192,Stephanie Campbell,stephanie.campbell@farrell.com,696-916-6793,Billing,no,2024-03-29,N
CT-000342,10151,Brianna Jacobs,brianna.jacobs@maxwell-jones.com,+1 566 514 4955,Owner,yes,10/06/25,N
CT-001687,10760,Jennifer Richardson,jennifer.richardson@hines.com,2029848805,Main,TRUE,2023-07-08,N
CT-000030,10013,Jason Harris,jason.harris@rodriguez-graham.com,384.594.1246,Purchasing,0,13-Sep-2019,N
CT-000526,10234,Leonard Myers,leonard.myers@smith.com,(270) 327-2847,Billing,FALSE,"October 17, 2023",N
CT-000197,10088,Andrea Vargas,andrea.vargas@gonzales-harrison.com,325-597-2232,Primary,no,08/19/2023,N
CT-000239,10105,Taylor Mitchell,taylor.mitchell@james.com,(322) 491-7380,IT,N,03/14/2020,N
CT-001675,10754,"WARE, SUSAN",susan.ware@marsh.com,210.538.0498,Purchasing,FALSE,2024/07/04,N
CT-000089,10041,Mr. Laura L. Cook,laura.cook@shields.com,221-889-8144,,TRUE,08/22/2021,N
CT-001967,10884,Alyssa Williams,alyssa.williams@benson.com,933.970.8241,Purchasing,N,2025/03/03,N
CT-001839,10822,"JONES, JAMES",james.jones@smith.com,2546090072,Ops Manager,N,2018/05/27,N
CT-001723,10777,Danielle Smith,danielle.smith@wagner-daniels.com,960.904.1944,Owner,0,"March 18, 2020",N
CT-002272,10382,Terri Ibarra,TERRI.IBARRA@BAKER.COM,(438) 867-3612,Primary,no,2021-01-22,N
CT-001742,10787, John  Gill ,john.gill@,790-362-0281,,Y,01/30/2026,N
CT-001831,10819,Mr. Morgan K. Murphy,morgan.murphy@solomon-wood.com,667-534-1342,,Y,09/21/20,Y
CT-001309,10583, Charles  Wagner ,charles.wagner@rogers.com,(405) 823-8918,Technical,N,2024-12-21,N
CT-002177,10984,Melanie Davis,melanie.davis@cole.com,(842) 275-4165,Billing,yes,"July 03, 2025",N
CT-001930,10865,Steven Garza,steven.garza@chandler.com,922.418.0863,,no,"October 02, 2025",N
CT-002141,10964,"HOLLAND, MICHAEL",michael.holland@griffin.com,,,,14-Aug-2025,
CT-001389,10624,Jo Gilbert,jo.gilbert@rose-warren.com,251.615.4172,Ops Manager,N,22-Dec-2024,N
CT-002001,10901,Chelsea Hernandez,chelsea.hernandez@miller-fields.com,+1 440 862 6531,,FALSE,2024/01/03,N
CT-001743,10787,Thomas Garcia,thomas.garcia@montes-harris.com,426-337-9050,Technical,,04/22/26,N
CT-000869,10393,"LIU, VANESSA",vanessa.liu@ramirez-vasquez.com,(387) 470-1792,,1,"March 30, 2025",N
CT-000627,10283,Yolanda Gutierrez,yolanda.gutierrez@harris.com,3247911023,Billing,yes,27-Nov-2024,N
CT-001745,10787, Kristy  Jones ,kristy.jones@montes-harris.com,610-325-9389,Technical,FALSE,03/27/2026,N
CT-000178,10082,"SMITH, HEATHER",HEATHER.SMITH@MILLER-WRIGHT.COM,(756) 317-2944,Billing,yes,26-May-2026,N
CT-001668,10751,Linda Massey,linda.massey@cardenas.com,384.774.3475,Billing,0,01/09/25,N
CT-002041,10918,Mark Carter,mark.carter@smith-lee.com,+1 728 680 0931,Owner,no,"December 22, 2019",N
CT-001374,,Brooke Jones,brooke.jones@savage.com,344-808-6982,billing contact,TRUE,2023/11/24,N
CT-000736,,Dustin Edwards,dustin.edwards@martin.com,8553575825,Billing,N,03/12/23,N
CT-002082,10936,Nancy Alexander,nancy.alexander@robinson.com,(449) 210-4441,,N,"September 19, 2024",Y
CT-001607,10724,Cheryl Chandler,cheryl.chandler@fletcher.com,891.472.7851,Ops Manager,Y,08/06/2026,N
CT-001911,10856,Craig Bailey,craig.bailey@cooper-hall.com,+1 269 819 4872,Billing,N,05/21/25,N
CT-001558,10705,Roger Malone,roger.malone@bailey-smith.com,(207) 798-5058,Primary,Y,2024-11-06,N
CT-000120,10056,Brian Patrick,brian.patrick@cole-walton.com,705.283.7961,billing contact,1,2020-07-22,N
CT-001772,10795,"COHEN, THOMAS",thomas.cohen@,(872) 640-4556,Billing,0,"September 27, 2024",N
CT-001355,77707,Morgan Barnes,morgan.barnes@clements-walker.com,+1 441 427 7415,CTO,FALSE,2026/05/22,N
CT-000534,71679,Dr. Faith E. Miller,faith.miller@adkins-obrien.com,409-254-0541,Billing,N,03-May-2026,N
CT-000447,10196, Justin  Hutchinson ,justin.hutchinson@fox-hammond.com,+1 295 534 5411,Primary,N,11-Aug-2021,Y
CT-001319,10588, Barbara  Bennett ,barbara.bennett@rodriguez.com,5599587545,IT,Y,2025-12-13,N
CT-001310,10584,Jade Oconnor,jade.oconnor@anderson.com,(733) 669-9031,billing contact,yes,30-Aug-2025,N
CT-000353,10156,Eric Anderson,eric.anderson@cruz.com,+1 508 461 8089,Owner,TRUE,"April 11, 2026",N
CT-001783,77555,Kevin Acosta,kevin.acosta@king.com,627-551-5501,Purchasing,,2022/07/08,Y
CT-001161,10519,Donna Meyer,donna.meyer@black-smith.com,694.971.3622,IT,N,2023/02/06,Y
CT-001562,10707,Zachary Mendez,zachary.mendez@jimenez-moore.com,(864) 626-2189,Main,yes,2025-08-27,N
CT-000863,10390,Becky Dominguez,becky.dominguez@hart.com,,Purchasing,0,01-Feb-2026,
CT-000495,10221, Brian  Day ,brian.day@wise-bush.com,(373) 622-5266,,TRUE,2026-04-29,N
CT-001619,10730,Christopher Adkins,christopher.adkins,402.345.8150,,Y,08-Nov-2024,N
CT-000568,10252,"MADDEN, BRAD",brad.madden@bennett-webster.com,(597) 773-7170,Ops Manager,N,03/07/2026,N
CT-000698,10316,Evan Evans,evan.evans@farmer.com,(214) 558-4813,Owner,1,03/02/26,N
CT-000517,70197,Dr. Alex K. Browning,alex.browning@wong-higgins.com,441-544-6002,Ops Manager,0,04/16/25,N
CT-001654,10746,Garrett Garrett,garrett.garrett@,453-8027,,no,09/27/19,N
CT-001749,10788,Kevin Smith,kevin.smith@williams-davies.com,(345) 933-2660,Billing,0,2021/07/27,N
CT-001907,10854,Thomas Moss,thomas.moss@klein.com,893.910.5111,Billing,yes,02/01/2025,N
CT-001451,10651,Larry Castro,larry.castro@peterson.com,435.693.1361,,,02/15/25,N
CT-002187,10988,Paul Jimenez,PAUL.JIMENEZ@PEREZ.COM,976-914-1585,,FALSE,05/10/24,N
CT-000219,10097, Stephanie  Patton ,stephanie.patton@jimenez.com,(626) 926-6494,Main,FALSE,2022/01/13,N
CT-001378,10619,"SIMMONS, RHONDA",rhonda.simmons@ramos-burke.com,(725) 421-5057,Primary,Y,"October 03, 2025",N
CT-002068,10930,Christine Jones,christine.jones@brown.com,(424) 489-4576,Billing,N,2026/08/22,N
CT-000769,10347, Dominic  Holder ,dominic.holder@vargas.com,,Billing,no,2025/06/30,Y
CT-001491,10673,Rebecca Lopez,rebecca.lopez@larson.com,(886) 725-9576,Billing,N,"January 04, 2026",N
CT-000732,10331,Raymond Wilson,raymond.wilson@miller-miller.com,6228714027,IT,N,,N
CT-001860,10832,Michael Jones,michael.jones@hood.com,410-230-8922,,TRUE,2026-01-22,N
CT-001276,10570,Joseph Lewis,joseph.lewis,886.461.1408,Primary,N,09/13/21,N
CT-000688,10311,Daniel Ho,daniel.ho@thomas.com,+1 620 604 1258,AP,FALSE,14-Apr-2020,N
CT-001625,10735,Kathy Potter,kathy.potter@young.com,(245) 633-9313,Billing,1,04-Dec-2025,N
CT-001243,10555,Benjamin Garcia,benjamin.garcia@clay-boyer.com,+1 526 984 3772,Primary,no,"September 01, 2024",N
CT-000390,10170,Alex Kelly,alex.kelly@mitchell.com,510-431-4824,IT,yes,04/02/25,N
CT-002088,10939,Jacob Stone,jacob.stone@johns-jones.com,(392) 523-7834,Ops Manager,N,05/30/26,N
CT-002197,10993,Madison Sutton,madison.sutton@nelson.com,(543) 515-8018,Owner,Y,07/16/24,N
CT-001906,10853,Anthony Johnson,anthony.johnson@freeman.com,,Primary,no,2023/12/27,N
CT-001181,10529,James White,james.white@marsh.com,3388342730,Owner,yes,10/19/2025,N
CT-001108,10496,Felicia Hill,felicia.hill@valentine-robinson.com,583-659-5971,Technical,0,07/30/2026,N
CT-002039,73913,Rebecca Robinson,rebecca.robinson@smith-lee.com,646-749-6960,Main,N,"December 18, 2019",
CT-000950,10426,James Castillo,james.castillo@smith.com,(655) 244-4805,Billing,Y,2025-09-25,N
CT-001599,78751, Brandon  Ross ,brandon.ross@smith.com,(815) 941-6112,Owner,yes,2022/06/21,N
CT-000186,10085,Dominique Wright,dominique.wright@hayes-wheeler.com,661.471.4231,IT,N,2023-06-29,N
CT-000076,10034,Wendy Archer,wendy.archer@wilson-rodriguez.com,531.947.4028,,Y,"June 26, 2025",N
CT-001132,10506,Victoria Hester,victoria.hester@sanders.com,(578) 343-3472,,yes,30-Sep-2022,N
CT-001194,10534,Daniel Bowen,daniel.bowen@ford-frye.com,532-593-8857,Ops Manager,1,"March 12, 2024",N
CT-001683,10757,Crystal Alexander,crystal.alexander@butler.com,395.677.0873,CTO,N,"June 22, 2025",N
CT-000540,,Chelsea Mills,chelsea.mills@bond-ramos.com,339-599-4876,Billing,TRUE,19-Jan-2026,N
CT-001312,10585,Amber Ellison,amber.ellison@allen.com,(307) 208-9546,Primary,TRUE,11/10/25,N
CT-001405,10632,Joshua Thomas,joshua.thomas@,616-5985,Billing,1,"June 19, 2022",N
CT-000297,10132,Stacy Moyer,stacy.moyer@simmons-rodriguez.com,(510) 616-0133,,,2017-09-13,N
CT-001494,10674,"JENSEN, SCOTT",scott.jensen@walsh.com,332-950-8954,,N,02-Aug-2021,N
CT-000764,10345,Kenneth Riggs,kenneth.riggs@woodward-kaufman.com,(905) 363-1834,CTO,TRUE,10/12/25,N
CT-000993,10446,Dr. Shannon L. Anderson,shannon.anderson@tran.com,(258) 711-3248,Primary,FALSE,2026/03/29,N
CT-000083,10037,Sarah Nguyen,sarah.nguyen@landry.com,8576465090,IT,N,12/27/2021,N
CT-001182,10529,Shawn Jackson,shawn.jackson@marsh.com,+1 406 772 9545,CEO,N,12-Nov-2025,N
CT-002159,10974,Christy Mcconnell,christy.mcconnell@gallagher.com,(786) 524-4758,billing contact,Y,04/05/22,N
CT-000060,10027, Donna  Smith ,donna.smith@tucker.com,740-994-8814,billing contact,Y,25-May-2023,N
CT-000967,10434,Ms. Edward J. Rios,EDWARD.RIOS@EDWARDS.COM,(931) 203-8070,,N,22-Jun-2025,Y
CT-000381,10167,Morgan Williams,morgan.williams@bowers.com,(806) 980-8912,,,,N
CT-001196,10534,Stephanie Lozano,stephanie.lozano@ford-frye.com,494-321-5101,Primary,N,12/08/2023,N
CT-000058,10026,Shannon Parks,shannon.parks@baker-bowers.com,940-431-8266,AP,N,05/07/25,N
CT-001359,10608,Marcus Preston,marcus.preston@holloway.com,(338) 906-7935,,TRUE,23-Jan-2021,N
CT-001054,10474,Christopher Smith,christopher.smith@wong.com,468.380.1920,Technical,Y,"October 12, 2024",N
CT-000557,10247,Valerie Good,valerie.good@allen.com,547-205-9628,Ops Manager,Y,"August 03, 2021",N
CT-000782,10354,Ms. Earl K. Silva,earl.silva@pace.com,569-982-8069,Ops Manager,N,2025/10/31,N
CT-002024,10912,Ms. Margaret D. Freeman,margaret.freeman@vasquez-padilla.com,(335) 334-8263,IT,0,12/06/2025,N
CT-002057,10925,Robin Davis,robin.davis@reyes-pope.com,,Purchasing,N,08/14/23,N
CT-001178,10528,David Ortiz,DAVID.ORTIZ@ANDERSON.COM,324-738-9039,Billing,Y,2027/01/22,N
CT-000706,10320,Amanda Holmes,AMANDA.HOLMES@SMITH.COM,6154889440,Technical,yes,02/15/22,N
CT-002121,10953,William Russell,william.russell@wells.com,(671) 339-3038,Primary,N,"January 21, 2026",N
CT-000409,10179,Lisa Mcdaniel,lisa.mcdaniel@kramer-cooper.com,471-953-5485,CEO,Y,"September 16, 2022",N
CT-000325,10143,Omar Warren,omar.warren@wood.com,8764130790,Primary,Y,2025/03/28,
CT-000560,10249,Mr. Teresa J. Freeman,teresa.freeman@johnston.com,778-723-5896,Main,,2025-11-02,Y
CT-000536,10237,Jesse Lewis,jesse.lewis@gill.com,538-522-3434,Ops Manager,no,07/17/2024,N
CT-001812,10811,Anna Gonzales,anna.gonzales@gonzalez-torres.com,(539) 972-8090,,Y,05/12/2023,N
CT-000582,10260,Jason Figueroa,jason.figueroa@hernandez-rivera.com,,Main,N,"March 08, 2023",N
CT-000573,10255,Melissa Walker,melissa.walker@lopez.com,518.579.7211,Technical,yes,2026/01/17,N
CT-000366,10162,Troy Patel,troy.patel@hansen-schneider.com,+1 386 624 2151,CEO,no,"July 07, 2025",
CT-000106,10050,Sarah Martinez,sarah.martinez@kennedy.com,(640) 797-1698,Billing,Y,10/07/2024,Y
CT-001166,10521,Leslie Compton,leslie.compton@conrad.com,(455) 491-7982,,N,2020/07/01,N
CT-001014,10453,Victor Williams,victor.williams@thomas-santiago.com,(593) 812-3411,Technical,N,04/04/19,N
CT-001657,10747,Kristy Price,kristy.price@murray.com,623-917-3176,Main,FALSE,2025/08/29,N
CT-001686,10759,Bethany Moody,bethany.moody@walker.com,387-969-1212,Billing,yes,05-Dec-2024,Y
CT-000937,10420,"HOBBS, ERIC",eric.hobbs@clark.com,3708116179,,N,04/03/23,N
CT-000075,10033,Christopher Collier,christopher.collier@riggs.com,2104867896,CTO,no,2023-08-20,N
CT-001025,10458,Traci Delgado,traci.delgado,890-249-9003,IT,Y,02/11/2020,N
CT-001540,10695, Larry  Leonard ,larry.leonard@johnson.com,4973809736,Ops Manager,Y,2022/09/10,N
CT-001508,10683,Ashley Taylor,ashley.taylor,5198066812,,TRUE,06/15/22,N
CT-001350,,"MARTINEZ, APRIL",april.martinez@lopez.com,289.287.9587,,,09/03/2024,N
CT-001991,77036,Ms. Jeremy E. Rush,jeremy.rush@johnson.com,(907) 436-6807,Ops Manager,,2019/04/26,N
CT-000926,10416,Ariana Vaughn,ariana.vaughn@cross.com,852-391-7613,,N,"April 24, 2026",
CT-002184,10987,Richard Bennett,richard.bennett@taylor-stewart.com,+1 633 574 1237,Primary,TRUE,2025-01-14,N
CT-001112,10497,"KING, JOSEPH",joseph.king@hoover.com,(442) 737-8954,CEO,N,2026/06/09,N
CT-000743,10338,Jennifer Shah,jennifer.shah@white.com,715-876-8294,Main,1,"January 25, 2025",N
CT-000018,10009,Ms. Daniel B. Armstrong,daniel.armstrong@walter.com,214-711-1259,Technical,Y,09/22/2022,N
CT-001606,10723,Jenna Walker,JENNA.WALKER@COX.COM,4802489408,Ops Manager,FALSE,2025-11-17,N
CT-001869,10835,Melissa Clark,melissa.clark@,664-790-5196,Primary,TRUE,2025/05/07,N
CT-000757,10341,Amanda Rose,amanda.rose@miller-bryant.com,234-879-3027,Billing,FALSE,2026/04/07,N
CT-000509,10227,Thomas Delgado,thomas.delgado,(710) 516-5613,AP,N,04/12/2026,N
CT-002156,10971,Scott Singleton,scott.singleton@reese-foley.com,644.683.0804,Technical,yes,"November 22, 2021",N
CT-000368,10163,Samuel Hicks,samuel.hicks@davis.com,(708) 794-2222,Ops Manager,N,03/03/23,N
CT-000864,10391,Ryan Clark,ryan.clark,966.675.0513,Billing,1,03/01/2025,Y
CT-001064,10478,Diane Douglas,diane.douglas@lambert.com,641.731.3951,CTO,N,2024-12-21,N
CT-001320,10588,Russell Walker,russell.walker@rodriguez.com,(453) 841-5200,Billing,no,02/06/2026,N
CT-000651,10296,"CASEY, SHEILA",sheila.casey@cole.com,899-571-5287,AP,FALSE,11/16/21,N
CT-000418,10183,David Carrillo,david.carrillo@atkins-williams.com,+1 682 542 7089,Billing,Y,10/01/25,N
CT-000484,10215,Daniel Perkins,daniel.perkins@parker.com,728-235-3081,Owner,Y,2023/11/16,N
CT-001836,10820,"PALMER, ERIC",eric.palmer@sanders.com,+1 247 720 1536,Primary,N,2026-01-26,N
CT-000245,10106,Cynthia Jones,cynthia.jones@bright-francis.com,+1 610 779 6177,,FALSE,2022/02/20,N
CT-001118,10500,Benjamin Howard,benjamin.howard@davis.com,886-0391,Technical,no,30-Nov-2023,N
CT-000243,10106,Christopher Torres,christopher.torres@bright-francis.com,888-204-4205,Primary,FALSE,2021-12-20,N
CT-001303,10582, Justin  Johnson ,justin.johnson@dennis.com,507.572.3204,,yes,2022-03-21,N
CT-001918,10859, Rachel  Scott ,rachel.scott@moore.com,(697) 329-5500,IT,FALSE,29-Jan-2024,N
CT-002134,10960,Dr. Jaclyn F. Jennings,jaclyn.jennings@morrison.com,(256) 568-4995,IT,no,"April 25, 2024",N
CT-001346,10602,Angela Singh,angela.singh@turner-reese.com,(457) 619-0567,Billing,yes,2025-06-14,N
CT-000834,10380,Rebecca Howell,rebecca.howell@,867.593.5081,Primary,yes,27-May-2025,N
CT-001945,10872,"GONZALES, JOSE",jose.gonzales@haynes.com,+1 414 328 6194,CTO,FALSE,05/31/23,N
CT-001151,10515,Jennifer Case,JENNIFER.CASE@PEREZ-MCCARTY.COM,(671) 364-9962,Owner,no,"March 02, 2024",N
CT-000314,10139,Danny Baker,danny.baker@olson.com,+1 560 464 2874,Technical,TRUE,17-Sep-2022,N
CT-002192,10990,Julie Duncan,julie.duncan@brown.com,(912) 586-2921,AP,FALSE,2018-08-16,N
CT-001786,10802,Kathryn Smith,kathryn.smith@henry.com,+1 398 902 1744,CTO,yes,10/12/2025,N
CT-000332,10147,"WHITE, PATTY",patty.white@thompson-james.com,+1 931 921 7121,,Y,08/09/24,Y
CT-002105,10946,Jeffrey Adams,jeffrey.adams@taylor.com,+1 569 951 3571,,Y,05/10/2024,N
CT-000866,, Nicholas  Rodriguez ,nicholas.rodriguez@vaughn-williams.com,(593) 255-9290,,1,2023/01/10,N
CT-001152,10515,"AGUILAR, NICHOLAS",nicholas.aguilar@perez-mccarty.com,895-638-5423,Primary,FALSE,2023-09-19,N
CT-001244,10556,Janet Boyd,janet.boyd@richards-foster.com,(227) 809-8275,Purchasing,TRUE,12/08/20,N
CT-001321,10589,Richard Ramirez,richard.ramirez@benson-rodriguez.com,+1 377 593 5150,CEO,N,2025-10-03,N
CT-001926,10863,"CAMPBELL, JENNIFER",jennifer.campbell@mccarthy.com,(600) 709-8148,,,05/18/2020,N
CT-000169,10078,Michelle Medina,MICHELLE.MEDINA@LAWRENCE.COM,597.692.4316,,N,2025/10/04,N
CT-001239,77056,Eric Rogers,eric.rogers@soto.com,(319) 473-1900,AP,Y,2024-09-13,N
CT-001868,10834,Anthony Dillon,ANTHONY.DILLON@MEADOWS.COM,3795444071,Purchasing,,05/19/2018,
CT-002241,10163,Anna Myers,ANNA.MYERS@DAVIS.COM,921.596.1765,Primary,FALSE,04-Jul-2023,Y
CT-000386,10169,Stacey Henson,stacey.henson@salas.com,507-528-8201,Ops Manager,Y,07-Jun-2019,N
CT-001575,10711,Amanda Martinez,amanda.martinez@ruiz.com,(333) 726-7077,Technical,N,,
CT-001730,10781,Mr. Melanie N. Medina,melanie.medina@garza-gray.com,+1 233 649 9805,Ops Manager,yes,09/09/25,Y
CT-001232,10550,Jennifer Calhoun,jennifer.calhoun@fisher-floyd.com,933-359-0384,CTO,N,2024/01/04,N
CT-000096,10044,Jesus Green,jesus.green@wilson.com,517-297-6447,,N,08/06/25,N
CT-001457,10654,Courtney Smith,courtney.smith@wise.com,+1 817 427 2600,Primary,FALSE,"July 07, 2026",N
CT-001695,10762,Shannon Scott,shannon.scott@matthews.com,6855580564,Technical,N,30-Dec-2023,N
CT-000437,10192,Rachel Vasquez,rachel.vasquez@farrell.com,+1 403 264 4637,,Y,2024-05-26,N
CT-001168,10523,Susan Ortiz,susan.ortiz@watson-stewart.com,587-343-7177,AP,yes,26-Dec-2025,N
CT-001736,10783,Jennifer Thompson,jennifer.thompson@reed-howard.com,(924) 462-1441,Purchasing,0,2021-06-06,N
CT-000988,10445,Bryan King,bryan.king@chapman.com,883-968-9925,Billing,yes,2026/06/25,N
CT-001633,10738,Tracey Werner,tracey.werner@rivera.com,+1 866 206 2327,CTO,0,2026-04-05,N
CT-000101,10048,Lawrence James,lawrence.james@phillips.com,(608) 920-2557,Purchasing,yes,07/12/24,N
CT-001358,10607,Nicole Nelson,nicole.nelson@,+1 815 747 9196,CTO,,01/25/22,N
CT-000443,10194,Edward Patterson,edward.patterson@hicks-martinez.com,882-885-3869,CEO,Y,2023-09-24,N
CT-001125,10503,"PEREZ, TROY",troy.perez@kent.com,(747) 322-3961,billing contact,yes,05-Jul-2025,N
CT-001636,10740, Joshua  Townsend ,joshua.townsend@randall.com,(276) 321-6739,Ops Manager,TRUE,"July 31, 2025",N
CT-001995,10899,"HILL, DOUGLAS",douglas.hill@flores.com,627-336-6777,Billing,N,10/03/25,N
CT-001200,10536,Jennifer Lawrence,jennifer.lawrence@foster.com,(730) 746-9540,Technical,N,2024-09-08,N
CT-001058,10475,Dr. Morgan R. Wright,morgan.wright@arroyo.com,374-359-3194,Billing,no,2023-05-23,N
CT-000213,10095,Gabriella Russell,gabriella.russell@pennington.com,(232) 214-8897,Primary,N,"February 28, 2018",N
CT-001442,10646,Dr. Michael M. Smith,michael.smith@hess.com,2523504969,IT,Y,07/22/2024,N
CT-000241,10105,Jennifer Bradshaw,jennifer.bradshaw@james.com,+1 570 777 4490,Purchasing,N,"February 16, 2020",N
CT-000157,10073,Steven Meyers,steven.meyers@white-lewis.com,+1 384 356 4802,,1,,N
CT-001779,10798,Caitlin Butler,caitlin.butler@evans.com,508-518-9362,CEO,N,2023-10-06,N
CT-001988,10897,Peter Moore,peter.moore@johnson.com,+1 530 529 5687,Ops Manager,Y,"February 13, 2019",N
CT-002143,10965,Clifford Scott,clifford.scott@johnston-mclaughlin.com,888-288-3319,Billing,TRUE,04-Mar-2023,N
CT-000759,10342,Ms. Terry J. Gallegos,terry.gallegos@vargas-snyder.com,678-763-0197,,N,2026-04-06,
CT-001476,10664,Victoria Hamilton,victoria.hamilton@house-johnston.com,7775005883,AP,FALSE,03/19/2025,N
CT-000256,10111,Adrian Coleman,adrian.coleman@gonzalez-cruz.com,(337) 770-5914,Primary,Y,2024/03/17,N
CT-000370,10163,Catherine Clark,catherine.clark@,480-1691,,N,04/13/23,N
CT-001048,10470,Nicholas Martinez,nicholas.martinez@hughes-mccoy.com,807.867.3316,CTO,N,06/20/26,N
CT-002212,10998,Richard Moore,richard.moore@jones.com,(383) 791-1812,Technical,0,2024/09/14,N
CT-001271,10569,Dr. Donna J. Bailey,donna.bailey@yu.com,+1 458 555 4478,Technical,TRUE,"May 25, 2024",N
CT-001983,10893,Jessica Wheeler,jessica.wheeler@prince.com,347-696-1999,AP,N,05-Aug-2025,N
CT-001985,10894,Dr. Donald S. Castillo,donald.castillo@wallace.com,385.468.6008,Billing,,2025-12-05,Y
CT-000862,10390,Michael Johnson,michael.johnson@hart.com,499-440-1397,Primary,FALSE,2026/05/25,N
CT-001765,10793,Harold Hodges,HAROLD.HODGES@BOYD.COM,529.745.8901,Main,,09/11/25,N
CT-001561,10706,Jasmine Scott,jasmine.scott@romero.com,(219) 806-2043,Main,N,2025-03-27,N
CT-000287,10128,Ms. Nicholas F. Diaz,nicholas.diaz@smith.com,2118756934,AP,N,"December 10, 2022",N
CT-001009,10451,Rachel Castaneda,rachel.castaneda@gordon.com,896.800.8934,,no,01/18/25,N
CT-000500,10224,Jonathan Armstrong,jonathan.armstrong at nelson.com,834.949.3242,CEO,N,"September 11, 2023",N
CT-001433,10642,Christopher Flowers,christopher.flowers@bell.com,(833) 711-5574,AP,N,04/22/2025,N
CT-002222,10093,Lorraine Stewart,LORRAINE.STEWART@EDWARDS.COM,253-2813,IT,FALSE,05/28/23,N
CT-001908,10855,Drew Russell,drew.russell@wilson-dean.com,573-299-0710,CTO,Y,"May 24, 2020",N
CT-002182,10986, Derek  Gallagher ,derek.gallagher@hernandez.com,6037984560,AP,TRUE,2023-11-13,N
CT-000160,10074,Darryl Martinez,darryl.martinez@black.com,(237) 697-8468,Billing,FALSE,25-Mar-2025,N
CT-000221,10097,Nancy Chapman,NANCY.CHAPMAN@JIMENEZ.COM,617.506.2338,Primary,0,"October 28, 2021",N
CT-001545,10698,Michael Oconnor,michael.oconnor@bryant.com,721-863-5814,,Y,,N
CT-001288,10576,David Fernandez,david.fernandez@dixon.com,(305) 601-7260,CTO,FALSE,"August 31, 2024",N
CT-000204,10091,James Soto,james.soto@moon-white.com,8439353659,billing contact,FALSE,11/02/20,N
CT-000876,10396,Laura Knight,laura.knight@,(784) 265-5196,Billing,yes,2024/08/22,N
CT-000713,10323,Jean Pearson,JEAN.PEARSON@LEWIS.COM,901.769.5644,CTO,N,07/20/20,N
CT-000023,10010,Travis Davis,travis.davis@ryan.com,423.994.0863,Billing,0,2022/08/11,N
CT-002109,10948,"WEST, ANDREW",andrew.west@baker.com,+1 754 232 5918,Billing,,10/16/24,N
CT-001568,10708,Emily Wang,emily.wang@trujillo.com,(498) 521-5448,,N,2026/03/03,N
CT-000389,10169,Tracie Garrett,tracie.garrett@salas.com,691.299.2006,Primary,no,22-Jun-2019,N
CT-000433,10190,Jeremy Cruz,JEREMY.CRUZ@TAYLOR.COM,264.719.2197,Main,FALSE,2023/07/21,N
CT-001486,10670,Anne Barrett,anne.barrett@mitchell.com,(228) 945-4580,Billing,no,"October 14, 2025",N
CT-000223,10099, Michael  Armstrong ,michael.armstrong@morgan-french.com,852-511-3850,CTO,1,08/01/25,N
CT-000884,10398,Shawn Robinson,shawn.robinson@maldonado.com,(778) 419-7762,,0,2025/11/19,N
CT-001082,10487,Stephanie Smith,stephanie.smith@juarez.com,673.839.2678,billing contact,FALSE,2024/08/16,N
CT-002228,10212,Sarah Fisher,sarah.fisher@williams.com,819-792-9670,Billing,yes,2025-05-27,N
CT-000720,10326,Briana Martin,briana.martin@harris-lawson.com,(491) 883-8185,Billing,,06/22/2018,N
CT-000303,10135,Judy Petersen,JUDY.PETERSEN@BEASLEY-GUTIERREZ.COM,732-686-6403,Purchasing,1,05/09/19,N
CT-001888,10846,Lisa Liu,lisa.liu@rodriguez.com,(427) 663-5708,Billing,Y,2025/08/19,N
CT-000803,10365,Shaun Oliver,shaun.oliver at guzman.com,+1 788 453 3553,Purchasing,Y,"June 27, 2022",N
CT-001750,10789,Russell Stein,russell.stein@vargas.com,996-7948,Technical,yes,13-May-2024,N
CT-000187,10085,Brandon Bautista,brandon.bautista@hayes-wheeler.com,(846) 614-4922,Purchasing,no,,N
CT-000531,10235,Dr. Andrew D. Flynn,andrew.flynn@carrillo.com,(451) 339-4054,CTO,,11-Aug-2025,Y
CT-000146,10066,Gary Brown,gary.brown@jackson-lawson.com,862-644-7554,,TRUE,21-Oct-2018,N
CT-000699,10317, Rebecca  Keller ,rebecca.keller@harris-barker.com,792.500.2720,CTO,yes,2026/02/04,N
CT-001044,10468, Kimberly  Gonzalez ,kimberly.gonzalez@johns.com,5469756221,Technical,N,01/23/21,N
CT-001947,10873,Wyatt Rogers,wyatt.rogers@graves.com,458-623-5535,Primary,yes,2025/08/16,N
CT-002081,10936,Heather Robinson,heather.robinson@robinson.com,748-3505,Billing,yes,,N
CT-000524,10233, Tina  Walton ,TINA.WALTON@BOYLE-SMITH.COM,+1 555 567 5705,Ops Manager,N,2024-08-03,N
CT-001447,10650,Dr. Gerald E. Williams,gerald.williams@jones.com,(254) 357-6236,Main,yes,2023/03/06,N
CT-001274,10570,Michelle Burke,MICHELLE.BURKE@GARRETT.COM,5659821526,Ops Manager,Y,2021/10/19,N
CT-000595,10268,Shannon Barnes,shannon.barnes@malone.com,694.308.0923,AP,N,2024-05-30,Y
CT-002035,10916,"MURRAY, SCOTT",scott.murray@davidson-hahn.com,(382) 340-1592,Purchasing,0,01-Dec-2025,N
CT-000767,10347,Sharon Garcia,sharon.garcia@vargas.com,734-218-5302,Purchasing,Y,06/28/25,N
CT-000277,10122,Melinda Brown,melinda.brown@ferrell-wilson.com,506-555-8366,Primary,1,02/20/23,N
CT-001854,10829,Sara Barry,sara.barry@harris.com,(540) 853-7214,Ops Manager,Y,"September 17, 2021",N
CT-001971,10886,Erin Reid,erin.reid@tucker-moody.com,357-660-9732,AP,yes,08-Jan-2021,N
CT-002196,10992,Michael Medina,michael.medina@martin-gonzalez.com,780-456-8664,,no,2019/09/27,N
CT-000655,10298,Emily Smith,emily.smith@church.com,+1 823 693 6145,Primary,Y,29-Sep-2025,N
CT-001500,10677,Mr. Sarah A. Young,sarah.young@blanchard.com,890-565-0315,Primary,no,2024-04-26,N
CT-000522,10233,Timothy Williams,timothy.williams@boyle-smith.com,783.308.8836,AP,TRUE,29-Oct-2024,N
CT-001050,10472,Darrell Wilson,DARRELL.WILSON@MILLER.COM,(796) 592-4916,AP,Y,"June 14, 2026",N
CT-002009,10903,Mr. Kelly A. Mills,kelly.mills@smith.com,644.474.6363,Purchasing,FALSE,10/02/25,N
CT-000048,10022,"EDWARDS, MATTHEW",matthew.edwards@jordan.com,8664454673,Ops Manager,N,05/05/2019,N
CT-000485,10216,Thomas Wheeler,thomas.wheeler@lane.com,(750) 522-5316,IT,Y,"September 10, 2025",N
CT-001519,73752,Adam Moore,adam.moore@garcia-jones.com,,,N,2026-05-18,N
CT-000164,10076,Heather Davis,heather.davis@,(964) 983-9713,Billing,N,2025/10/06,N
CT-001548,10699,David Hunter,david.hunter@walker.com,286-5304,AP,Y,,N
CT-001613,10727,Edward Dickerson,edward.dickerson@oliver-marsh.com,207-3271,billing contact,Y,2026/05/17,N
CT-001197,10534,Crystal Yang,crystal.yang@ford-frye.com,324.402.8762,,,05-Dec-2023,N
CT-000537,10237,Erin Thomas,erin.thomas@gill.com,(873) 518-0514,billing contact,FALSE,"November 04, 2024",N
CT-000790,10358,Michael Houston,MICHAEL.HOUSTON@REYES-BARNES.COM,(917) 607-7295,Owner,yes,01/30/24,N
CT-001980,10891,Jennifer Evans,JENNIFER.EVANS@MANN.COM,,Billing,yes,2022-10-10,N
CT-001618,10729,Tommy Mercer,tommy.mercer@crawford.com,(496) 290-2353,Owner,FALSE,06-May-2020,N
CT-000013,10006,Ronald Holt,ronald.holt@james.com,(266) 244-4329,Ops Manager,FALSE,2025-01-30,N
CT-000559,10248,Sandra Case,sandra.case@williams.com,467-3168,IT,N,25-Mar-2025,N
CT-001248,10559, John  Willis ,john.willis@trujillo-gonzales.com,,Main,yes,11/01/24,N
CT-000692,10312,Roberta Clark,roberta.clark@burton-brooks.com,503-992-4099,,no,2026-08-15,N
CT-000259,10113,Samantha Kidd,samantha.kidd@mcgee.com,+1 309 708 9097,Billing,Y,06/12/2026,N
CT-000981,10442,Elizabeth Porter,elizabeth.porter@walker.com,257-5245,IT,FALSE,11-May-2020,N
CT-001901,78668,Michael Buckley,michael.buckley@heath.com,499-882-8629,Primary,N,23-Sep-2017,N
CT-000283,10126,Allison Roach,allison.roach@may.com,238-257-4172,Primary,yes,07/22/2023,Y
CT-000758,10342,"SMITH, MATTHEW",matthew.smith@vargas-snyder.com,494-871-0069,Ops Manager,Y,04/22/26,N
CT-000631,10285,Stephen Brooks,stephen.brooks@white.com,(918) 683-0260,,,,N
CT-001209,10540, Alicia  Romero ,alicia.romero@anderson.com,5982522321,,Y,07/24/2024,N
CT-001976,10889,Brandon Costa,brandon.costa@murray.com,9404672234,Primary,yes,2025-12-17,N
CT-002116,10952,Ryan Duran,ryan.duran@todd.com,(662) 245-8087,CTO,yes,2025/11/15,N
CT-000211,10094,Tamara Wright,tamara.wright@murray.com,7854009857,,FALSE,18-Mar-2025,Y
CT-001664,10750, Becky  Stevens ,becky.stevens@snyder-arellano.com,776-628-1666,Purchasing,,2022/05/11,N
CT-000608,10274,"COLON, ELIZABETH",elizabeth.colon@sanders.com,763.595.8518,,N,04/26/2023,N
CT-001928,10865,"BLAIR, JOHN",john.blair@chandler.com,467-232-7022,CTO,yes,12/08/2025,N
CT-001414,10635,James Brooks,james.brooks@thornton-edwards.com,+1 373 291 0269,billing contact,yes,2026-03-22,N
CT-001524,10690,Sabrina Hughes,sabrina.hughes@meyers.com,+1 233 420 6626,billing contact,Y,11/11/2024,N
CT-001520,10688, Cory  Pierce ,cory.pierce@smith.com,490-814-6120,Billing,Y,"June 09, 2018",N
CT-001962,10882,Nicole Dixon,nicole.dixon@chapman-stone.com,(356) 717-8418,Billing,Y,2018-10-25,N
CT-000753,10340,Andrew Logan,andrew.logan@brock.com,3026186501,Technical,,2019-04-04,N
CT-000946,,David Thomas,david.thomas@williamson.com,468-975-0932,,N,2025/03/09,N
CT-001521,10689,"LEWIS, PHILLIP",PHILLIP.LEWIS@MENDOZA-POWELL.COM,410-8544,Technical,,"November 27, 2023",N
CT-000959,10430,Diane Wallace,diane.wallace@davis.com,(585) 725-7998,billing contact,0,27-May-2024,N
CT-001601,10722,Adam Clark,adam.clark@daniels.com,5357326495,,Y,01/13/2023,N
CT-000945,10424,Dr. Scott S. Barrett,scott.barrett@williamson.com,975.706.7941,Primary,N,"November 19, 2024",N
CT-000735,10333, Jason  Watson ,jason.watson@salazar-brown.com,814-587-6633,Billing,N,02/16/26,Y
CT-002064,10928,Allen Lopez,allen.lopez@collins.com,2248836418,CTO,0,"April 14, 2021",N
CT-002208,10997,Rebecca Keller,rebecca.keller@henry-frost.com,982-326-2671,Primary,FALSE,06/08/2019,Y
CT-000910,10410,Mr. Gina R. Howard,gina.howard@pena-walker.com,(570) 616-0310,,Y,16-Aug-2016,N
CT-001208,10539,"HOLMES, BRANDON",brandon.holmes@montgomery-miller.com,940.290.4407,,FALSE,2020-11-10,N
CT-002194,10991,Brandon Johnson,brandon.johnson@thompson.com,(639) 836-4510,Main,1,2023-11-07,N
CT-001814,10812,"HAWKINS, DONNA",donna.hawkins@hines.com,+1 405 793 2454,Purchasing,Y,06/13/23,N
CT-001331,10593,Ms. Crystal A. Miller,crystal.miller@hall-james.com,710.741.4229,CTO,N,27-Jul-2022,N
CT-001822,10815,Michael Gonzalez,michael.gonzalez@christian.com,(770) 551-6867,Main,Y,2022-08-30,N
CT-000080,10036,George Raymond,george.raymond@wise-walsh.com,+1 609 485 5307,AP,TRUE,"September 04, 2025",N
CT-001855,10829,Jennifer Ray,jennifer.ray@harris.com,+1 498 974 6562,IT,no,2021/07/27,N
CT-002122,10954,Katie Baird,katie.baird@edwards.com,(933) 445-7305,Billing,yes,2022/03/21,Y
CT-002019,10910,Ms. John P. Kelly,john.kelly@martinez.com,470-2184,Purchasing,FALSE,05/21/23,N
CT-001611,10725,"COOPER, ANGELA",angela.cooper,802.922.0250,Owner,no,07/19/26,N
CT-000424,10186,Donald Malone,donald.malone@morrison-simmons.com,391-840-0551,,FALSE,27-Sep-2022,N
CT-002053,10924,"DAVIS, VINCENT",vincent.davis@williams.com,(355) 879-3922,Billing,N,08/28/2025,N
CT-001119,10501,Dana Hawkins,dana.hawkins@reynolds.com,699-476-8944,Purchasing,yes,"January 04, 2025",N
CT-000435,10191,Sandra Cohen,sandra.cohen@wilson.com,905-954-6816,CTO,Y,2022/02/23,N
CT-000492,10219,Theodore Sharp,theodore.sharp@mendoza.com,(544) 476-1996,Owner,Y,2025-10-11,N
CT-001280,10572,"COLEMAN, LISA",lisa.coleman@orr-pierce.com,(873) 505-2777,Billing,,30-Mar-2026,N
CT-001281,10573,Ms. Jorge G. Brown,jorge.brown@franklin-hart.com,+1 871 679 6309,,no,06-May-2025,N
CT-001337,10597,Brian Snyder,brian.snyder@prince-sandoval.com,8666135046,Ops Manager,TRUE,18-Jul-2024,N
CT-000166,10076,Zoe Park,zoe.park@schmidt.com,(562) 630-9762,Primary,,,N
CT-000319,10141,"BOND, JACOB",jacob.bond@nelson.com,(235) 215-6880,Technical,FALSE,"November 05, 2020",N
CT-000137,10061,Kevin Pena,kevin.pena@shelton.com,979.387.8878,Billing,,,N
CT-000328,10145,Bryan Simmons,bryan.simmons@jordan-campbell.com,,billing contact,1,2023/07/12,
CT-001463,10659,Julie Rojas,julie.rojas@long.com,(962) 273-8915,Billing,Y,04/19/2023,N
CT-000672,10305, Mary  Moore ,mary.moore@wilson.com,8946261326,Primary,Y,2024-05-03,N
CT-002161,10975,David Villa,david.villa@williams.com,(656) 748-3098,Technical,N,2021/12/09,N
CT-000639,10289,"RANDOLPH, ALLEN",allen.randolph@sandoval.com,+1 250 547 7627,Technical,N,2026-06-07,Y
CT-000268,,Matthew Shelton,matthew.shelton at coffey-phillips.com,(352) 872-6858,Primary,TRUE,04/16/2024,Y
CT-000163,10076,Vanessa Mendoza,vanessa.mendoza@schmidt.com,257.521.9946,Primary,Y,2026/01/04,N
CT-001386,10623,Deanna Reyes,DEANNA.REYES@WILKINS-CHANG.COM,(384) 799-5831,Ops Manager,yes,05/11/24,N
CT-001737,10784,Tiffany Baker,tiffany.baker@jones.com,558-871-6728,Billing,1,"February 28, 2026",N
CT-001077,79505,Abigail Torres,abigail.torres@davis.com,323-208-2363,CEO,no,05/14/2024,N
CT-000200,10090,Jorge Santos,JORGE.SANTOS@KEY.COM,535-634-1209,Purchasing,Y,27-Jan-2024,
CT-000793,10361,Charles Simpson,charles.simpson@howard.com,9885428716,Primary,yes,25-Nov-2025,N
CT-002240,10451,Vincent Kelly,vincent.kelly@gordon.com,(707) 879-5387,,1,2024/12/29,N
CT-001859,10831, Benjamin  Anderson ,benjamin.anderson@clay.com,(792) 963-4273,Billing,N,2020/10/28,N
CT-002067,10930,Ann Thompson,ann.thompson@brown.com,,CTO,1,08/17/26,N
CT-001553,10701,Darren Roman,darren.roman@jackson-wood.com,(579) 925-1067,Main,1,2022-03-13,N
CT-000341,10150,Lisa Paul,LISA.PAUL@RICHARD-SANCHEZ.COM,(676) 424-7207,Technical,,04/16/26,N
CT-000584,10262,Amy Fry,amy.fry@mooney.com,941.477.6833,billing contact,N,2024/02/23,N
CT-000135,10061,Lacey Glenn,lacey.glenn@shelton.com,,,Y,02/25/21,N
CT-000696,10315,Mr. Robert N. Preston,ROBERT.PRESTON@ADAMS-CLAYTON.COM,,,Y,27-Jun-2021,N
CT-002101,10944,Amanda Garcia,amanda.garcia@adams-morales.com,(501) 367-5244,,0,2024-05-25,N
CT-000154,10071,Gerald Mcgee,gerald.mcgee@nelson.com,(254) 931-4655,CTO,no,01/19/2025,N
CT-001324,10591,Victoria Luna,victoria.luna@williams.com,610.837.7750,Ops Manager,Y,09/06/2024,N
CT-001753,10789, Cynthia  Campos ,cynthia.campos@vargas.com,(229) 638-6938,Purchasing,N,,N
CT-001626,10735, Justin  Manning ,justin.manning@young.com,(341) 680-3482,Purchasing,FALSE,"October 17, 2025",N
CT-001712,10772,Dawn Matthews,dawn.matthews@morgan.com,921-828-0004,Billing,FALSE,2021/12/06,Y
CT-001541,10695, Timothy  Green ,TIMOTHY.GREEN@JOHNSON.COM,+1 614 650 7485,Main,N,2022/10/14,N
CT-000617,10279,Danielle Lane,DANIELLE.LANE@ARMSTRONG.COM,(815) 927-3517,Owner,N,10/18/22,N
CT-000951,10427,Keith Garcia,keith.garcia@jones.com,426.636.5897,billing contact,no,04/03/26,N
CT-000466,10204,"HALL, AMANDA",amanda.hall@flores.com.,(323) 615-4317,,Y,,N
CT-000117,10055,Melanie Berry,melanie.berry,(576) 482-8427,,N,26-Sep-2020,N
CT-000744,10338,Lindsay Powers,lindsay.powers@white.com,471-750-5436,Technical,no,2024-12-19,N
CT-001806,10808,Mr. Amanda J. Kim,amanda.kim@morrow.com,475-806-9871,AP,0,,N
CT-002107,10947,Samuel Garza,samuel.garza@simmons-mcdonald.com,380.316.3109,Ops Manager,yes,2022-01-20,N
CT-001784,10801, Maria  Stewart ,maria.stewart@manning.com,(765) 331-3503,Ops Manager,TRUE,2023-03-18,Y
CT-000147,10066,Mr. Michael R. Wells,michael.wells@jackson-lawson.com,(616) 970-5036,Technical,no,11/14/2018,N
CT-001134,10507,"FERNANDEZ, MELISSA",melissa.fernandez@cooper.com,4185474295,Primary,no,01/16/2026,N
CT-002046,10920,Dr. Joshua C. Bowers,JOSHUA.BOWERS@MORTON-WATKINS.COM,(351) 472-1778,Owner,no,2017/04/01,Y
CT-001373,10615,Cody Weber,cody.weber@cruz.com,(918) 465-7927,IT,TRUE,07/07/2024,N
CT-000036,10016,Christopher Martinez,CHRISTOPHER.MARTINEZ@ALLEN-ALLEN.COM,669-327-9002,Billing,N,09-Aug-2025,N
CT-000731,10331,"MORENO, STEPHANIE",stephanie.moreno@miller-miller.com,464.415.9766,CTO,,06-Aug-2023,N
CT-002171,10981,Donald Horne,donald.horne@turner-george.com,370-542-0136,CTO,no,12/02/21,N
CT-000232,10103,Jennifer Sandoval,jennifer.sandoval@rivera.com,790.678.6486,Billing,N,07/28/21,Y
CT-001585,10715,"SWANSON, WILLIAM",WILLIAM.SWANSON@BURNS.COM,522.291.4233,CTO,yes,2024-12-12,N
CT-000789,10357,Katie Dawson,katie.dawson@mendez.com,+1 224 230 1596,billing contact,Y,"December 30, 2024",Y
CT-000877,10397,Laura Reed,laura.reed@bryant.com,2723254152,Technical,Y,2025/05/26,N
CT-000396,10172,Sonya Scott,sonya.scott@brooks.com,238.611.6568,Primary,TRUE,10/13/2025,Y
CT-001936,10867,Ms. Lauren L. Welch,lauren.welch@peterson-wagner.com,5193342324,Primary,FALSE,10/09/2025,N
CT-000883,10398,Calvin Phillips,calvin.phillips@maldonado.com,(818) 689-0564,Main,N,06-Sep-2025,N
CT-001110,10497,Kenneth Duncan,kenneth.duncan@hoover.com,(891) 268-5617,Billing,N,06/26/26,N
CT-001426,10640,Ms. Thomas S. Lawson,thomas.lawson@reese.com,(556) 733-1887,Technical,no,09/21/25,N
CT-001176,10526,Elizabeth Jacobs,ELIZABETH.JACOBS@CLARK.COM,397.229.8812,billing contact,N,2021/01/03,N
CT-000305,10135,Laura Martinez,laura.martinez@beasley-gutierrez.com,232.392.9393,,,2018/11/21,Y
CT-002138,,Gregory Jordan,gregory.jordan@barnes.com,(289) 216-8212,CEO,no,27-Feb-2021,N
CT-000416,10182,Daniel Smith,daniel.smith@mahoney-robertson.com,7314689697,Technical,no,11/30/2025,
CT-001255,10561,Jason Hamilton,jason.hamilton@hill-guerra.com,661.653.4572,,N,2020/12/20,N
CT-001874,10838,Beth Black,beth.black@burns.com,470.434.5526,Billing,Y,2025/05/02,N
CT-001690,10761,Joseph Rivera,joseph.rivera@brown.com,(828) 629-8937,CTO,N,12/09/23,N
CT-000770,10348,Michelle Ramsey,michelle.ramsey@haynes-moss.com,(348) 717-1880,Owner,1,11/11/2021,N
CT-001624,10734,Annette Perry,annette.perry@joseph.com,287.971.0176,Primary,N,"October 11, 2022",N
CT-000140,10062,Jason Brock,jason.brock@alvarado.com,2576928758,Primary,no,05/09/2026,N
CT-001040,10465,Jeffrey Bell,jeffrey.bell@campbell.com,+1 783 557 7906,,TRUE,"July 04, 2023",Y
CT-001523,10689,Steven Sanchez,steven.sanchez@mendoza-powell.com,(801) 930-5942,,no,2024-01-07,Y
CT-000712,10323, James  Davis ,james.davis@lewis.com,+1 888 599 2632,Owner,FALSE,2020/06/09,
CT-001173,10524,Maria Hatfield,maria.hatfield@ramirez.com,+1 880 393 5973,Primary,N,05-Feb-2026,N
CT-001731,10781,Christopher Yates,christopher.yates@garza-gray.com,8402809223,Primary,FALSE,21-Jul-2027,N
CT-001440,10645,Rachael Jackson,rachael.jackson@marquez.com,4018410523,IT,Y,2020/09/19,N
CT-001934,10867,Dustin Doyle,dustin.doyle@peterson-wagner.com,347-603-9876,,N,2025/12/07,N
CT-000891,10402,Ann Mckay,ann.mckay@day.com,537-3706,,FALSE,05-Aug-2027,N
CT-000072,10033,Molly Walter,molly.walter@riggs.com,+1 469 213 6856,Purchasing,0,2024/01/09,N
CT-000131,10059,Charles Acosta,charles.acosta@shah.com,,CTO,no,2026/05/31,N
CT-000057,10025,Karen Wright,karen.wright@martin.com,450.418.9040,Billing,N,22-May-2020,N
CT-001725,10779,Kristin Villanueva,kristin.villanueva@dyer-martin.com,715.849.6952,Primary,Y,07-Feb-2026,N
CT-000775,10351,Brian Ware,brian.ware@hernandez-dawson.com,238-730-3592,CEO,Y,06/24/25,N
CT-000878,10397,Ms. Daniel E. Smith,daniel.smith@bryant.com,+1 330 960 1200,Main,Y,04/25/2025,N
CT-000575,10256,Michael Mcdonald,michael.mcdonald@lewis.com,742.337.9720,Technical,Y,05/04/22,N
CT-001929,10865,Kevin Page,kevin.page@chandler.com,(432) 556-1660,CTO,FALSE,"July 27, 2025",N
CT-000578,10258, Daniel  Moyer ,daniel.moyer@owens-lang.com,532-551-8569,Primary,TRUE,"November 10, 2025",N
CT-000339,10149,Dr. Felicia S. Townsend,felicia.townsend@sullivan.com,4359347725,Ops Manager,yes,"February 29, 2024",N
CT-002246,10876,Kimberly Simmons,KIMBERLY.SIMMONS@MOORE.COM,666-3255,Primary,TRUE,19-Feb-2019,N
CT-001420,10637,Ms. Alexander M. Nelson,alexander.nelson@lloyd.com,912.938.4400,Billing,,04/23/26,N
CT-002165,10977,Dr. James J. Moore,james.moore@rogers.com,8359831381,,,01/17/2021,N
CT-001104,10495,Kayla Green,kayla.green at black.com,(476) 473-5314,Primary,yes,2022-12-31,N
CT-000165,10076,Ms. Brittany G. Cruz,brittany.cruz@schmidt.com,+1 413 239 4604,,no,09/16/2025,N
CT-001738,10785,Joshua Paul,joshua.paul@adams-dominguez.com,,Billing,Y,2026/06/28,Y
CT-001140,10510,Dr. Charles A. Simmons,charles.simmons@baker.com,9435912419,Primary,1,25-Feb-2026,N
CT-000704,10319,Aimee Scott,aimee.scott@rios-padilla.com,(773) 765-9941,Billing,Y,"July 03, 2023",
CT-001989,10897,Robert Vargas,robert.vargas@johnson.com,2589657374,IT,0,02/17/2019,N
CT-000491,10219,Allison Rush,allison.rush@mendoza.com,(956) 287-2905,billing contact,TRUE,24-Feb-2026,N
CT-001385,10622,"BOYD, DAVID",david.boyd@armstrong.com,(434) 487-6686,Ops Manager,,2021-07-30,N
CT-001234,10551,Trevor Miller,trevor.miller@brown.com,,billing contact,N,"October 07, 2024",N
CT-001490,10673,Thomas Rogers,thomas.rogers@larson.com,328-544-1417,IT,N,"March 25, 2026",N
CT-001318,10587,Cory Costa,cory.costa@hanson-alexander.com,647-756-3791,Primary,N,2022-03-30,N
CT-001531,79936,Anthony Blackwell,anthony.blackwell@ponce.com,241-630-4699,,TRUE,"August 25, 2024",Y
CT-000504,10225,Stephanie Paul,stephanie.paul@little.com,371-995-7527,Main,,,N
CT-000683,10308,Jessica Roman,jessica.roman@martin-taylor.com,,Billing,N,13-Apr-2025,N
CT-001369,10612, Harold  Ruiz ,harold.ruiz@davis-mason.com,8442875873,,,11/03/24,N
CT-000236,10104,Mr. Kimberly H. Gregory,kimberly.gregory@jones.com,517.423.5023,Technical,,2022/06/13,N
CT-001162,10520,Logan Lee,logan.lee@spencer.com.,930.861.1012,Purchasing,FALSE,2020-09-15,N
CT-000801,10364,Daniel Anderson,daniel.anderson@elliott.com,688.966.4036,Primary,yes,12/02/2024,N
CT-001315,10586, Michele  Glover ,michele.glover@diaz-lee.com,(729) 290-0988,Billing,Y,12/15/24,Y
CT-002276,10885,"Ryan, Amanda",amanda.ryan@phelps.com,883-881-5552,Billing,Y,26-Aug-2024,N
CT-002091,10940,Dr. Jose C. Robles,jose.robles@stewart-jordan.com,+1 462 268 5398,CTO,N,"April 06, 2020",N
CT-000787,10356,Mr. Juan K. Barton,JUAN.BARTON@FOSTER.COM,+1 930 773 5493,billing contact,0,07/04/26,Y
CT-000496,10222,Cassandra Thompson,cassandra.thompson@hill.com,734-600-6606,CTO,1,2025/11/05,N
CT-001394,10626,Thomas Smith,THOMAS.SMITH@FOX-CARNEY.COM,+1 361 437 8228,,N,2021/10/23,N
CT-000622,10281,James Frazier,james.frazier@wheeler-gonzalez.com,952.207.9160,AP,Y,,N
CT-000073,10033,Kristen Moran,kristen.moran@riggs.com,799-717-5414,,N,2024/02/01,N
CT-000038,10017,Ms. Jimmy A. Washington,jimmy.washington@cannon.com,(651) 284-1323,Ops Manager,0,06/13/26,N
CT-000468,10206,Alison Frank,alison.frank@,,Ops Manager,yes,2026-02-07,
CT-000185,10085,Mr. George D. Rowland,george.rowland@hayes-wheeler.com,(469) 562-6385,Technical,Y,12-May-2023,N
CT-002146,10965,Cody Smith,cody.smith@johnston-mclaughlin.com,5145136387,Purchasing,FALSE,01-Apr-2023,N
CT-000520,10232,Christopher Hudson,CHRISTOPHER.HUDSON@CHASE.COM,(719) 687-3683,Primary,,06/25/25,N
CT-000428,10188,Ms. Joseph B. Stephens,joseph.stephens@moore.com,660-422-8457,Ops Manager,no,11/04/2022,N
CT-000836,10381,Hailey Jackson,hailey.jackson@jacobson-baker.com,828-845-6667,CTO,TRUE,09/18/24,Y
CT-001444,10648,Dr. Elizabeth D. Brown,elizabeth.brown@rivera.com,(678) 648-6387,Owner,1,06/29/2024,N
CT-001717,10774,Ms. Noah M. Barnett,NOAH.BARNETT@DIXON-HERNANDEZ.COM,823-972-3054,,TRUE,2024/07/23,N
CT-001436,10643,Michaela Ramirez,michaela.ramirez@fernandez-williams.com,(415) 431-6108,,,12/18/2022,
CT-002012,10905,John Horn,john.horn@martinez.com,,CEO,TRUE,,N
CT-001135,10507,Bradley Young,bradley.young@cooper.com,(977) 454-8303,Ops Manager,0,03/03/2026,N
CT-001813,10811,Mark Payne,mark.payne@gonzalez-torres.com,(533) 560-5197,Primary,,12-Nov-2022,Y
CT-001718,10774,Calvin Walker,calvin.walker@dixon-hernandez.com,281-770-1457,Technical,N,10/22/24,Y
CT-000275,10120,Zachary Barry,zachary.barry@rodriguez-hall.com,236-334-2138,,N,2026/03/23,
CT-001964,10883,Mr. Kimberly R. Gonzalez,kimberly.gonzalez@colon-thomas.com,(461) 502-1894,Owner,Y,06/09/2022,N
CT-000505,10226,Richard Brown,RICHARD.BROWN@SPENCE.COM,829.816.6016,Billing,1,"July 29, 2023",N
CT-000161,10075,"KERR, DARLENE",darlene.kerr@west-smith.com,3135418146,Primary,Y,2025/01/01,N
CT-000948,10425,Julie Allen,julie.allen@warner-phillips.com,704-955-8985,,no,02/25/25,N
CT-000532,10236,Thomas Melton,thomas.melton@adkins-obrien.com,+1 672 477 3240,billing contact,Y,2026/05/04,N
CT-002056,79113,Leslie Torres,leslie.torres@reyes-pope.com,(361) 856-4276,CEO,FALSE,"May 18, 2023",N
CT-002113,10950,Stephanie Hill,stephanie.hill@mcgee-mack.com,(944) 472-3235,CEO,no,03-Oct-2025,N
CT-001109,10497,Yolanda Wise,yolanda.wise@hoover.com,523-690-3443,CEO,yes,2026-04-16,N
CT-000523,10233,Ms. Christopher G. Parker,christopher.parker@boyle-smith.com,621-433-8463,Main,FALSE,2024-07-30,N
CT-000896,10403,John Gregory,john.gregory@silva-smith.com,(959) 767-3044,CEO,no,"September 14, 2025",N
CT-001581,10714,Ashley Williams,ashley.williams@moore.com,328.890.9997,Technical,Y,06/25/2020,Y
CT-001741,10786,Kevin Clark,kevin.clark@garcia-leonard.com,(667) 287-0805,IT,N,2024/03/21,N
CT-000056,10025,Alyssa Tapia,alyssa.tapia@martin.com,524.484.7883,CEO,FALSE,2020-02-12,N
CT-000288,10129,Patricia Herrera,patricia.herrera@howard.com,(288) 331-0773,,Y,2024-07-31,N
CT-000972,10437, Mary  Webb ,mary.webb@booth-jones.com,(890) 977-0759,Billing,yes,08/29/2024,N
CT-001639,10741,Daisy Shaw,daisy.shaw@gonzalez-miller.com,(449) 544-7025,Billing,Y,2021-08-09,N
CT-001530,10691,Elizabeth Cordova,elizabeth.cordova at davis.com,8636499460,Ops Manager,FALSE,11/19/2025,N
CT-001461,10657,Kyle Becker,kyle.becker@aguilar.com,304-741-4333,Main,Y,12/16/22,N
CT-001431,10642,Mr. Jennifer H. Thornton,jennifer.thornton@bell.com,509-464-4999,Purchasing,no,12-Mar-2025,N
CT-000493,10220,Scott Newman,scott.newman@schneider.com,+1 302 882 6114,Technical,,05/14/2021,N
CT-001035,10461, Chad  Butler ,chad.butler@turner.com,624-294-7328,Technical,N,10/14/20,N
CT-002203,10994,Luke Klein,luke.klein@lynch.com,(821) 856-6754,,no,12/07/2025,N
CT-001199,10536,"QUINN, ISABEL",isabel.quinn@foster.com,808.732.5436,Main,Y,2024/09/19,N
CT-001364,10611, Thomas  Clark ,thomas.clark@murray-henderson.com,(959) 388-2259,CTO,no,15-Oct-2023,N
CT-000124,10058,Dr. Sandra A. Parsons,sandra.parsons@hernandez.com,6509423558,Technical,N,30-Apr-2022,N
CT-000964,10433, Michelle  Clark ,michelle.clark@hobbs.com,(536) 702-5380,AP,N,"September 12, 2019",N
CT-000859,10388,April Bowman,APRIL.BOWMAN@SLOAN.COM,488.972.3238,billing contact,N,,N
CT-002193,10990,Glenn Edwards,glenn.edwards@brown.com,767.481.9764,CTO,0,07/23/2018,N
CT-000252,10109, Tyler  Jennings ,tyler.jennings@little-stevens.com,664.763.7631,Technical,N,2020-05-18,N
CT-000990,10445,"BROOKS, SCOTT",scott.brooks@chapman.com,(864) 608-0515,Billing,0,28-Mar-2026,N
CT-000190,10086,"EDWARDS, TRACY",tracy.edwards at hall.com,,,no,2026-04-10,N
CT-000832,10379,Janice Roberts,JANICE.ROBERTS@HERNANDEZ-WARD.COM,679.952.4963,Billing,N,2019-06-06,N
CT-002124,10955,Tara Brown,tara.brown@brooks.com,(632) 255-4733,Technical,TRUE,"May 13, 2023",N
CT-002103,10945,Michael Park,michael.park@foster.com,933-618-9791,CTO,1,2021/09/04,N
CT-001960,10880,Tammy Bonilla,tammy.bonilla@stone-wright.com,643.889.8847,Billing,no,"January 10, 2026",N
CT-001474,10664,Stephanie Richards,stephanie.richards@house-johnston.com,(734) 675-3522,Ops Manager,Y,2025/02/05,N
CT-000134,10060, Connor  Morris ,CONNOR.MORRIS@MEDINA-NAVARRO.COM,771-634-9021,,N,09/02/2019,Y
CT-000904,10407,James Torres,james.torres@aguilar.com,+1 569 528 0993,,FALSE,"December 10, 2020",Y
CT-000293,10131, Jenna  Rodriguez ,jenna.rodriguez@williams.com,978.276.6461,Billing,1,02/14/2023,Y
CT-000227,10100,Dr. Henry L. Shaffer,henry.shaffer@burns.com,+1 291 309 3086,,FALSE,10/03/25,N
CT-000346,10153,Carolyn Williams,carolyn.williams@snyder.com,791-894-8714,billing contact,Y,2024-01-02,N
CT-001198,10535, Ryan  Todd ,ryan.todd@sweeney-jones.com,+1 830 671 7569,Billing,yes,,N
CT-002170,10981,Cameron Sanchez,cameron.sanchez@turner-george.com,299-9747,CTO,Y,19-Oct-2021,N
CT-001614,10727,"PATEL, VICTOR",victor.patel@oliver-marsh.com,294-809-6792,IT,,04/16/26,N
CT-002234,10596,Mary Mills,MARY.MILLS@HILL.COM,847-855-6115,AP,Y,08/26/2022,N
CT-000895,10403,Antonio Fitzpatrick,antonio.fitzpatrick@silva-smith.com,5124129580,Billing,FALSE,28-Apr-2025,N
CT-001747,10788, Thomas  Garcia ,thomas.garcia@williams-davies.com,(229) 788-4156,Purchasing,FALSE,2021/07/07,N
CT-000718,10325,Jennifer Hayden,jennifer.hayden@tran.com,(752) 379-3455,billing contact,FALSE,"August 28, 2024",N
CT-000797,10362,Lisa Gill,lisa.gill@brown.com,+1 774 977 1533,Owner,TRUE,10/13/24,N
CT-001413,10635,Nancy Knapp,nancy.knapp@thornton-edwards.com,8348707410,,Y,24-Nov-2025,N
CT-001867,10834,David Gould,david.gould@meadows.com,2496725956,Technical,0,"August 31, 2018",N
CT-001458,,Gary Smith,gary.smith@pacheco.com,(577) 827-6318,Billing,1,24-Jan-2026,N
CT-000139,10062,Timothy Merritt,timothy.merritt@alvarado.com,6166252156,Primary,no,05-May-2026,N
CT-001179,10528,William Hernandez,william.hernandez@anderson.com,8433580837,,N,,Y
CT-001999,10900,Mr. Jesse S. Gonzales,jesse.gonzales@spencer-willis.com,312.715.7435,Ops Manager,FALSE,05/27/26,
CT-001555,10703,Kimberly Joseph,kimberly.joseph@butler-aguirre.com,(858) 391-9052,Primary,no,27-Nov-2025,N
CT-000661,10301,Russell Peters,russell.peters@peters.com,(339) 396-4087,,yes,08/13/23,
CT-001138,10509,James Hudson,JAMES.HUDSON@PRICE.COM,(529) 460-0276,,1,09/08/2022,N
CT-001616,10729,Richard Guerrero,RICHARD.GUERRERO@CRAWFORD.COM,(509) 532-2765,Ops Manager,Y,15-Feb-2020,N
CT-000762,10343,Christopher Hampton,christopher.hampton@randolph.com,526.774.6506,,0,2026-04-13,N
CT-001084,10488,Brianna Evans,brianna.evans@hughes-hardin.com,+1 720 654 6302,Technical,,2026-01-09,N
CT-000092,10043,Matthew Kent,matthew.kent@rasmussen.com,479-650-7289,Primary,TRUE,2023/07/08,Y
CT-000074,10033,Mr. Anthony E. Jimenez,anthony.jimenez@riggs.com,(556) 635-3893,Primary,N,10/15/2023,N
CT-001464,10660,Dr. Lance A. Gray,lance.gray@bridges-ward.com,424-828-0685,Purchasing,1,,N
CT-000666,10303,Jessica Powell,jessica.powell@mckinney-wallace.com,918-797-4526,Purchasing,,09-Aug-2024,N
CT-001509,10683,Elizabeth Kramer,elizabeth.kramer@dominguez.com,701.422.9137,Billing,Y,27-Aug-2022,N
CT-000183,10084,"MARTINEZ, CHRISTOPHER",christopher.martinez@garcia.com,(272) 728-1698,,Y,11-Nov-2024,Y
CT-002185,10987,Tracy Henry,tracy.henry@taylor-stewart.com.,+1 670 751 3549,Billing,N,2025-01-17,
CT-000894,10403,Mr. Samantha J. Carter,samantha.carter@silva-smith.com,(417) 342-2066,,,05/12/2025,N
CT-001612,10726,Luis Carson,luis.carson@chavez-mason.com,813-685-0027,Billing,Y,2026/04/12,N
CT-001427,10641, Shawn  Thompson ,SHAWN.THOMPSON@LAMBERT-NELSON.COM,595.662.0142,Primary,Y,,N
CT-001955,10877, Cody  Hester ,cody.hester@dennis.com,,AP,N,2023-10-29,
CT-001763,10793,Adam Barry,adam.barry@boyd.com,950.780.5566,,yes,2025/06/21,Y
CT-000646,10294,Danny Gates,danny.gates@wilson.com,824.715.2792,Billing,Y,2025/12/06,N
CT-002175,75637,"KELLER, MEGAN",megan.keller@anderson.com,+1 493 351 9391,Ops Manager,,11-Dec-2020,N
CT-000572,10254,Nicholas Hudson,nicholas.hudson@boone-davis.com,6952725953,Owner,Y,03/29/25,N
CT-000463,10202,Sherry Dorsey,sherry.dorsey@butler.com,,,FALSE,2025-03-06,N
CT-000912,10411,Suzanne Murray,suzanne.murray@carter.com,+1 223 649 1157,CTO,Y,2024/09/24,N
CT-000802,10364,Sabrina Cruz,sabrina.cruz@elliott.com,506.729.9711,Ops Manager,yes,09/23/24,N
CT-001587,10716,Kevin Morales,kevin.morales@hamilton-walker.com,831.392.8810,Primary,Y,"June 03, 2023",N
CT-000868,10392,"GAINES, AMY",AMY.GAINES@VAUGHN-WILLIAMS.COM,(276) 812-0190,Purchasing,N,2022/11/19,N
CT-001226,10548,Amanda Lee,amanda.lee@gibson.com,440-412-8557,CEO,N,2025-05-23,N
CT-001710,10771,"WOODS, ZACHARY",zachary.woods@foster.com,,Main,1,2024/11/23,N
CT-000777,10352,Kevin Baker,kevin.baker@johnson.com,+1 746 410 9950,,yes,2025/08/18,N
CT-002133,76821,"POWELL, CLINTON",clinton.powell@morrison.com,7205053275,,Y,"January 29, 2024",N
CT-001912,10856,Jeffrey Barnes,jeffrey.barnes@cooper-hall.com,(663) 574-2295,billing contact,N,03/23/2025,N
CT-000947,10425,Andrew Thomas,andrew.thomas@warner-phillips.com,319.507.9203,Ops Manager,Y,"February 23, 2025",Y
CT-000911,10410,Michael Owens,michael.owens,(817) 539-1296,Technical,N,2016/08/18,N
CT-001419,10637,Ruth Shaw,ruth.shaw@lloyd.com,801.925.6287,Primary,N,09-Feb-2026,N
CT-001150,10515,Judy Logan,judy.logan@perez-mccarty.com,(319) 239-6238,Primary,Y,09/26/2023,N
CT-001547,10698,"MARTIN, LINDSAY",lindsay.martin@bryant.com,5304406253,IT,FALSE,2023/09/21,N
CT-000037,10017,Caleb Johnson,caleb.johnson@cannon.com,641-660-9650,IT,N,2026-01-07,N
CT-000482,10214,Jessica Horton,jessica.horton@clayton.com,209.450.9300,Owner,Y,02/07/22,N
CT-000675,10305,Ms. Kayla N. Hernandez,kayla.hernandez@wilson.com,(822) 618-3247,Main,no,2024/06/03,N
CT-000978,10440,Breanna Gallegos,breanna.gallegos@walsh.com,376-757-4362,Technical,0,,N
CT-001846,10824,Stacy Preston,stacy.preston@thomas-wilson.com,+1 324 998 5245,Purchasing,1,,N
CT-002168,10979,Marie Bowers,MARIE.BOWERS@FOSTER.COM,3899475581,Owner,Y,"July 18, 2025",N
CT-000565,10251,"MILLER, LEE",lee.miller@williams-cooper.com,221-207-9508,Ops Manager,Y,,N
CT-000289,10129, Joseph  Mayo ,joseph.mayo@howard.com,763-839-0873,,no,"August 03, 2024",N
CT-001660,10749,Ms. Jennifer C. Allen,jennifer.allen@flowers.com,,Ops Manager,yes,"July 30, 2019",N
CT-002069,10931,Clarence Dawson,clarence.dawson@kerr.com,(914) 444-3517,Purchasing,1,2016/09/04,N
CT-000024,10011,Kim Butler,kim.butler@hernandez.com,6763384547,Billing,yes,08/30/2023,N
CT-001029,10459,Lisa Rivera,lisa.rivera@bennett.com,322-856-3931,Main,,05/26/26,N
CT-001039,10464,Dalton Crawford,dalton.crawford@sellers.com,(410) 681-5924,Ops Manager,FALSE,2023/04/13,N
CT-002000,10901,Lynn Weaver,lynn.weaver@miller-fields.com,674-417-4896,,TRUE,2024-01-23,Y
CT-000107,10050,Elizabeth Garza,elizabeth.garza@kennedy.com,+1 858 759 9299,billing contact,N,23-Jan-2025,N
CT-001020,10457,Amanda Allen,amanda.allen@oliver.com,630-857-6468,Main,Y,02/03/26,N
CT-002066,10929,"PHILLIPS, DAWN",dawn.phillips@hernandez.com,+1 604 928 4654,Technical,N,2024/11/23,N
CT-000199,10089,Robert Pierce,robert.pierce@williams.com,(355) 570-5278,Purchasing,FALSE,"September 04, 2024",N
CT-001191,10532,"CARTER, JOHN",john.carter@grant.com,495-745-7851,Main,Y,2025-09-30,N
CT-001366,10611,Wendy Reilly,wendy.reilly@murray-henderson.com,(934) 804-7857,Technical,N,11/12/23,N
CT-001146,10513,"CARTER, MICHEAL",micheal.carter@cantrell.com,(869) 839-0006,billing contact,Y,2025/03/24,N
CT-002129,10957,Tina Ayala,tina.ayala@bradley.com,506-970-9348,CEO,Y,13-Nov-2024,N
CT-000270,10118,Michaela Roberts,michaela.roberts@dalton.com,,,Y,2025/10/01,N
CT-001982,10892,Elizabeth Clark,elizabeth.clark@lee.com,2227272421,Technical,1,2024-07-09,N
CT-002149,10966,Lauren Carroll,lauren.carroll@myers-colon.com,681.611.8943,Billing,FALSE,11/17/25,N
CT-001216,10543,Leonard Reed,leonard.reed@green-torres.com,351-250-2522,Billing,Y,"September 29, 2025",N
CT-000858,10388,Todd Nelson,todd.nelson@sloan.com,+1 629 765 1522,Technical,0,2021-10-31,N
CT-000668,10303,Jerry Mckinney,jerry.mckinney@mckinney-wallace.com,584-7396,Ops Manager,no,2024/07/04,N
CT-001572,10710,Austin Rodriguez,austin.rodriguez@hall-rodriguez.com,278.824.6673,,FALSE,08/27/24,N
CT-002026,10912,Catherine Harrell,catherine.harrell@vasquez-padilla.com,750-949-5503,Primary,N,2026/01/03,N
CT-001704,10767,David Lawson,david.lawson@martinez-rodriguez.com,655-469-3135,CTO,,2020/05/19,N
CT-001421,10638,Deborah May,deborah.may@short.com,440-684-9995,Owner,yes,04-Jan-2026,N
CT-002169,10980, Sherry  Barnett ,sherry.barnett@ellis.com,7648573559,,N,2024-03-27,N
CT-002183,10986,"SIMS, KELLY",kelly.sims@hernandez.com,(908) 849-2182,Primary,FALSE,,N
CT-001551,10699, Roberto  Brown ,roberto.brown@walker.com,8783602353,CTO,N,03/27/2023,N
CT-001381,10620,Ann May,ann.may@williams.com,+1 263 821 9400,Owner,FALSE,05/18/23,N
CT-001787,10802,Shelby Brown,shelby.brown@henry.com,734-678-1034,billing contact,N,11/20/2025,
CT-000768,10347,Jeffrey Petersen,JEFFREY.PETERSEN@VARGAS.COM,235.766.1840,,no,09/17/25,N
CT-000044,10020,Abigail Hayden,ABIGAIL.HAYDEN@PEREZ.COM,5028588252,billing contact,no,2025/12/24,N
CT-000809,10369,Daniel Smith,daniel.smith@preston.com,897.630.7970,Purchasing,Y,2020-08-30,N
CT-001379,10619,Mr. Jessica R. Richardson,jessica.richardson@ramos-burke.com,+1 352 345 5473,Owner,N,2025/11/30,N
CT-001790,10803,Joshua Cardenas,joshua.cardenas@suarez-giles.com,553-406-6733,Billing,0,2019-10-08,N
CT-001646,10743,Diana Vega,diana.vega@hughes-smith.com,+1 346 516 8166,billing contact,N,2022/12/01,N
CT-000872,10395,"LANDRY, BRIANNA",brianna.landry@figueroa-malone.com,(317) 295-1092,Ops Manager,N,"January 15, 2026",N
CT-000081,10036,Holly Garcia,holly.garcia@wise-walsh.com,553.900.5402,billing contact,N,18-Nov-2025,N
CT-001534,10692,"GREENE, AARON",aaron.greene@ponce.com,(629) 494-3360,Technical,,16-Aug-2024,
CT-000272,10118,Aaron Welch,AARON.WELCH@DALTON.COM,4852041893,,N,07/15/25,
CT-001972,10887,Michele Perez,michele.perez@white.com,472.241.7428,Technical,1,2018/10/29,N
CT-000257,10111,Amanda Reed,amanda.reed@gonzalez-cruz.com,203-919-1941,Owner,no,2024/02/24,N
CT-001634,10739,Andrea Bell,andrea.bell@morgan-rodriguez.com,,Billing,1,12/21/2022,N
CT-000545,10242,Felicia Allen,felicia.allen@andersen.com,705.926.4716,,no,2022-01-16,N
CT-001994,10899,Emily Harris,emily.harris@flores.com,(828) 907-6408,Purchasing,N,11/12/2025,N
CT-001808,10809, Nicole  Jones ,nicole.jones@holloway.com,780.918.2490,billing contact,0,29-Dec-2021,N
CT-001713,10772, Walter  Mills ,walter.mills@morgan.com,+1 792 332 1424,,N,12/16/2021,N
CT-000527,10234,Mr. Michael D. Anderson,michael.anderson@smith.com,(284) 734-6855,CTO,,08-Feb-2024,N
CT-000033,10015,Monica Alexander,monica.alexander@ryan.com,(436) 443-4216,Primary,Y,2023/04/26,N
CT-001201,10536,Lori Hicks,lori.hicks@foster.com,(753) 499-3097,IT,no,2024-05-23,N
CT-000903,10407,John Butler,JOHN.BUTLER@AGUILAR.COM,215-493-6079,Billing,N,09/22/2020,N
CT-000449,10197,Miguel Baker,miguel.baker@holmes.com,473-592-9178,billing contact,TRUE,03/02/2025,N
CT-000453,10199,Dwayne Hernandez,dwayne.hernandez@jacobson.com,(578) 340-0830,Billing,Y,"November 10, 2024",N
CT-000128,10059,Andrew Long,andrew.long@shah.com,654-651-7474,Primary,Y,,N
CT-000109,10051,Ms. Melissa L. Stewart,melissa.stewart@chambers.com,348.259.3376,CEO,Y,07/12/2024,N
CT-000113,10053,Julie Sweeney,julie.sweeney@smith.com,(714) 599-9409,AP,Y,13-Feb-2026,N
CT-000998,10447,Dr. Allison H. Tyler,ALLISON.TYLER@THOMPSON.COM,875.452.2193,Technical,N,11-Feb-2025,N
CT-000196,10088,Jason Anderson,jason.anderson@gonzales-harrison.com,3289837890,Primary,no,21-Nov-2023,N
CT-001728,10780,Stephanie Romero,stephanie.romero@keller-jennings.com,(613) 203-5888,,Y,08/17/2025,Y
CT-000590,10266,Jason Johnson,JASON.JOHNSON@WARREN.COM,461.427.4088,Main,Y,"February 03, 2026",
CT-001544,10697,Daniel Drake,daniel.drake@smith.com,(574) 683-2989,Primary,N,2025/07/11,N
CT-001573,10710, Jessica  Schmidt ,jessica.schmidt@hall-rodriguez.com,913-897-8119,Technical,,2025/01/10,N
CT-002072,10932,Matthew Gomez,matthew.gomez@jensen-barnes.com,603-555-2717,,Y,07-Nov-2023,N
CT-001539,10694,Mr. Hector D. Hernandez,HECTOR.HERNANDEZ@PRICE-SPARKS.COM,851-817-3860,,,10/29/2025,N
CT-001475,10664,Eric Carroll,eric.carroll@house-johnston.com,989.496.7018,Primary,FALSE,02/26/25,Y
CT-002008,10903,Michelle Freeman,michelle.freeman@smith.com,3726543435,IT,N,07/19/25,N
CT-002173,10982,"BROWN, BOB",bob.brown@king.com,(255) 667-6508,Billing,Y,"April 04, 2025",N
CT-001485,10670,Tanner Morris,tanner.morris@mitchell.com,+1 721 803 7935,billing contact,no,2025/10/13,N
CT-000870,10394,Gregory Lozano,gregory.lozano@schroeder-flores.com,(657) 650-7271,Owner,TRUE,2021-12-04,N
CT-000188,10086,Rebecca Carter,rebecca.carter@hall.com,(290) 901-0593,,Y,04-Apr-2026,N
CT-000442,10193,Christopher Williams,christopher.williams@reed.com,2963106052,billing contact,N,2024-01-05,N
CT-000829,10378,Madison Holt,MADISON.HOLT@SPENCER.COM,609-686-7876,,N,06/09/2024,N
CT-000198,10089,Joshua Daniel,joshua.daniel@williams.com.,879-843-5368,Billing,Y,08/22/2024,N
CT-001841,10822,"PRESTON, STEVEN",steven.preston@smith.com,499-891-0917,IT,no,2018/05/29,N
CT-002220,10696,Stephanie White,STEPHANIE.WHITE@ELLIS.COM,6417139407,AP,1,,N
CT-001330,10593,Lance Thomas,lance.thomas@hall-james.com,9295859515,Main,0,"April 05, 2022",N
CT-001552,10700, Ronald  Harmon ,ronald.harmon@gardner.com,7895821399,Primary,1,2026-03-11,N
CT-001569,10709,Andrew Adams,andrew.adams@jones.com,4397741675,billing contact,yes,"January 10, 2020",N
CT-001403,10631,Catherine Lewis,catherine.lewis@nielsen-mendoza.com,8139425343,Billing,Y,18-Jun-2026,Y
CT-000634,10286, Donna  Frazier ,donna.frazier@fuentes.com,261.319.4289,Billing,FALSE,29-Jul-2024,N
CT-001589,10718,Jennifer Newton,jennifer.newton@nicholson.com,281.371.2090,CTO,Y,"August 15, 2026",N
CT-001755,10790,Ms. Richard H. Nelson,richard.nelson@colon.com,(249) 720-2876,Technical,N,"November 18, 2025",N
CT-000051,10022,Theresa Marks,theresa.marks@jordan.com,498-939-4315,Technical,N,02/04/19,N
CT-000529,10235,Peggy Gordon,peggy.gordon@carrillo.com,780.828.7911,CTO,TRUE,09/14/2025,N
CT-000345,10152,Daniel Soto,daniel.soto@briggs.com,(231) 330-5433,Main,FALSE,"January 26, 2023",N
CT-000850,10386,Craig Lara,craig.lara@martinez.com,,Purchasing,yes,"June 11, 2025",N
CT-000640,10289,Dale Brady,dale.brady@sandoval.com,897-593-2752,Ops Manager,N,22-May-2026,N
CT-000581,10260, Matthew  Munoz ,matthew.munoz@hernandez-rivera.com,(953) 642-2112,Main,Y,2023/02/16,N
CT-002114,10951,Mr. Johnathan G. Mosley,johnathan.mosley,+1 302 590 6635,billing contact,Y,13-Nov-2018,N
CT-002045,10920,Michael Sheppard,MICHAEL.SHEPPARD@MORTON-WATKINS.COM,484.427.8557,Billing,N,2017-02-27,N
CT-000717,10325,James Mathis,james.mathis@tran.com,(400) 351-6007,Primary,N,"August 21, 2024",N
CT-001782,10800,Mary Wood,mary.wood@king.com,783-342-2396,Ops Manager,N,"June 11, 2022",N
CT-002018,10910,Mark Estrada,mark.estrada@martinez.com,(408) 437-8418,Billing,FALSE,04/12/2023,N
CT-000853,10387,Elizabeth King,elizabeth.king@miller-vega.com,323-811-3638,Purchasing,Y,09-Feb-2026,
CT-000710,10323, Christopher  Holt ,christopher.holt@lewis.com,(754) 791-2469,CEO,Y,24-Jul-2020,N
CT-001596,10719,Jason Walls,jason.walls@allen-duarte.com,(980) 820-1645,Main,no,08/09/2026,N
CT-001090,10489,Amanda Guerrero,amanda.guerrero@gallegos.com,(740) 374-7081,AP,FALSE,"February 17, 2023",N
CT-001416,10636,Mr. James A. Ward,james.ward@warren.com,(231) 898-6585,Owner,1,07-Jun-2025,N
CT-000614,10278,Jose Bowen,jose.bowen@george.com,6755855615,,FALSE,05-Oct-2025,N
CT-000431,10189,Olivia Perry,olivia.perry@reyes-bradley.com,960-713-7429,Owner,yes,08-Jun-2018,N
CT-000667,,"MOORE, LOUIS",louis.moore@mckinney-wallace.com,511-359-8623,Technical,N,2024-11-10,N
CT-001917,10859,"ALVAREZ, AARON",aaron.alvarez@moore.com,(947) 555-8487,Technical,TRUE,2023/10/22,N
CT-002006,10903,Courtney Simmons,courtney.simmons@smith.com,569-775-7092,,Y,2025/08/19,N
CT-000195,10088,Donald Chase,donald.chase@gonzales-harrison.com,5587386162,,yes,2023/12/02,N
CT-000260,10113,Sierra Sutton,sierra.sutton@mcgee.com,,billing contact,no,"April 15, 2026",N
CT-000609,10274,Jessica Bryan,jessica.bryan@sanders.com,(866) 892-5901,,,2023-07-04,N
CT-000570,10253,Holly Castro,holly.castro@hart.com,(716) 712-7702,AP,no,2022-03-27,N
CT-001887,10845,Jacqueline Santos,JACQUELINE.SANTOS@PETERSON-HULL.COM,(761) 977-3312,Billing,no,21-Nov-2023,N
CT-000065,10030,Jesus Washington,JESUS.WASHINGTON@MILLS.COM,959.617.5907,Primary,Y,2021/08/25,N
CT-001503,10679,Joseph Ray,joseph.ray@townsend.com,772-1733,Technical,yes,2021/11/19,N
CT-000387,10169,Joseph Anderson,joseph.anderson@salas.com,969-926-2232,Billing,0,08-Apr-2019,N
CT-002176,10983,"GARZA, KAREN",karen.garza@anderson.com,784-702-0607,Billing,,02/07/2021,N
CT-001517,10686,Jennifer Moore,jennifer.moore@long.com,826-0887,IT,N,11/20/2018,N
CT-001665,10750,Gabriela Wallace,gabriela.wallace@snyder-arellano.com,868-712-4569,Primary,FALSE,26-Feb-2022,N
CT-001696,10762,"JOHNSON, JOSHUA",joshua.johnson@matthews.com,(761) 231-8005,,N,01/06/24,N
CT-001375,10617, Dana  Ware ,dana.ware@roberts-white.com,772-594-4224,CTO,yes,"March 02, 2026",N
CT-000158,10073,Patrick Chen,patrick.chen@white-lewis.com,(275) 609-0789,Purchasing,FALSE,2023/03/17,N
CT-001277,10571,"ORTIZ, MELISSA",melissa.ortiz@simmons.com,657.732.4086,,1,11-Aug-2023,N
CT-000145,10065,Toni Shelton,toni.shelton@howell.com,518.387.4899,Technical,N,2025/09/09,N
CT-000299,10133,Tracy Simpson,tracy.simpson@hill.com,,Billing,FALSE,"December 20, 2023",Y
CT-000490,10218,Terry Taylor,terry.taylor@hampton.com,549.465.7737,Ops Manager,N,12/18/2024,N
CT-001789,10803,Mr. Donald D. Bryant,DONALD.BRYANT@SUAREZ-GILES.COM,868.279.7686,Billing,Y,09/09/19,N
CT-001605,10723, Colton  Walker ,colton.walker@cox.com,(484) 987-5462,Billing,TRUE,"February 15, 2026",N
CT-001247,10558,Stacy Burton,stacy.burton@brown.com,(710) 832-8464,Primary,1,2024/10/29,Y
CT-001240,10554,Shawn Moss,shawn.moss@soto.com,(436) 752-6361,,FALSE,07/13/24,N
CT-001038,10463,David Cummings,DAVID.CUMMINGS@MORENO.COM,(736) 848-0068,Primary,Y,"November 12, 2023",N
CT-000680,10308,"LOPEZ, KIMBERLY",kimberly.lopez@martin-taylor.com,(908) 970-2478,CTO,Y,05/22/27,N
CT-002160,10974,Pamela Leon,pamela.leon@gallagher.com,+1 673 297 3602,CEO,N,2022-04-02,Y
CT-001080,10486,Barry Young,barry.young@white.com,+1 267 795 2015,Primary,N,"September 22, 2017",N
CT-002145,10965,Mr. Angela A. Fleming,angela.fleming@johnston-mclaughlin.com,(734) 688-0760,,no,06/04/2023,N
CT-001969,10885,Heather Osborn,heather.osborn@phelps.com,811.811.4521,,0,04/15/2024,N
CT-002198,10993,Ms. Ryan G. Romero,ryan.romero@nelson.com,9649902442,Technical,,2024/05/27,N
CT-001466,10661,Annette Gutierrez,annette.gutierrez@smith.com,+1 384 772 2454,Primary,N,09/08/2023,N
CT-001291,10577,Mathew Gomez,mathew.gomez@hall.com,(601) 504-5123,billing contact,N,28-Jan-2026,N
CT-001341,10599,Monica Adams,monica.adams@delgado.com,+1 585 703 6617,CTO,TRUE,01/22/2024,N
CT-001954,10877,Mr. Anthony C. Daniels,ANTHONY.DANIELS@DENNIS.COM,608.916.9986,Owner,1,"November 17, 2023",N
CT-000007,10003,Elaine Martin,elaine.martin@lewis.com,+1 442 649 7309,Purchasing,N,"October 22, 2021",N
CT-001688,10760,Diane Thomas,diane.thomas@hines.com,(722) 964-4701,Main,N,19-Jun-2023,N
CT-000808,10368,Dr. Steven D. Rodriguez,steven.rodriguez@oconnor.com,(251) 738-8951,Technical,TRUE,15-Nov-2020,N
CT-000596,10268,Jason Orozco,jason.orozco@malone.com,860-7796,,,2024/08/17,N
CT-000597,10269, Jack  Brown ,jack.brown@newman-rivera.com,929-493-6202,Ops Manager,yes,"November 06, 2024",N
CT-001406,10632,Samuel Alexander,samuel.alexander@huang.com,540-622-8242,Primary,N,"December 20, 2022",N
CT-001513,10685,Steven Hopkins,steven.hopkins@cook-brown.com,6664625101,Billing,TRUE,"September 03, 2024",N
CT-000665,10302,"MYERS, SHEILA",sheila.myers@washington.com,386-749-4333,Ops Manager,Y,07/12/25,N
CT-001111,10497,Benjamin Hill,benjamin.hill@hoover.com,4369776341,,N,02-Jul-2026,N
CT-000814,10371, Jason  Sanders ,jason.sanders@walker.com,737-661-4906,IT,Y,20-Oct-2025,N
CT-000349,10154,Sean Garcia,sean.garcia@stewart.com,679.408.6228,AP,Y,03/02/23,N
CT-002125,10955,Karen Matthews,karen.matthews@brooks.com,508-955-2526,Purchasing,N,02/05/23,N
CT-001655,10747,Gabrielle Crane,gabrielle.crane@murray.com,561-660-8982,Owner,1,"November 02, 2025",N
CT-001339,10598,Mary Johnson,mary.johnson at butler.com,365-320-9387,Ops Manager,Y,06/12/2026,Y
CT-000121,10056,Eric Moran,eric.moran@cole-walton.com,+1 460 753 3798,CEO,N,2020/12/22,N
CT-001781,10800, Jose  Michael ,jose.michael@king.com,,CTO,Y,2022/09/04,N
CT-001155,10516,Stephanie Benjamin,stephanie.benjamin@jones.com,(680) 557-5530,Primary,N,2022/01/13,N
CT-001073,10483,Dan Reed,dan.reed@welch.com,(391) 391-8945,IT,1,07-Jan-2020,N
CT-000347,10153,Tanya Henson,tanya.henson@snyder.com,+1 534 560 9273,CTO,no,"September 27, 2023",N
CT-000543,10241,Dr. Cindy S. Bentley,cindy.bentley@velasquez-reese.com,(865) 436-9576,Owner,Y,14-May-2022,N
CT-002065,10929,Mr. Lance G. Hunter,lance.hunter@hernandez.com,681-858-2146,Primary,yes,2024-09-04,N
CT-000979,10441,Carlos Johnson,carlos.johnson@rivera-saunders.com,423.326.0676,Technical,yes,"May 04, 2025",N
CT-000372,10164,Brittany Smith,brittany.smith at perez.com,909-667-4297,Main,0,10/25/23,N
CT-001410,10633,Michelle Wyatt,michelle.wyatt@herrera.com,813-446-8948,,N,"May 19, 2024",N
CT-002278,10710,Sean Evans,SEAN.EVANS@HALL-RODRIGUEZ.COM,(368) 696-8302,billing contact,yes,"February 07, 2025",N
CT-001292,10577,Katie Brown,katie.brown@hall.com,(951) 290-0541,Primary,N,22-Aug-2025,N
CT-001070,10481,Andrea Melton,andrea.melton@griffin-hampton.com,(216) 773-0834,CEO,N,02/24/22,N
CT-000791,10359, John  Holland ,john.holland@mayo.com,8908564800,Ops Manager,yes,28-Jun-2026,N
CT-001837,10821,"BERRY, MELISSA",melissa.berry@ruiz.com,(464) 657-2150,Billing,FALSE,"November 25, 2021",N
CT-001377,10618,James Mitchell,james.mitchell@foley-stephens.com,876.970.1012,Primary,N,06/04/2020,N
CT-000788,10356,Timothy Davis,timothy.davis@foster.com,(798) 588-5784,,no,07/03/26,N
CT-001235,10551,Derrick Ramirez,derrick.ramirez@brown.com,(719) 623-3813,,no,2024-06-19,N
CT-000369,10163,Anna Myers,anna.myers@davis.com,921.596.1765,Primary,FALSE,04-Jul-2023,Y
CT-000893,10403,Jessica Reynolds,jessica.reynolds@silva-smith.com,(446) 871-3399,Billing,yes,10/15/25,Y
CT-002213,10999,Dr. Carol R. Howell,CAROL.HOWELL@BAILEY.COM,277.651.1401,,Y,2022/02/01,N
CT-001844,10823,Barbara Gibson,barbara.gibson@williams.com,6296644975,CTO,FALSE,"May 01, 2026",N
CT-001672,10753,"RUSSELL, EVELYN",evelyn.russell@palmer.com,868-9166,Billing,no,"May 13, 2020",N
CT-002225,10952,Ryan Duran,RYAN.DURAN@TODD.COM,(662) 245-8087,CTO,yes,2025/11/15,N
CT-001724,10778,Julie Fuentes,julie.fuentes@reyes.com,7955878903,Billing,TRUE,"October 14, 2024",N
CT-001746,10788,Timothy Ramos,timothy.ramos@williams-davies.com,583-453-5770,Ops Manager,1,07/03/2021,N
CT-000826,10377,Joshua Andrade,joshua.andrade@johnson.com,(626) 659-2976,Billing,TRUE,12/12/2017,N
CT-000238,10104,Scott Gomez,scott.gomez@jones.com,(802) 818-5571,Technical,FALSE,09/02/2022,N
CT-000320,10141,"HERNANDEZ, CRISTINA",cristina.hernandez@nelson.com,(639) 789-5395,Purchasing,N,2021/03/10,N
CT-002179,10984,Anna Park,anna.park@cole.com,912-655-1593,,FALSE,,Y
CT-000934,10419,Jennifer Zuniga,jennifer.zuniga at howard-lopez.com,660.686.2238,Billing,no,2025-06-17,N
CT-000739,10335, Ashley  Morris ,ashley.morris@quinn-wilson.com,+1 814 575 2222,,N,"June 13, 2020",
CT-000059,10026,"ROBERTSON, MOLLY",MOLLY.ROBERTSON@BAKER-BOWERS.COM,(293) 408-6004,Owner,N,,N
CT-001127,10504,Diana Hall,diana.hall@lane.com,2799172893,IT,Y,08/31/2024,N
CT-000429,10188,Andrew Williams,andrew.williams@moore.com,308-583-1386,Technical,FALSE,"August 21, 2022",N
CT-000261,10114,Bobby West,bobby.west@byrd-le.com,+1 810 966 7394,CTO,yes,2026/03/27,N
CT-001719,10775,Jamie Hernandez,jamie.hernandez@brown.com,976-467-1728,IT,1,2024-12-20,Y
CT-001015,10454,Mr. Amber F. Johnson,AMBER.JOHNSON@VAUGHN.COM,965.556.2679,Ops Manager,N,05/10/25,Y
CT-001630,10737,"LEWIS, RANDY",RANDY.LEWIS@VELAZQUEZ-MACK.COM,741.266.5069,,Y,"September 07, 2020",N
CT-001542,10696,Stephanie White,stephanie.white@ellis.com,6417139407,AP,1,,N
CT-001952,10875,Kathryn Baker,kathryn.baker@higgins.com,+1 622 793 6922,CEO,,2022/05/29,N
CT-000440,10193,Charles Cook,charles.cook@reed.com,538.896.7725,Ops Manager,Y,2024/06/28,N
CT-000962,10432,Ms. Stephen P. Smith,STEPHEN.SMITH@PRUITT-WEBB.COM,483-778-4013,CEO,Y,,N
CT-001299,10580,John Smith,john.smith@kane.com,(240) 517-0504,,1,2019/09/04,N
CT-002206,10996,Patrick Mccullough,patrick.mccullough@castillo.com,720-229-4335,IT,N,"January 07, 2023",N
CT-002267,10354,David Flores,DAVID.FLORES@PACE.COM,287-857-8949,Ops Manager,yes,11/15/25,N
CT-000016,10008,"GOODWIN, JESSICA",jessica.goodwin@robinson.com,848-901-5134,CTO,no,2022-03-18,N
CT-001608,10724,Chelsea Murray,chelsea.murray@fletcher.com,+1 906 424 9419,billing contact,,04/16/26,N
CT-000996,10447,Erika Perez,erika.perez@thompson.com,216-360-8328,IT,Y,"February 14, 2025",N
CT-001896,10850,"CARTER, JODI",jodi.carter@hernandez-henderson.com,285.673.5969,Billing,N,31-Oct-2025,N
CT-002211,10998,"LOWERY, JEREMY",jeremy.lowery@jones.com,+1 387 573 9589,CTO,N,17-Aug-2024,N
CT-001843,10823,"WHITE, MARK",mark.white@williams.com,2562807797,Owner,N,2026/06/30,N
CT-000062,10028,Marco Schultz,marco.schultz@shaw-farrell.com,+1 294 760 0672,,Y,21-Aug-2025,N
CT-000783,10354,Melissa Woodard,MELISSA.WOODARD@PACE.COM,489-738-5062,Billing,,01/08/2026,N
CT-000804,71055,James Ross,james.ross@guzman.com,749-494-1240,Technical,N,2022-08-25,N
CT-002259,10339,"Snyder, Brandon",brandon.snyder@moon-flores.com,238-655-6055,billing contact,0,2026-03-10,N
CT-000556,10246,Jennifer Murray,jennifer.murray@moore-lopez.com,490-268-7616,billing contact,0,03/18/2026,N
CT-001819,78393,Michael Mejia,michael.mejia@watkins.com,7007905722,Billing,N,"November 20, 2024",N
CT-000765,10346,Trevor Davidson,trevor.davidson@haynes-watson.com,(661) 240-8356,,N,2026-02-02,N
CT-001721,10777,David Gonzalez,david.gonzalez@wagner-daniels.com,(704) 350-4367,CEO,yes,28-Jul-2020,N
CT-000269,10117,Mr. Marie F. Rosales,marie.rosales@coffey-phillips.com,(305) 935-9990,Billing,0,06/26/24,N
CT-000512,10229, Roger  Nelson ,roger.nelson@hayden.com,323-272-2641,Primary,Y,2022/02/08,N
CT-001465,10661,Dr. Justin N. Ramirez,justin.ramirez,6756468489,Purchasing,yes,,
CT-000980,10442,Mr. Jessica B. Hall,jessica.hall@walker.com,5267526179,Main,,2020-06-24,N
CT-002010,10904,Christopher Dennis,christopher.dennis@richards.com,(932) 317-0753,Billing,TRUE,2025/07/23,N
CT-001467,10661,Mr. Mary N. Nelson,mary.nelson at smith.com,+1 535 459 4938,IT,N,11/21/2023,N
CT-001215,10542,Joshua Hobbs,joshua.hobbs,445.906.1049,,N,2020/10/15,N
CT-000833,10379,Aaron Lopez,AARON.LOPEZ@HERNANDEZ-WARD.COM,+1 864 491 0272,Main,N,2019-05-13,N
CT-000960,10431, Rebecca  Kelly ,rebecca.kelly@banks-robles.com,675-409-9156,Billing,1,03/08/24,N
CT-002186,10988, Marc  Webb ,marc.webb@perez.com,+1 482 238 2060,IT,Y,03/24/2024,N
CT-002157,10972,Kelsey Romero,kelsey.romero@marshall.com,+1 680 826 4897,Billing,Y,07-Nov-2024,N
CT-001418,10637,Dr. Mark M. Bartlett,mark.bartlett@,737-860-2917,Billing,N,,N
CT-000458,77930,Marcus Anderson,marcus.anderson@davidson.com,(576) 326-3618,Billing,,06/05/2023,N
CT-000755,10341,Steven Anderson,steven.anderson@miller-bryant.com,(372) 648-0567,Primary,no,03/15/26,
CT-002148,10966,Mark Torres,mark.torres@myers-colon.com,(378) 437-2427,Primary,,09-Feb-2026,N
CT-000516,10231,Dr. Daniel G. Lewis,daniel.lewis@wong-higgins.com,419-941-3357,Billing,yes,,N
CT-000093,10043,Julia Hardy,julia.hardy@rasmussen.com,985-642-8798,Technical,FALSE,"October 27, 2023",N
CT-001578,10712,Stephen Williamson,stephen.williamson@taylor-cortez.com,694.857.1673,CTO,FALSE,06-Apr-2025,Y
CT-002094,10942,Sara Young,sara.young@clark-miller.com,530-5052,AP,Y,06/30/25,N
CT-001401,10630,Michael Roberson,MICHAEL.ROBERSON@JENNINGS.COM,258-705-9949,,1,07/31/19,Y
CT-002274,10585,Cody Chapman,CODY.CHAPMAN@ALLEN.COM,934-981-9240,Billing,0,04/08/2026,N
CT-001298,10579,Robert Tran,robert.tran@stokes.com,+1 308 577 0042,,no,03-Jan-2024,N
CT-001349,10603,David Smith,david.smith@lopez.com,(624) 997-2758,Main,FALSE,2025/01/10,N
CT-002147,10966,Tracie Smith,tracie.smith@myers-colon.com,841-743-1528,Ops Manager,Y,2026-01-16,N
CT-000652,10296,William Adams,william.adams@cole.com,963-764-4758,Purchasing,,01/26/22,N
CT-001827,10817,Lauren Decker,lauren.decker@lee.com,482.382.5072,Billing,TRUE,2025-03-22,N
CT-000745,10338,Audrey Lucas,audrey.lucas@white.com,(989) 800-1927,Technical,0,"February 18, 2025",N
CT-001886,10845,"PEREZ, DENISE",denise.perez@peterson-hull.com,899-245-1893,Ops Manager,Y,2024-03-12,N
CT-001184,10529,Jennifer Harrison,jennifer.harrison@marsh.com,559-528-9094,AP,FALSE,2025/12/20,Y
CT-001571,10710,Sean Evans,sean.evans@hall-rodriguez.com,(368) 696-8302,billing contact,yes,"February 07, 2025",N
CT-002007,10903,Gary Mckinney,gary.mckinney@smith.com,(890) 947-8553,CEO,N,2025/05/01,N
CT-001365,10611,Dr. Mark R. Francis,mark.francis@murray-henderson.com,(822) 306-6850,billing contact,FALSE,07-Aug-2023,N
CT-000664,10301,Sarah Patterson,SARAH.PATTERSON@PETERS.COM,798-488-0879,Primary,N,03/30/2023,N
CT-000066,10031,"BAUER, JOCELYN",jocelyn.bauer@hickman-walls.com,806-300-2316,IT,Y,12/20/2023,Y
CT-001397,10627,Ronald Ruiz,ronald.ruiz@morton-stephenson.com,442-770-5934,Ops Manager,N,2019-11-14,N
CT-001564,10707,Steven Williams,steven.williams@jimenez-moore.com,,,N,2025-11-29,N
CT-001583,10714,Chelsea Cummings,chelsea.cummings@moore.com,+1 345 368 6853,CEO,,2020-02-28,
CT-001752,10789,Dawn Chapman,dawn.chapman@vargas.com,791-801-6046,Billing,N,2024/04/10,N
CT-000774,10350,Dr. Adam S. Watts,adam.watts@baker-wilson.com,(297) 390-6770,AP,,26-Aug-2017,N
CT-000900,10406,Glen Graham,glen.graham@guerrero-becker.com,(728) 697-5801,Billing,1,2021-03-19,N
CT-000097,10045,Kelly Rodriguez,kelly.rodriguez@hartman.com,553-697-9794,Technical,Y,2025/04/11,N
CT-001538,10694,Christopher Cruz,christopher.cruz@price-sparks.com,937.608.8552,Technical,N,2025/08/17,N
CT-001533,10692,Michael Mason,michael.mason at ponce.com,,Ops Manager,N,13-Sep-2024,N
CT-001909,10855,"FARMER, AMBER",amber.farmer@wilson-dean.com,+1 266 699 1178,Main,no,2020-08-20,N
CT-001550,10699,Desiree Santiago,desiree.santiago@walker.com,273-358-0614,,0,"August 17, 2023",N
CT-000395,10171,Jennifer Watts,jennifer.watts@velasquez.com,+1 369 692 9102,Ops Manager,N,03/23/2026,N
CT-000592,10267,Johnny Thompson,johnny.thompson@chung-stevens.com,+1 495 385 1380,Billing,no,08/22/2023,Y
CT-000427,,John Stephens,JOHN.STEPHENS@MOORE.COM,+1 745 343 0638,Owner,yes,2022-11-18,N
CT-000334,10147,Mr. Marc J. Mitchell,marc.mitchell@thompson-james.com,483-291-9798,Technical,0,2024/08/31,N
CT-001877,10839,Michael Cowan,michael.cowan@lopez.com,(511) 922-7778,billing contact,N,"January 07, 2023",N
CT-000932,10419,Ms. Patty M. Bowman,patty.bowman@howard-lopez.com,968.260.6020,Primary,Y,"July 01, 2025",N
CT-000551,10244,Ms. Laura N. Jacobson,laura.jacobson@anderson.com,,Primary,1,,N
CT-001938,10868,Dr. Alexis J. Walters,alexis.walters@mullins.com,884.870.9331,Purchasing,N,2021/08/03,N
CT-001768,10794,"CARSON, GLORIA",GLORIA.CARSON@FLORES-GREER.COM,(620) 453-9096,CTO,N,24-Mar-2023,N
CT-001085,10488,"BROWN, TAMMY",tammy.brown@hughes-hardin.com,444-638-3937,Ops Manager,FALSE,2026-03-08,Y
CT-002028,10914,Daniel Massey,DANIEL.MASSEY@ANDERSON.COM,+1 313 542 6264,Technical,N,2024/10/24,N
CT-000082,10037, Victoria  Johnson ,victoria.johnson@landry.com,361-638-7270,Billing,Y,"December 10, 2021",N
CT-000162,10075,Jeffrey Matthews,JEFFREY.MATTHEWS@WEST-SMITH.COM,(641) 323-6725,,,11/08/24,N
CT-001123,10502,Scott Scott,scott.scott@chapman-figueroa.com,(937) 680-5869,billing contact,,"February 25, 2024",N
CT-001211,10541,Patrick Todd,patrick.todd@donovan.com,881-430-3587,,Y,"August 08, 2024",N
CT-000279,10124,Kenneth Rodriguez,kenneth.rodriguez@johnson-wood.com,(237) 536-2525,Billing,yes,"May 12, 2021",N
CT-001422,10638,Raymond Forbes,raymond.forbes@short.com,716-696-9858,CTO,FALSE,"December 15, 2025",N
CT-000469,10206,Lisa Robinson,lisa.robinson@li.com,394-453-1206,AP,FALSE,2025/10/27,Y
CT-001285,10575,Nancy Herrera,NANCY.HERRERA@EVANS.COM,(617) 325-6613,Ops Manager,Y,2022-08-04,N
CT-001353,10606,Dr. Tyler P. Sims,tyler.sims@clements-walker.com,727-405-3186,AP,Y,03/24/26,N
CT-000854,10387,Stephen Carey,stephen.carey@miller-vega.com,(297) 568-7941,Purchasing,N,2026-02-11,Y
CT-000899,10405,Samantha Harper,samantha.harper@farley.com,(328) 997-8375,Technical,,03/19/2025,N
CT-001305,10582, Arthur  Brady ,arthur.brady@dennis.com,(508) 810-8117,Primary,no,04-Mar-2022,N
CT-001863,10832,Mr. Frank A. Ritter,FRANK.RITTER@HOOD.COM,452.390.0762,Billing,FALSE,2025-12-29,N
CT-000792,10360,Melissa Neal,melissa.neal@johnson.com,(961) 539-1047,AP,TRUE,07/27/2021,N
CT-001307,10583,Richard Cardenas,richard.cardenas@rogers.com,652.903.0435,Owner,no,"February 20, 2025",N
CT-000697,10315,Cynthia Hayes,cynthia.hayes@adams-clayton.com,9727863800,CEO,FALSE,,N
CT-000039,10018,Kathleen Smith,kathleen.smith@campos.com,718.632.0327,Primary,Y,03/16/26,N
CT-002158,10973,Lisa Wallace,lisa.wallace@jackson.com,,Technical,yes,2024-10-31,N
CT-002120,10953,Mr. Jesse R. Lindsey,jesse.lindsey@wells.com,(247) 283-5371,IT,N,2026-01-09,N
CT-001012,10452,Ashley Martinez,ashley.martinez@mckinney.com,(570) 845-0828,Purchasing,N,09/04/2022,N
CT-001849,10826,Alan Morris,alan.morris@doyle-henry.com,(606) 415-9469,Billing,yes,2022/03/06,N
CT-002112,10950,"GOMEZ, BRYCE",bryce.gomez@,472-670-9419,Billing,Y,08/11/2025,Y
CT-001834,10820,Charles Davis,charles.davis@sanders.com,(431) 512-4244,Billing,Y,2026-05-22,N
CT-000971,10436,"JONES, SANDRA",sandra.jones@cruz.com,(979) 320-6031,Technical,N,14-Aug-2025,N
CT-000168,10077,Mark Reeves,mark.reeves@stewart.com,944-0471,AP,N,"April 07, 2025",N
CT-000296,10132,Dr. Anthony J. Wade,anthony.wade@simmons-rodriguez.com,876-368-5793,Primary,Y,09-Oct-2017,N
CT-001705,10768,Michele Scott,michele.scott@snyder-cruz.com,638.999.2694,billing contact,Y,10-Feb-2020,N
CT-001899,10851,April Hernandez,april.hernandez@heath.com,958-502-1394,Owner,1,2018-01-10,N
CT-000587,10263,Kim Brown,kim.brown@kirby.com,(779) 822-7628,CTO,FALSE,,N
CT-000823,10375,"WILSON, DANIEL",daniel.wilson@perez.com,596-443-0257,Primary,FALSE,2023/08/31,N
CT-002017,10909,Rebecca Bowman,rebecca.bowman@wallace.com,755-960-8184,Ops Manager,0,20-Jun-2024,N
CT-000184,10084, Kenneth  Burch ,kenneth.burch@garcia.com,802-884-0036,Main,,"September 12, 2024",N
CT-000295,10131,Robert Rivera,robert.rivera@williams.com,2943724661,CTO,,02/05/2023,
CT-001177,10527,Laura Peterson,laura.peterson@cooper.com,530.329.6815,Technical,yes,07/29/2025,N
CT-001455,10653,"WHITE, SAMANTHA",samantha.white@nguyen-davis.com,(260) 948-4968,Technical,N,"December 13, 2023",N
CT-000949,10425,Mr. William E. Lyons,william.lyons@warner-phillips.com,(220) 742-8827,Primary,FALSE,,N
CT-001143,10512,"MERRITT, THERESA",theresa.merritt@mitchell.com,362.885.5232,Primary,yes,11/22/2023,N
CT-000321,10141,David Morales,david.morales@nelson.com,315.624.1095,Main,N,04/01/21,N
CT-000778,10352,Dr. Hailey F. Conner,HAILEY.CONNER@JOHNSON.COM,666.709.1321,Billing,,2025-10-10,N
CT-001760,10791,Erica Gordon,erica.gordon@hines.com,392-343-8359,Primary,no,,
CT-001336,10596, Mary  Hodges ,mary.hodges@hill.com,789-841-9080,Main,N,20-Jul-2022,N
CT-001511,10684,Laura Thomas,laura.thomas@schwartz-contreras.com,(281) 433-5045,Primary,Y,08/18/25,N
CT-002077,10934,Mario Walker,mario.walker@aguirre-bennett.com,(902) 228-2283,,,"January 15, 2020",N
CT-000733,10332,Lisa Jordan,lisa.jordan@becker.com,3217702052,Technical,FALSE,2022-06-10,N
CT-000656,10298,Regina Johnson,regina.johnson at church.com,(410) 469-6678,Technical,N,2025/09/10,N
CT-000679,70579,Tonya Walters,tonya.walters@rowe.com,+1 409 218 3571,Primary,N,20-Apr-2026,N
CT-001824,10815,Cassandra Cantu,cassandra.cantu@christian.com,284.227.2712,Purchasing,N,2022-12-13,N
CT-001876,10839,Shelia Yang,shelia.yang@lopez.com,688-8828,Purchasing,Y,03/28/23,Y
CT-002219,10868,Ms. Laura G. Petty,LAURA.PETTY@MULLINS.COM,483.429.1430,,yes,,N
CT-001263,10565,Elizabeth Henry,elizabeth.henry@conley.com,(661) 481-5771,IT,Y,10/06/2023,N
CT-000438,10192, Vicki  Walker ,vicki.walker@farrell.com,497.561.5826,Primary,0,03/31/2024,
CT-001223,10546,Andrea Romero,ANDREA.ROMERO@BREWER.COM,+1 713 533 2893,AP,N,09/05/2020,N
CT-001726,10779,"COX, JUDITH",judith.cox@dyer-martin.com,(703) 644-7903,Owner,N,2026-03-13,N
CT-001932,10866,Joseph Lam,joseph.lam@fuentes-martinez.com,429-7756,Ops Manager,no,"March 14, 2026",Y
CT-002099,10943,Colin Lowery,colin.lowery@potter.com,407.292.6865,Billing,0,04/29/22,N
CT-000029,,Daniel Bradley,daniel.bradley@rodriguez-graham.com,560.397.8833,Billing,Y,25-Sep-2019,N
CT-000001,10000,Tim Dorsey,tim.dorsey@rodriguez.com,896.556.4875,Technical,Y,2021/01/14,N
CT-000045,10020,Joseph Tucker,joseph.tucker@perez.com,(966) 632-3532,Owner,no,2026/02/12,N
CT-000708,10321,Michael Roach,michael.roach@davis-shaffer.com,4564378903,Billing,1,2023/12/12,N
CT-001777,10797,Elaine Nguyen,elaine.nguyen@hopkins-thompson.com,2202624160,,no,2020/02/20,N
CT-001229,10549,Stacie Simmons,stacie.simmons@campbell.com,(862) 589-5948,CEO,N,01/29/2026,N
CT-000363,10161,Keith Sosa,keith.sosa@,518-9999,IT,no,"October 23, 2021",N
CT-001462,10658, Sherri  Hancock ,sherri.hancock@faulkner.com,(249) 286-0706,Primary,TRUE,2023/02/16,N
CT-001399,10629,John Long,john.long@lewis.com,+1 338 552 4114,CEO,Y,"May 14, 2023",Y
CT-001666,10751,Mr. John F. Thompson,john.thompson@cardenas.com,810-234-2334,Primary,Y,01/24/25,N
CT-000291,10130,Donald Burgess,donald.burgess@reese.com,(784) 579-6026,Primary,1,11/28/23,N
CT-000544,10242,Billy Marquez,billy.marquez@andersen.com,625-943-4301,Purchasing,Y,03-Jan-2022,N
CT-001449,10651,Robert Reid,robert.reid@peterson.com,652-363-4188,Main,Y,03/30/2025,N
CT-001647,10743,Corey Carpenter,corey.carpenter@hughes-smith.com,798-4825,Technical,N,2023-01-16,N
CT-000541,10239,Kayla West,kayla.west@bond-ramos.com,(498) 868-6223,Billing,no,21-Jan-2026,Y
CT-001484,10670,Mr. Crystal G. Alvarez,CRYSTAL.ALVAREZ@MITCHELL.COM,710.507.2201,Ops Manager,yes,2025-08-19,N
CT-001117,10500,Andre Smith,andre.smith@davis.com,9373354445,Primary,Y,2023/06/13,N
CT-000032,10014,James Bird,james.bird@romero.com,+1 894 216 3776,Primary,Y,02/23/2024,N
CT-000355,10157, Patricia  Malone ,patricia.malone@alvarez.com,821-612-8324,AP,yes,,N
CT-000311,10138,Christopher Patterson,christopher.patterson@parrish-griffith.com,955-7857,CTO,N,2022-03-18,N
CT-001360,10609,Anne Martin,anne.martin@meyer.com,+1 571 298 1398,Primary,TRUE,2024-01-20,N
CT-000264,10115,Gregory Richardson,gregory.richardson@kramer-johnson.com,669.508.9809,Purchasing,,2024/10/16,N
CT-000367,10162,William Jones,william.jones@hansen-schneider.com,250-858-1039,,N,11/17/25,N
CT-000549,10243,"MIRANDA, ALEXIS",alexis.miranda@stuart.com,+1 855 667 3170,Billing,N,"July 08, 2022",N
CT-001925,10863,Donna Paul,donna.paul@mccarthy.com,832.272.9924,Technical,FALSE,2020-05-04,N
CT-001663,10750,Calvin Johnson,calvin.johnson@snyder-arellano.com,527-995-4861,CEO,no,02/13/2022,N
CT-001430,10642,Mike Salazar,mike.salazar@bell.com,(351) 874-0902,CTO,,02/26/25,N
CT-000550,10243,"DILLON, KYLE",kyle.dillon,+1 202 701 7225,Billing,N,03-Sep-2022,
CT-000944,10424,Dr. Jorge C. Salazar,jorge.salazar@williamson.com,523-3971,Owner,TRUE,05/09/25,N
CT-001295,10578,Mary Foster,mary.foster@thompson-petersen.com,720.319.0497,,FALSE,2025/10/05,N
CT-001046,10470,Frances Smith,frances.smith@hughes-mccoy.com,+1 978 860 7974,Primary,yes,01/06/2026,N
CT-001037,10462,"MENDOZA, PAIGE",paige.mendoza@moore.com,(970) 697-7757,Primary,N,2019/07/10,N
CT-001136,10508,Daniel Hunter,daniel.hunter@garcia.com,(342) 885-4266,Primary,yes,2026/06/21,N
CT-001097,10492,Christy Glenn,christy.glenn@lopez.com,+1 632 804 8463,CTO,yes,2026/06/30,N
CT-002084,10937,Kenneth Oconnell,kenneth.oconnell@lozano-smith.com,(392) 363-2970,billing contact,,22-Oct-2022,Y
CT-000014,10007,Vincent Ferguson,vincent.ferguson@wong.com,6118670875,Technical,Y,04/22/26,N
CT-001881,10841, Sierra  Smith ,sierra.smith@sutton.com,365-444-7943,Owner,N,06/07/2018,N
CT-001167,10522,"WALLACE, HEATHER",heather.wallace@kelly.com,(344) 600-8655,Primary,Y,05/03/26,N
CT-000181,10083,Denise Miller,denise.miller@hayes-ramos.com,819.980.4072,Primary,N,2022/12/12,N
CT-000454,10199, Sean  Robles ,sean.robles@jacobson.com,761-527-0813,CEO,N,02/06/2025,N
CT-000461,10201,Teresa Guzman,teresa.guzman@bryan.com,2082075836,Purchasing,N,"December 20, 2025",N
CT-000226,10100,"WALTON, LOUIS",louis.walton@burns.com,425-6028,Primary,no,10/06/25,N
CT-001937,10868,Ms. Laura G. Petty,laura.petty@mullins.com,483.429.1430,,yes,,N
CT-002223,10031,Michael Crosby,MICHAEL.CROSBY@,,Primary,N,04/14/24,N
CT-002263,10669,Sandra Holmes,sandra.holmes@glover.com,+1 473 390 7075,CTO,no,2022/02/04,N
CT-000298,10133,Tonya Wilson,tonya.wilson@hill.com,6439082881,Main,no,04/02/2024,N
CT-002207,10997,Darren Roberts,darren.roberts@henry-frost.com,654-6131,Ops Manager,yes,2019-09-19,N
CT-002172,10981,Travis Bauer,travis.bauer@turner-george.com,+1 255 617 7134,,N,2021-11-30,N
CT-000276,10121,"STAFFORD, SAVANNAH",savannah.stafford@reid.com,5616283081,Purchasing,no,01/06/2026,N
CT-001674,71103,Paul Logan,paul.logan@marsh.com,3847097970,,,05/03/24,N
CT-001821,10814, Manuel  Perez ,manuel.perez@walker.com,+1 871 790 3046,,yes,2026/03/30,N
CT-001024,10458,Brandi Giles,brandi.giles@rodgers.com,476-321-1959,Purchasing,Y,2020/02/07,N
CT-002080,10935,Anthony Walker,anthony.walker@wilson.com,(241) 982-3183,Billing,N,03/14/26,Y
CT-000313,10138,Jacob Campbell,jacob.campbell@parrish-griffith.com,271-274-6784,Billing,N,01/02/2022,N
CT-000308,10137,Maria Jordan,maria.jordan@watson.com,450.679.5489,Billing,0,"September 08, 2023",N
CT-000054,10024,Mary Buckley,MARY.BUCKLEY@RAMOS.COM,859-982-6690,Owner,N,"December 06, 2019",N
CT-001729,10780,Joseph Nixon,joseph.nixon@keller-jennings.com,,,FALSE,"August 13, 2025",N
CT-000613,10277,Laura Craig,laura.craig@lopez.com,388.837.5696,,Y,2024/08/19,N
CT-000130,10059,Michael Myers,michael.myers@shah.com,(869) 371-4709,AP,no,2026-05-28,N
CT-001352,10605,Daniel Mcclure,daniel.mcclure@christian.com,600-288-8027,Owner,Y,27-Jun-2024,N
CT-001582,10714,Mark Johnson,mark.johnson@moore.com,(371) 411-8130,Main,FALSE,05/21/2020,N
CT-001269,10568,"COLEMAN, JOHN",JOHN.COLEMAN@BAUER-BROWN.COM,+1 820 928 6626,,no,01/26/2025,N
CT-000470,10207,"WARD, CHRISTOPHER",christopher.ward@jimenez-davis.com,564.352.5473,,Y,2023/09/01,N
CT-001943,10871,Tara Sullivan,tara.sullivan@hernandez.com,(254) 782-7055,Billing,no,"January 23, 2020",N
CT-001968,10885,"RYAN, AMANDA",amanda.ryan@phelps.com,883-881-5552,Billing,Y,26-Aug-2024,N
CT-000240,10105,Stephanie Meyer,stephanie.meyer@james.com,522.576.5647,,N,,
CT-000958,10430,Austin Santos,austin.santos@davis.com,649-587-1259,Primary,1,02-Jan-2024,N
CT-000691,10312,Chris Kirk,chris.kirk@burton-brooks.com,230.428.3517,Technical,FALSE,"April 29, 2026",N
CT-000254,10110,"SMITH, DAVID",DAVID.SMITH@ALEXANDER.COM,(860) 974-6187,Main,N,,N
CT-001026,10459,Antonio Fisher,antonio.fisher@bennett.com,(721) 716-2508,AP,TRUE,"May 09, 2026",N
CT-001075,10485, Todd  Miller ,todd.miller@davis.com,263-591-4667,Ops Manager,Y,2024/07/11,N
CT-002058,10926,Richard Howell,richard.howell@holmes-matthews.com,(931) 693-9042,Ops Manager,yes,31-Dec-2022,N
CT-002247,10494,Rodney Ball,rodney.ball@berry.com,825-483-5557,Primary,no,"December 06, 2025",N
CT-001348,10603,Ronald Jones,ronald.jones@lopez.com,(576) 469-4812,Ops Manager,Y,2024/10/01,N
CT-001266,10567,Jeffery Mccarty,jeffery.mccarty@rios.com,364-314-6987,Ops Manager,Y,2022/12/28,Y
CT-001897,10850,Christina Morrow,christina.morrow@hernandez-henderson.com,419-759-2582,Ops Manager,FALSE,02/15/26,N
CT-000021,10010,Ms. Kaitlin G. Hale,kaitlin.hale@ryan.com,6494781142,Owner,yes,2022-04-16,N
CT-000892,10402,Ms. Jennifer S. Thomas,jennifer.thomas@day.com,387-700-3454,Primary,no,05/10/26,Y
CT-001045,70509,Cathy Gray,cathy.gray@miller.com,388-8841,Technical,yes,11/05/23,N
CT-001052,10473,Michael Cooper,michael.cooper@robles-atkinson.com,(494) 467-4456,Purchasing,,11/17/2025,N
CT-001036,10462,Jodi Noble,jodi.noble@moore.com,386.571.1233,Billing,N,,N
CT-001000,10448,Susan Davis,susan.davis@moon.com,+1 503 305 9222,Primary,N,2025-02-03,Y
CT-000740,10336,Jesse Jones,jesse.jones@burton.com,817-700-4990,Primary,Y,08/22/24,N
CT-000425,10187,Patricia Ochoa,patricia.ochoa@hill-whitney.com,813-874-6589,AP,Y,05/19/2020,N
CT-001354,10606,Mr. Alicia N. Taylor,alicia.taylor@clements-walker.com,(544) 444-0833,billing contact,N,2026-05-18,N
CT-001757,10790,Timothy Campbell,timothy.campbell@colon.com,(372) 522-1423,Purchasing,N,"December 24, 2025",N
CT-002014,10907, Ryan  Brown ,ryan.brown@murphy.com,(944) 396-1627,billing contact,TRUE,,N
CT-001536,10693, Jerry  Porter ,JERRY.PORTER@MCCLURE.COM,(769) 355-8229,,N,20-Dec-2017,N
CT-000331,10146,Ms. Jennifer M. Wright,jennifer.wright@brown.com,9879340019,billing contact,no,01/01/18,N
CT-000882,10398,"TUCKER, FRANCISCO",francisco.tucker@maldonado.com,481.309.5287,,no,2025/07/27,N
CT-000212,10095,Joseph Schmidt,joseph.schmidt@pennington.com,+1 667 212 3578,Main,Y,05/03/18,N
CT-001799,10806,Shelly Watkins,shelly.watkins@pennington-hardin.com,665-883-4949,Technical,Y,"June 15, 2022",N
CT-001122,10501,Andrea Ashley,andrea.ashley@reynolds.com,+1 327 458 6255,AP,no,2025-01-11,N
CT-002092,10940,Michael Solis,michael.solis@stewart-jordan.com,684-383-8669,Technical,no,05/05/20,Y
CT-001662,10750,James Anderson,james.anderson@snyder-arellano.com,687.745.7167,billing contact,TRUE,07/28/2022,N
CT-001332,10594,Ann Clark,ANN.CLARK@GONZALEZ.COM,+1 517 751 6508,Ops Manager,Y,2019-07-18,N
CT-001100,10493,Angela Farley,angela.farley@olson.com,636-919-1150,AP,yes,2025/01/01,
CT-001677,10755,Catherine Hays,catherine.hays@watson-washington.com,523-310-4152,Primary,0,2025/02/11,Y
CT-000111,10051,Jeffery Frazier,jeffery.frazier@chambers.com,(599) 211-3204,Technical,N,2024/10/03,N
CT-001671,10753,Chad Goodman,chad.goodman@palmer.com,493-647-5644,Owner,yes,13-Apr-2020,N
CT-001327,10592, Becky  Johnson ,becky.johnson@guerrero-alvarado.com,(442) 864-2265,Technical,FALSE,2019-04-25,N
CT-002051,10923,Ms. Joy P. Mullins,joy.mullins@brown.com,(473) 733-1175,,no,2024/08/24,N
CT-001680,10756,Lisa Clayton,LISA.CLAYTON@POPE.COM,347.284.4555,Billing,0,17-Jun-2024,N
CT-000839,10382,Dr. Suzanne K. Wade,suzanne.wade@baker.com,533-4278,Primary,Y,2021-06-04,N
CT-002199,70881,Melinda Hicks,melinda.hicks@nelson.com,5136717615,Primary,0,04-Aug-2024,N
CT-000983,10443,Jesse Ingram,jesse.ingram@vasquez.com,(441) 846-7202,Billing,1,2021-11-21,N
CT-001933,10867,"BROOKS, MARK",mark.brooks@peterson-wagner.com,470-997-7340,Main,TRUE,10/18/2025,Y
CT-000715,10324,Ryan Potts,ryan.potts@lawrence.com,485.265.8833,Primary,no,07/25/2023,Y
CT-001344,10601,Susan Young,susan.young@fry.com,908.856.7719,Technical,Y,"October 02, 2021",Y
CT-000898,10405,"OROZCO, REBECCA",rebecca.orozco@farley.com,521-515-0510,Technical,Y,02/13/2025,N
CT-002210,10998,"PRICE, GREGORY",gregory.price@jones.com,(984) 571-9754,,N,"September 13, 2024",
CT-001516,10686,Michaela Kim,michaela.kim@long.com,512.558.8201,Ops Manager,yes,2018/12/25,N
CT-001576,10712,Duane Snyder,duane.snyder@taylor-cortez.com,534-417-4021,,1,03-Nov-2024,N
CT-000546,10242,Wendy Lawson,wendy.lawson@andersen.com,604-881-2119,Billing,N,03/30/22,Y
CT-001700,10765,Kristopher Baldwin,kristopher.baldwin@glass.com,3039871995,billing contact,yes,,N
CT-000567,10252,Ms. Natalie R. Esparza,NATALIE.ESPARZA@BENNETT-WEBSTER.COM,4795861627,Ops Manager,0,2026-05-14,N
CT-000426,10187,Kyle Mendoza,kyle.mendoza@,+1 562 481 0985,Owner,,2020-03-27,N
CT-001203,10537,Brittany Craig,brittany.craig@martinez.com,297-855-2794,Billing,no,,N
CT-000324,10142,"LIN, JAMES",james.lin@thomas.com,841-922-4017,Primary,,"July 15, 2020",N
CT-001068,10481,Michele Wallace,michele.wallace@griffin-hampton.com,3692102329,CTO,yes,2021/10/28,Y
CT-001017,10454,"MYERS, MARIA",MARIA.MYERS@VAUGHN.COM,+1 789 933 2311,Main,FALSE,2025/07/19,N
CT-000274,10119,Sarah Haley,sarah.haley@smith-herrera.com,322-271-5900,Purchasing,TRUE,03/31/2022,N
CT-000329,10145,Brett Rodriguez,brett.rodriguez@jordan-campbell.com,324-847-2408,billing contact,0,01/11/24,N
CT-001190,10531,David Terry,david.terry@lewis.com,,Primary,FALSE,10/26/22,N
CT-000636,10287,Sharon Bullock,sharon.bullock@mccormick-jones.com,,Primary,N,2019-06-04,N
CT-000641,10290,"GARDNER, CINDY",cindy.gardner@sheppard-jordan.com,(657) 516-9947,Purchasing,Y,"February 16, 2026",N
CT-001468,10662,"KRAUSE, JAMES",james.krause@english-dominguez.com,738.251.5428,,TRUE,2024-05-17,
CT-001438,10644,Joan Cook,joan.cook@white-carlson.com,(303) 816-4428,Billing,TRUE,04/21/2025,N
CT-000448,10196,Joseph Porter,joseph.porter@fox-hammond.com,475-984-9652,Primary,N,2021-08-14,N
CT-001775,10797,James Foster,james.foster@hopkins-thompson.com,261-282-9801,CEO,TRUE,"December 01, 2019",N
CT-001192,10533,Matthew Summers,MATTHEW.SUMMERS@BANKS.COM,(908) 627-4093,Technical,yes,"December 30, 2022",Y
CT-000600,10270,James Mcmahon,james.mcmahon@clay.com,295-949-4351,Technical,FALSE,05/28/25,N
CT-000779,10353,Noah Hale,noah.hale@martinez.com,858.488.4042,Billing,Y,04/27/26,N
CT-001862,10832,Dominique Harris,dominique.harris@hood.com,6303338314,CTO,N,"May 30, 2026",N
CT-000415,10182,Dr. Cory S. Cruz,cory.cruz@mahoney-robertson.com,(255) 925-9430,Purchasing,Y,02/23/2026,N
CT-000923,10415,"NELSON, CHRISTOPHER",christopher.nelson@anderson.com,965-762-4408,Ops Manager,N,2025/10/06,N
CT-001316,10586,Ronald Paul,ronald.paul@diaz-lee.com,452-391-3627,CEO,no,"October 21, 2024",N
CT-000786,10356,"HENRY, TIMOTHY",timothy.henry@foster.com,270-732-9330,Main,Y,2026-04-16,N
CT-002115,10951,Anthony Harper,anthony.harper@singh.com,+1 808 495 0195,Billing,N,2019-01-04,N
CT-000828,10377,Philip Robinson,philip.robinson@johnson.com,(742) 580-8694,Primary,N,12/11/2017,
CT-001120,10501,Ricky Riley,ricky.riley@reynolds.com,753-909-3921,Billing,no,"January 14, 2025",Y
CT-000084,10038,Patrick Ramirez,patrick.ramirez@williams.com,+1 397 238 1406,Primary,Y,04/16/2023,N
CT-001861,10832, Monica  Hebert ,monica.hebert@hood.com,932-768-1829,Technical,Y,,
CT-000167,10077,Kenneth Martinez,kenneth.martinez at stewart.com,9326992565,Ops Manager,TRUE,07/15/25,N
CT-001149,10514,Lawrence Baldwin,lawrence.baldwin@smith.com,(587) 928-4387,Billing,Y,09/01/2020,N
CT-001204,10538,"FLORES, SHAWN",shawn.flores@davis.com,984-961-4287,Ops Manager,TRUE,08/27/24,N
CT-000399,10175,Ms. Mark M. Harris,mark.harris@young-martinez.com,(307) 413-6719,Owner,yes,2022/01/09,N
CT-000091,10042, Sandra  Brown ,sandra.brown@bailey-hoover.com,(905) 483-4897,Primary,no,04/02/23,N
CT-001129,10504,William Alexander,WILLIAM.ALEXANDER@LANE.COM,479.325.5132,Primary,N,08/09/2024,N
CT-002260,10479,Jamie Thornton,jamie.thornton@hopkins.com,6169610259,Billing,N,2021/05/09,
CT-000730,10331,Cassandra Wiley,cassandra.wiley@miller-miller.com,+1 457 814 6511,Ops Manager,TRUE,23-Sep-2023,N
CT-000939,10421, Dale  Johnson ,dale.johnson@scott.com,(567) 525-0490,AP,Y,2024-10-24,Y
CT-002214,10350,Dr. Adam S. Watts,ADAM.WATTS@BAKER-WILSON.COM,(297) 390-6770,AP,,26-Aug-2017,N
CT-000361,10160,"JACKSON, KRYSTAL",krystal.jackson@gregory.com,,Billing,no,01/28/26,N
CT-000392,10170,Jonathan Smith,jonathan.smith@mitchell.com,797-0737,AP,no,02/16/2025,N
CT-001454,10653,Sarah Davis,sarah.davis@nguyen-davis.com,468.528.4307,Main,TRUE,"August 11, 2023",N
CT-000115,10054,Luke Shaw,luke.shaw@grant.com,318-922-9767,Billing,FALSE,19-Feb-2020,N
CT-001187,10530,Gary Jones,gary.jones@holmes.com,+1 730 607 5678,Purchasing,N,03/05/2018,
CT-001720,10776,Dr. Charlotte H. Daniel,charlotte.daniel@wolf.com,(761) 802-0301,Billing,Y,11/19/2024,N
CT-000246,10107,John Davis,john.davis@evans.com,(669) 991-9920,CEO,Y,08/20/24,Y
CT-001407,10632,Heather King,heather.king@huang.com,(207) 909-6385,Owner,0,06-Oct-2022,Y
CT-000218,10097,Tiffany Walker,tiffany.walker@jimenez.com,4798992332,CEO,Y,01/20/2022,N
CT-001754,10790,Victoria King,victoria.king@colon.com,688-368-4616,IT,yes,03/18/2026,N
CT-000041,10019,Elizabeth Mccormick,elizabeth.mccormick@walker.com,683.919.8799,,N,2025-11-19,N
CT-001574,10711,Randy Thompson,randy.thompson@ruiz.com,257-594-2043,CTO,TRUE,2023-09-05,Y
CT-000253,10110,Erica Patel,ERICA.PATEL@ALEXANDER.COM,830.726.8194,,Y,2025/05/01,N
